College_Name,State,Stream,UG_fee,PG_fee,Rating,Academic,Accommodation,Faculty,Infrastructure,Placement,Social_Life
Indian Institute of Technology Madras,Tamil nadu,Engineering,82627.6,23070.0,8.7,9.0,7.9,8.7,8.8,8.8,9.0
"College of Engineering, Anna University",Tamil nadu,Engineering,55000.00000000001,50000.0,8.4,8.7,7.7,8.1,8.7,8.3,8.7
"NIT Trichy, Tiruchirappalli",Tamil nadu,Engineering,164175.0,99250.0,8.5,8.6,7.8,8.2,8.7,8.8,8.7
Vellore Institute of Technology,Tamil nadu,Engineering,217800.00000000003,183000.0,8.3,8.3,8.0,7.8,8.9,8.5,8.5
"SRM Engineering College, Kanchipuram",Tamil nadu,Engineering,286000.0,170000.0,7.2,6.5,6.6,6.9,7.6,7.1,8.3
SSN College of Engineering,Tamil nadu,Engineering,55000.00000000001,50000.0,8.6,8.9,7.6,8.7,9.1,8.3,8.8
"SASTRA University, Thanjavur",Tamil nadu,Engineering,183700.00000000003,157000.0,8.1,8.5,7.0,8.2,8.3,8.7,8.1
P.S.G College of Technology,Tamil nadu,Engineering,95700.00000000001,154000.0,9.0,9.2,8.7,8.9,9.0,9.1,8.8
Thiagarajar College of Engineering,Tamil nadu,Engineering,55000.00000000001,50000.0,8.6,8.9,7.9,8.6,8.6,8.7,8.6
Coimbatore Institute of Technology,Tamil nadu,Engineering,26037.000000000004,132710.0,8.0,8.5,6.8,8.2,7.4,8.4,8.5
Karunya Institute of Technology and Sciences,Tamil nadu,Engineering,234850.00000000003,121500.0,7.9,7.9,7.9,7.9,8.5,7.5,7.4
Kumaraguru College of Technology,Tamil nadu,Engineering,55000.00000000001,50000.0,8.2,8.3,7.6,8.0,8.8,7.9,8.5
"Mepco Schlenk Engineering College, Sivakasi",Tamil nadu,Engineering,147400.0,104150.0,8.1,8.5,8.1,8.3,8.6,7.9,7.0
Government College of Technology,Tamil nadu,Engineering,10098.0,10110.0,8.1,8.4,7.1,8.3,8.0,8.0,8.8
Hindustan Institute of Technology and Science,Tamil nadu,Engineering,252450.00000000003,125500.0,7.6,7.8,6.9,7.8,7.9,6.9,8.0
Sri Krishna College of Engineering and Technology,Tamil nadu,Engineering,55000.00000000001,50000.0,8.1,8.2,7.4,8.2,9.0,8.2,7.7
Kongu Engineering College,Tamil nadu,Engineering,66000.0,65000.0,8.3,8.3,7.7,8.3,8.9,8.3,8.3
Bannari Amman Institute of Technology,Tamil nadu,Engineering,66000.0,35000.0,8.3,8.2,8.1,8.0,9.1,8.1,8.2
"Sona College of Technology, Salem",Tamil nadu,Engineering,220000.00000000003,229000.0,8.1,8.5,7.3,8.3,8.3,7.9,8.5
Tamil Nadu Veterinary and Animal Sciences University,Tamil nadu,Engineering,23556.500000000004,33325.0,8.3,8.4,8.0,8.4,8.2,8.2,8.4
Saveetha Engineering College,Tamil nadu,Engineering,93500.00000000001,60000.0,8.0,8.1,7.3,8.1,8.6,7.7,7.9
"Sri Sairam Engineering College, Chennai",Tamil nadu,Engineering,55000.00000000001,25000.0,7.7,8.4,7.3,7.9,8.2,7.9,6.7
B.S. Abdur Rahman Crescent Institute of Science,Tamil nadu,Engineering,93500.00000000001,40000.0,8.2,8.4,7.8,8.3,8.7,7.7,8.2
Sri Ramakrishna Engineering College,Tamil nadu,Engineering,60500.00000000001,60000.0,8.1,8.4,7.7,8.0,8.3,8.3,8.0
Rajalakshmi Engineering College,Tamil nadu,Engineering,55000.00000000001,50000.0,7.8,8.1,6.3,8.1,8.0,8.3,7.7
Sri Venkateswara College of Engineering,Tamil nadu,Engineering,71500.0,60000.0,8.2,8.4,7.4,8.4,8.6,8.1,8.0
IIT Bombay,Maharashtra,Engineering,250800.00000000003,32000.0,8.9,9.3,7.9,8.7,8.9,9.1,9.2
Institute of Chemical Technology,Maharashtra,Engineering,93885.00000000001,70750.0,8.7,9.1,8.1,8.9,8.7,8.4,9.1
Visvesvaraya National Institute of Technology,Maharashtra,Engineering,164120.0,93600.0,8.1,8.3,7.5,8.0,8.4,7.7,8.7
College of Engineering,Maharashtra,Engineering,44550.0,64500.0,8.6,8.7,8.2,8.1,8.5,8.7,9.1
Defence Institute of Advanced Technology,Maharashtra,Engineering,168960.0,45000.0,8.8,9.0,8.6,8.8,9.0,8.6,8.6
National Institute of Industrial Engineering,Maharashtra,Engineering,657800.0,104000.0,9.0,9.0,9.0,9.0,9.0,9.3,8.6
Army Institute of Technology,Maharashtra,Engineering,198216.7,120560.0,8.3,8.0,8.5,7.6,7.9,8.7,9.0
Bharati Vidyapeeth Deemed University,Maharashtra,Engineering,132000.0,50000.0,7.8,8.1,6.8,7.9,8.1,7.7,8.2
Veermata Jijabai Technological Institute,Maharashtra,Engineering,92456.1,83734.0,7.9,8.2,7.2,7.8,7.1,8.7,8.4
GH Raisoni College of Engineering,Maharashtra,Engineering,616000.0,132000.0,8.4,8.5,8.0,8.4,8.5,8.0,8.8
Mukesh Patel School of Technology Management and,Maharashtra,Engineering,497200.00000000006,501500.0,8.2,8.1,8.0,7.8,8.7,8.1,8.3
Sardar Patel Institute of Technology,Maharashtra,Engineering,187000.00000000003,168000.0,8.1,8.4,6.9,7.9,8.3,9.1,8.1
Shri Ramdeobaba College of Engineering and Management,Maharashtra,Engineering,159500.0,125000.0,8.1,8.3,7.6,8.0,7.9,8.3,8.2
Rashtrasant Tukadoji Maharaj Nagpur University,Maharashtra,Engineering,36960.0,60000.0,7.5,8.0,7.2,7.7,7.9,6.9,7.4
Yeshwantrao Chavan College of Engineering,Maharashtra,Engineering,166981.1,153328.0,7.6,7.7,7.0,7.6,8.2,7.2,7.6
Walchand College of Engineering,Maharashtra,Engineering,93428.50000000001,96550.0,8.3,8.4,7.3,8.3,8.4,8.8,8.4
MIT World Peace University,Maharashtra,Engineering,341000.0,190000.0,8.0,8.1,7.0,8.0,8.5,7.7,8.4
Vishwakarma Institute of Information Technology,Maharashtra,Engineering,180400.00000000003,78000.0,7.8,8.2,6.8,8.1,7.4,8.0,8.1
Ramrao Adik Institute of Technology,Maharashtra,Engineering,357500.0,150000.0,8.6,8.2,8.0,8.1,9.0,8.7,9.3
Sardar Patel College of Engineering,Maharashtra,Engineering,187000.00000000003,168000.0,8.0,8.3,7.2,7.9,8.0,8.1,8.2
K. J. Somaiya College of Engineering,Maharashtra,Engineering,314600.0,196800.0,8.2,8.2,8.0,7.7,8.7,8.0,8.5
Pimpri Chinchwad College of Engineering,Maharashtra,Engineering,152414.90000000002,107687.0,8.1,8.7,7.6,8.1,7.9,8.6,7.5
"MKSSS's Cummins College of Engineering for Women,",Maharashtra,Engineering,198919.6,155200.0,8.3,8.3,8.0,8.1,7.8,9.0,8.6
Dwarkadas J Sanghvi College of Engineering,Maharashtra,Engineering,213400.00000000003,139000.0,8.2,8.2,7.7,8.2,8.4,8.3,8.2
Thakur College of Engineering and Technology,Maharashtra,Engineering,162250.0,136931.0,8.2,8.1,8.0,7.9,9.1,7.9,8.4
"Amity University, Mumbai",Maharashtra,Engineering,244200.00000000003,150000.0,8.1,7.9,7.6,8.2,8.4,7.8,8.6
"Vishwakarma Institute of Technology, Pune",Maharashtra,Engineering,197884.50000000003,88765.0,7.5,8.1,6.5,7.9,6.5,7.8,8.4
Indian Institute of Information Technology,Maharashtra,Engineering,257950.00000000003,100500.0,7.8,8.2,7.5,8.0,7.2,8.4,7.5
Indian Institute of Technology,Uttar pradesh,Engineering,237160.00000000003,214050.0,8.9,9.1,8.4,8.7,9.3,8.9,9.1
Indian Institute of Technology,Uttar pradesh,Engineering,93479.1,36815.0,8.5,8.5,8.2,8.1,7.6,9.1,9.2
"Amity University, Noida",Uttar pradesh,Engineering,342100.0,140000.0,8.2,8.0,7.9,8.1,8.9,7.6,8.7
Aligarh Muslim University,Uttar pradesh,Engineering,296389.5,430970.0,8.3,8.8,7.9,8.5,8.8,7.2,8.6
MNNIT Allahabad,Uttar pradesh,Engineering,93132.6,118000.0,8.0,8.4,7.3,7.8,7.1,8.9,8.2
Jaypee Institute of Information Technology University,Uttar pradesh,Engineering,260150.00000000003,120000.0,7.8,7.8,7.7,7.3,8.2,7.8,7.7
Indian Institute of Information Technology,Uttar pradesh,Engineering,114400.00000000001,280400.0,8.3,8.4,7.4,7.6,9.0,9.2,8.1
"Dayalbagh Educational Institute Faculty of Engineering, Agra",Uttar pradesh,Engineering,56430.00000000001,26500.0,8.0,8.3,7.1,8.5,8.1,8.2,8.0
Sharda University,Uttar pradesh,Engineering,180147.0,97850.0,7.9,7.7,7.6,7.9,8.6,6.9,8.6
Galgotias University,Uttar pradesh,Engineering,174900.0,45000.0,7.6,7.9,6.9,7.9,7.5,7.7,7.8
"Bennett University, Greater Noida",Uttar pradesh,Engineering,385000.00000000006,60000.0,8.6,8.5,7.9,8.8,9.2,8.3,8.6
Shiv Nadar University,Uttar pradesh,Engineering,220000.00000000003,160000.0,9.0,8.8,8.7,8.8,9.6,8.5,9.4
"Integral University, Lucknow",Uttar pradesh,Engineering,154000.0,80000.0,7.4,7.6,7.3,7.4,8.0,6.5,7.4
J.S. University,Uttar pradesh,Engineering,52250.00000000001,13500.0,8.5,8.5,7.8,8.7,9.0,8.2,8.6
"GLA University, Mathura",Uttar pradesh,Engineering,195800.00000000003,75000.0,8.2,8.2,7.9,8.3,8.3,8.2,8.1
Institute of Engineering and Technology,Uttar pradesh,Engineering,98752.50000000001,73200.0,7.4,7.6,7.7,7.0,7.3,7.0,7.8
Sanskriti University,Uttar pradesh,Engineering,126500.00000000001,45000.0,7.0,7.2,6.7,7.0,7.5,6.9,6.8
"Monad University, Hapur",Uttar pradesh,Engineering,166100.0,35500.0,8.0,7.6,7.4,8.5,8.0,8.2,8.1
Indian Institute of Information Technology,Uttar pradesh,Engineering,240570.00000000003,218700.0,7.8,7.6,7.2,7.4,6.8,9.4,8.1
"IFTM University, Moradabad",Uttar pradesh,Engineering,117700.00000000001,75000.0,7.8,7.9,7.5,8.1,8.0,6.8,8.3
"Shobhit University, Meerut",Uttar pradesh,Engineering,122320.00000000001,122400.0,7.8,8.4,7.3,7.8,8.3,7.0,7.9
"Glocal University, Saharanpur",Uttar pradesh,Engineering,158400.0,94000.0,7.1,7.5,6.9,7.0,6.7,7.2,7.3
"Rama University, Kanpur",Uttar pradesh,Engineering,99000.00000000001,75000.0,6.7,6.6,6.1,7.3,6.5,6.6,7.1
Noida Institute of Engineering and Technology,Uttar pradesh,Engineering,675400.0,213000.0,7.6,8.1,7.1,8.0,7.6,7.8,7.1
"ABES Engineering College, Ghaziabad",Uttar pradesh,Engineering,158070.0,130000.0,7.9,8.1,7.2,8.1,8.2,7.8,8.0
Bundelkhand Institute of Engineering & Technology,Uttar pradesh,Engineering,67980.0,59300.0,7.1,7.3,7.0,6.9,7.4,6.2,8.0
Harcourt Butler Technological University,Uttar pradesh,Engineering,148500.0,83300.0,7.3,7.5,6.9,7.4,6.5,7.8,7.8
Rajiv Gandhi Institute of Petroleum Technology,Uttar pradesh,Engineering,243210.00000000003,42100.0,8.6,8.7,8.6,8.2,9.2,8.2,8.6
Indian Institute of Technology,Delhi ncr,Engineering,242330.00000000003,132900.0,8.7,9.0,7.8,8.7,8.9,9.0,9.0
"Jamia Millia Islamia University-[JMI], New Delhi",Delhi ncr,Engineering,17765.0,8970.0,8.0,8.4,7.6,8.3,8.4,7.2,8.2
Delhi Technological University,Delhi ncr,Engineering,209000.00000000003,166000.0,8.2,7.9,7.6,7.5,8.6,8.6,8.8
"Amity University, Noida",Delhi ncr,Engineering,342100.0,140000.0,8.2,8.0,7.9,8.1,8.9,7.6,8.7
Indraprastha Institute of Information Technology,Delhi ncr,Engineering,396000.00000000006,100000.0,8.7,8.8,8.7,8.9,8.9,8.6,8.2
Guru Gobind Singh Indraprastha University,Delhi ncr,Engineering,128920.00000000001,23000.0,7.8,8.1,7.5,8.0,8.1,6.9,8.1
Jaypee Institute of Information Technology University,Delhi ncr,Engineering,260150.00000000003,120000.0,7.8,7.8,7.7,7.3,8.2,7.8,7.7
National Institute of Food Technology Entrepreneurship and,Delhi ncr,Engineering,188705.00000000003,152950.0,8.1,8.5,7.1,6.9,9.4,8.5,7.9
"J.C. Bose University Of Science And Technology,",Delhi ncr,Engineering,91987.50000000001,83625.0,7.3,7.7,6.5,7.4,6.6,7.7,7.6
Indira Gandhi Delhi Technical University For Women,Delhi ncr,Engineering,96800.00000000001,33000.0,7.6,7.7,7.0,7.6,6.9,8.3,7.9
Manav Rachna International Institute Of Research And,Delhi ncr,Engineering,199650.00000000003,116000.0,7.2,7.1,6.7,6.5,8.4,6.5,7.8
Sharda University,Delhi ncr,Engineering,180147.0,97850.0,7.9,7.7,7.6,7.9,8.6,6.9,8.6
Galgotias University,Delhi ncr,Engineering,174900.0,45000.0,7.6,7.9,6.9,7.9,7.5,7.7,7.8
Netaji Subhas University of Technology,Delhi ncr,Engineering,209000.00000000003,120000.0,7.8,7.9,7.1,7.6,7.6,8.9,7.9
Shiv Nadar University,Delhi ncr,Engineering,220000.00000000003,160000.0,9.0,8.8,8.7,8.8,9.6,8.5,9.4
Manav Rachna International Institute of Research and,Delhi ncr,Engineering,199650.00000000003,165000.0,7.5,7.4,7.3,7.5,8.3,6.6,7.6
National Institute of Technology,Delhi ncr,Engineering,106552.6,198500.0,6.8,7.3,6.0,7.1,6.0,7.6,6.8
Chhotu Ram Rural Institute Of Technology,Delhi ncr,Engineering,36795.0,33450.0,8.4,8.7,8.1,8.4,8.7,8.1,8.2
SunRise University,Delhi ncr,Engineering,79420.0,32200.0,8.1,8.1,7.3,8.7,8.1,7.9,8.4
"Monad University, Hapur",Delhi ncr,Engineering,166100.0,35500.0,8.0,7.6,7.4,8.5,8.0,8.2,8.1
"Amity University, Gurgaon",Delhi ncr,Engineering,253000.00000000003,156000.0,7.7,7.8,7.1,7.6,8.6,7.1,8.1
"Shobhit University, Meerut",Delhi ncr,Engineering,122320.00000000001,122400.0,7.8,8.4,7.3,7.8,8.3,7.0,7.9
Noida Institute of Engineering and Technology,Delhi ncr,Engineering,675400.0,213000.0,7.6,8.1,7.1,8.0,7.6,7.8,7.1
K L University,Andhra pradesh,Engineering,275000.0,145000.0,8.3,8.5,7.6,8.3,8.8,8.3,8.2
"Andhra University, College of Engineering",Andhra pradesh,Engineering,11000.0,109000.0,7.7,8.2,6.9,7.8,8.0,7.2,7.9
"Sri Venkateswara University College of Engineering, Tirupati",Andhra pradesh,Engineering,18034.5,31647.0,7.8,7.6,8.4,7.4,8.1,6.9,8.1
"Vignan’s Foundation for Science, Technology, and Research,",Andhra pradesh,Engineering,275000.0,110000.0,8.2,8.2,8.4,8.5,8.2,7.7,8.4
"JNTUK University College of Engineering, Kakinada, East",Andhra pradesh,Engineering,11000.0,30000.0,7.7,8.0,7.1,7.8,8.2,7.0,8.3
Sree Vidyanikethan Engineering College,Andhra pradesh,Engineering,308000.0,76850.0,8.5,8.4,8.5,8.3,8.8,8.4,8.6
G. Pulla Reddy Engineering College,Andhra pradesh,Engineering,88000.0,80000.0,8.3,8.5,7.7,8.5,8.5,8.2,8.4
Sri Venkateswara College of Engineering and Technology,Andhra pradesh,Engineering,98285.00000000001,75000.0,7.9,8.3,7.9,8.0,8.2,7.3,7.5
Velagapudi Ramakrishna Siddhartha Engineering College,Andhra pradesh,Engineering,78155.0,70000.0,8.2,8.6,7.6,8.4,8.4,8.2,8.1
Shri Vishnu Engineering College for Women,Andhra pradesh,Engineering,104500.00000000001,55000.0,8.8,8.7,8.6,8.5,9.3,8.8,9.0
"JNTUA College of Engineering, Ananthapur",Andhra pradesh,Engineering,27500.000000000004,38750.0,7.0,7.1,7.3,6.7,7.5,6.3,7.3
Sagi Ramakrishnam Raju Engineering College,Andhra pradesh,Engineering,33000.0,57000.0,8.2,8.5,7.5,8.4,8.3,8.2,8.3
Gayatri Vidya Parishad College of Engineering,Andhra pradesh,Engineering,303600.0,100000.0,7.7,8.3,6.8,8.0,7.3,8.1,7.4
Indian Institute of Technology,Andhra pradesh,Engineering,18645.0,78218.0,8.6,9.0,8.1,8.8,8.7,8.2,8.9
Prasad V. Potluri Siddhartha Institute of Technology,Andhra pradesh,Engineering,308000.0,140000.0,7.9,8.1,7.3,8.1,8.1,7.9,7.8
Centurion University of Technology and Management,Andhra pradesh,Engineering,137500.0,60000.0,7.8,8.0,7.2,8.3,7.6,7.4,8.3
Aditya Engineering College,Andhra pradesh,Engineering,79200.0,29500.0,7.8,7.9,7.4,7.8,8.5,7.4,7.9
Bapatla Engineering College,Andhra pradesh,Engineering,82500.0,90000.0,7.5,7.8,7.3,7.7,8.2,6.5,7.7
Gudlavalleru Engineering College,Andhra pradesh,Engineering,89760.0,74850.0,8.2,8.5,7.7,8.4,8.7,7.5,8.1
Sri Venkateswara College of Engineering,Andhra pradesh,Engineering,88000.0,75000.0,8.3,8.3,8.0,8.1,9.0,7.8,8.5
Sri Vasavi Engineering College,Andhra pradesh,Engineering,207900.00000000003,60850.0,7.9,8.1,7.4,8.0,8.3,7.6,7.8
Indian Institute of Information Technology Sri City,Andhra pradesh,Engineering,113300.00000000001,271000.0,7.0,7.9,6.4,7.1,6.9,7.3,6.4
National Institute of Technology,Andhra pradesh,Engineering,206250.00000000003,100000.0,7.2,7.9,6.6,7.5,6.9,6.9,7.2
"Rajiv Gandhi University of Knowledge Technologies -[RGUKT],",Andhra pradesh,Engineering,42900.0,96000.0,8.2,8.4,7.6,8.1,8.9,7.7,8.5
Raghu Engineering College,Andhra pradesh,Engineering,93500.00000000001,57000.0,8.1,8.3,7.1,8.1,8.4,8.5,8.0
Indian Institute of Information Technology Design and,Andhra pradesh,Engineering,159060.0,67500.0,7.4,7.9,7.6,8.0,6.7,7.2,7.2
Rajeev Gandhi Memorial College of Engineering and,Andhra pradesh,Engineering,76010.0,62800.0,7.4,7.8,7.2,7.6,8.0,6.2,7.4
VIT University,Andhra pradesh,Engineering,217800.00000000003,193000.0,8.2,8.3,7.9,8.3,8.1,8.4,8.1
National Institute of Technology,Karnataka,Engineering,168003.0,100355.0,8.4,8.7,7.2,8.2,8.4,8.9,8.9
Manipal Institute of Technology,Karnataka,Engineering,368500.00000000006,210000.0,8.7,8.5,8.5,8.1,9.4,8.1,9.3
R V College of Engineering,Karnataka,Engineering,385000.00000000006,37700.0,8.5,8.7,7.9,8.2,8.6,9.0,8.4
Ramaiah Institute of Technology,Karnataka,Engineering,94848.6,96570.0,8.4,8.5,7.8,8.3,8.7,8.3,8.6
International Institute of Information Technology,Karnataka,Engineering,180400.00000000003,324000.0,8.7,9.2,8.5,9.1,8.8,8.9,7.6
BMS College of Engineering,Karnataka,Engineering,252021.00000000003,26800.0,8.2,8.4,8.0,8.0,8.0,8.3,8.7
Siddaganga Institute of Technology,Karnataka,Engineering,87422.5,92975.0,7.8,8.1,7.2,7.7,8.1,8.0,7.6
New Horizon College of Engineering,Karnataka,Engineering,275000.0,75000.0,8.0,8.0,7.6,8.1,8.3,7.8,8.2
"Faculty of Engineering and Technology, Jain University",Karnataka,Engineering,217250.00000000003,85000.0,8.1,8.0,7.9,8.0,8.3,7.7,8.5
Sri Jayachamarajendra College of Engineering,Karnataka,Engineering,522500.00000000006,140000.0,8.3,8.4,7.6,7.8,8.5,8.7,8.6
Dayananda Sagar College of Engineering,Karnataka,Engineering,105716.6,292720.0,8.0,8.0,7.4,7.7,8.8,7.7,8.3
NMAM Institute of Technology,Karnataka,Engineering,179300.0,83220.0,7.9,8.0,7.5,8.2,8.1,7.5,7.9
Nitte Meenakshi Institute of Technology,Karnataka,Engineering,64686.600000000006,65390.0,7.8,8.1,7.1,7.9,7.8,7.6,8.1
PES University,Karnataka,Engineering,374000.00000000006,200000.0,8.0,8.5,7.7,8.1,8.1,8.1,7.6
"KLE Technological University, Hubli",Karnataka,Engineering,16500.0,40000.0,8.4,8.5,7.6,8.2,9.1,8.4,8.4
Dr. Ambedkar Institute of Technology,Karnataka,Engineering,33220.0,37500.0,7.2,7.7,6.8,7.5,7.5,6.7,7.2
PES College of Engineering,Karnataka,Engineering,84480.0,74450.0,7.7,7.9,6.7,7.7,8.5,7.3,8.0
CMR Institute of Technology,Karnataka,Engineering,275000.0,140000.0,7.9,8.2,7.3,7.9,8.3,7.7,8.0
The National Institute of Engineering,Karnataka,Engineering,48499.00000000001,55590.0,8.1,8.5,7.6,8.3,7.8,8.4,7.9
"Alliance College of Engineering and Design, Bangalore",Karnataka,Engineering,247500.00000000003,150000.0,7.2,7.3,7.1,6.5,8.7,6.5,7.2
Basaveshwar Engineering College,Karnataka,Engineering,71874.0,60000.0,7.7,8.1,7.9,8.1,8.1,6.6,7.2
"Christ University, Bangalore",Karnataka,Engineering,187000.00000000003,35000.0,8.3,8.5,7.4,8.2,8.9,8.1,8.8
Manipal Academy of Higher Education,Karnataka,Engineering,368500.00000000006,210000.0,8.4,8.5,8.2,8.6,8.8,7.8,8.4
Indian Institute of Science,Karnataka,Engineering,32120.000000000004,35200.0,9.0,9.6,8.5,9.4,9.5,8.4,8.4
"REVA University, Bangalore",Karnataka,Engineering,247500.00000000003,500000.0,8.4,8.3,8.1,8.3,9.3,7.8,8.4
"Alliance University, Bangalore",Karnataka,Engineering,687500.0,150000.0,8.0,8.2,7.2,8.2,8.8,7.6,8.0
"Presidency University, Bangalore",Karnataka,Engineering,231000.00000000003,90000.0,8.3,8.2,7.6,8.6,8.8,8.2,8.3
Indian Institute of Technology,Telangana,Engineering,245294.50000000003,500895.0,8.5,8.7,8.0,8.7,8.5,8.3,8.6
National Institute of Technology,Telangana,Engineering,143000.0,75000.0,8.4,8.6,7.9,8.2,8.5,8.6,8.4
International Institute of Information Technology,Telangana,Engineering,330000.0,150000.0,8.3,9.0,8.2,8.5,7.8,9.2,6.9
Jawaharlal Nehru Technological University,Telangana,Engineering,13750.000000000002,18000.0,8.0,8.3,7.7,7.8,8.3,7.6,8.3
"University College of Engineering, Osmania University",Telangana,Engineering,30547.000000000004,39770.0,8.6,9.0,8.5,8.5,8.6,8.4,8.4
Chaitanya Bharathi Institute of Technology,Telangana,Engineering,147400.0,151600.0,8.2,8.5,7.1,8.4,8.3,8.6,8.5
Vallurupalli Nageswara Rao Vignana Jyothi Institute of,Telangana,Engineering,144100.0,141700.0,8.4,8.4,8.1,8.2,8.5,8.4,8.5
"CVR College of Engineering, Ibrahimpatnam, Rangareddi",Telangana,Engineering,133815.0,72500.0,8.3,8.6,8.1,8.5,8.2,8.6,7.7
Institute of Aeronautical Engineering,Telangana,Engineering,99000.00000000001,70000.0,8.3,8.4,8.5,8.2,8.5,8.0,8.2
BV Raju Institute of Technology,Telangana,Engineering,132000.0,70000.0,8.5,8.6,8.2,8.3,8.9,8.4,8.7
Vardhaman College of Engineering,Telangana,Engineering,137500.0,57000.0,8.1,8.2,8.2,8.2,8.5,8.1,7.6
"Anurag University, Hyderabad",Telangana,Engineering,149050.0,66500.0,8.3,8.5,7.5,8.2,8.9,8.0,8.4
Vasavi College of Engineering,Telangana,Engineering,143000.0,100000.0,8.0,8.6,6.7,8.3,8.0,8.8,7.5
Gokaraju Rangaraju Institute of Engineering and Technology,Telangana,Engineering,134200.0,75000.0,8.0,8.3,7.3,7.9,8.5,8.1,7.6
Kakatiya Institute of Technology & Science,Telangana,Engineering,138556.0,74550.0,8.2,8.3,7.9,8.4,8.3,7.9,8.4
K L University,Telangana,Engineering,291500.0,120000.0,7.9,7.9,7.4,8.1,8.2,7.6,8.1
Birla Institute of Technology and Science,Telangana,Engineering,465822.50000000006,469475.0,9.0,9.0,8.4,8.8,9.4,9.1,9.4
Malla Reddy Engineering College,Telangana,Engineering,113300.00000000001,57000.0,7.4,7.7,7.1,7.4,7.8,7.1,7.5
Sreenidhi Institute of Science and Technology,Telangana,Engineering,572000.0,210000.0,7.6,7.8,6.9,7.5,7.8,7.7,7.6
"Mahindra University, Hyderabad",Telangana,Engineering,517000.00000000006,70000.0,8.8,9.1,8.6,9.0,9.1,7.8,8.9
MLR Institute of Technology,Telangana,Engineering,105600.00000000001,57000.0,8.3,8.3,8.4,8.1,8.8,8.0,8.4
CMR Engineering College,Telangana,Engineering,82500.0,57000.0,8.8,8.9,8.4,8.7,9.2,9.0,8.4
Indian Institute of Technology,Madhya pradesh,Engineering,251570.00000000003,50800.0,8.0,8.4,7.6,8.1,7.7,7.8,8.4
Maulana Azad National Institute of Technology,Madhya pradesh,Engineering,71432.90000000001,104275.0,7.8,7.8,7.5,7.5,7.6,8.1,8.5
Indian Institute of Information Technology Design and,Madhya pradesh,Engineering,151338.0,71000.0,7.9,8.2,7.5,8.0,8.1,7.5,8.3
Atal Bihari Vajpayee Indian Institute of Information,Madhya pradesh,Engineering,82577.0,142250.0,7.6,7.5,7.0,7.1,8.2,7.7,8.0
"VIT Bhopal University, Bhopal",Madhya pradesh,Engineering,217800.00000000003,193000.0,7.9,8.6,7.7,8.4,7.1,8.1,7.4
"RKDF University, Bhopal",Madhya pradesh,Engineering,60500.00000000001,35000.0,7.6,8.0,7.0,7.8,8.0,6.5,8.2
"University Institute of Technology, Rajiv Gandhi Proudyogiki",Madhya pradesh,Engineering,26312.000000000004,62735.0,6.9,7.2,6.5,6.6,7.6,6.3,6.9
Institute of Information Technology & Management,Madhya pradesh,Engineering,84700.0,60000.0,8.5,8.7,8.0,8.4,8.6,8.5,8.5
"Institute of Engineering and Technology, Devi Ahilya",Madhya pradesh,Engineering,91257.1,71100.0,7.7,7.9,6.6,7.3,7.4,8.4,8.4
Acropolis Institute of Technology & Research,Madhya pradesh,Engineering,82610.0,25500.0,7.8,7.9,7.0,7.8,7.8,8.0,8.1
Jaypee University of Engineering and Technology,Madhya pradesh,Engineering,208450.00000000003,96500.0,7.9,7.8,7.9,7.5,8.9,7.4,7.6
Oriental University,Madhya pradesh,Engineering,71500.0,30000.0,7.2,7.5,6.7,7.2,7.7,7.1,7.1
"Amity University, Gwalior",Madhya pradesh,Engineering,180400.00000000003,64000.0,8.6,8.8,8.5,8.4,9.3,8.0,8.3
AKS University,Madhya pradesh,Engineering,66000.0,46000.0,7.3,7.8,5.9,8.2,7.6,6.9,7.4
Jagran Lakecity University,Madhya pradesh,Engineering,126500.00000000001,75000.0,8.0,8.0,7.9,7.8,8.6,7.4,8.1
Jabalpur Engineering College,Madhya pradesh,Engineering,24530.000000000004,10000.0,7.2,7.5,6.4,7.4,6.9,7.4,7.3
"Swami Vivekanand University, Sagar",Madhya pradesh,Engineering,48400.00000000001,32000.0,6.3,6.9,5.0,7.0,6.4,5.6,6.6
"Acropolis Group of Institutions, Indore",Madhya pradesh,Engineering,80960.0,60000.0,8.7,8.5,8.5,8.7,9.0,8.6,8.6
LNCT University,Madhya pradesh,Engineering,88000.0,65000.0,9.0,9.0,8.8,9.3,8.8,8.9,8.9
Ujjain Engineering College,Madhya pradesh,Engineering,25026.100000000002,25151.0,6.7,7.4,5.9,7.4,6.2,6.4,6.9
Shri Govindram Seksaria Institute of Technology and,Madhya pradesh,Engineering,83105.0,118425.0,7.4,8.0,6.7,7.7,7.0,7.5,7.2
Lakshmi Narain College of Technology,Madhya pradesh,Engineering,53460.00000000001,60000.0,5.7,5.6,5.8,6.2,5.2,5.4,6.2
National Institute of Technology,Kerala,Engineering,59176.700000000004,27405.0,8.1,8.4,7.9,7.7,8.0,8.1,8.2
Indian Institute of Space Science and Technology,Kerala,Engineering,156640.0,87400.0,8.1,8.9,7.8,8.5,8.6,7.7,7.2
"College of Engineering, Trivandrum",Kerala,Engineering,220000.00000000003,15725.0,8.4,8.6,7.8,8.0,8.5,8.4,8.8
"Cochin University of Science and Technology, School",Kerala,Engineering,94644.00000000001,52730.0,8.3,8.5,7.8,8.3,8.2,8.2,8.7
Cochin University of Science and Technology,Kerala,Engineering,51260.00000000001,19290.0,7.9,8.4,7.5,7.8,7.8,7.7,8.1
Indian Institute of Technology,Kerala,Engineering,39435.0,222350.0,8.6,9.2,7.7,9.0,8.6,8.7,8.6
Federal Institute of Science and Technology,Kerala,Engineering,82610.0,87050.0,8.1,8.3,7.5,8.3,8.8,8.0,7.8
Government Engineering College,Kerala,Engineering,24365.000000000004,10970.0,8.5,8.5,8.0,8.4,8.7,8.3,8.9
National Institute of Electronics & Information Technology,Kerala,Engineering,66000.0,138500.0,8.4,8.7,6.7,8.9,8.7,8.8,8.6
TKM College of Engineering,Kerala,Engineering,9251.0,16290.0,8.4,8.8,8.2,8.4,8.4,7.8,8.5
Amal Jyothi College of Engineering,Kerala,Engineering,110000.00000000001,96000.0,7.6,7.9,7.0,7.9,9.0,6.9,7.0
Marian Engineering College,Kerala,Engineering,105655.00000000001,61300.0,7.8,8.3,7.1,8.3,8.6,7.9,6.8
"Saintgits College of Engineering, Kottayam",Kerala,Engineering,82500.0,171900.0,8.3,8.4,7.9,8.6,8.8,7.8,8.1
Rajiv Gandhi Institute of Technology,Kerala,Engineering,24200.000000000004,22000.0,7.9,8.3,7.3,8.1,8.0,7.4,8.4
Mangalam College of Engineering Ettumanoor,Kerala,Engineering,82500.0,300000.0,6.9,7.0,6.4,7.4,7.6,6.4,6.6
NSS College of Engineering,Kerala,Engineering,9612.900000000001,11065.0,8.3,8.4,8.0,8.5,8.0,8.2,8.4
Sree Chitra Thirunal College of Engineering,Kerala,Engineering,68934.8,75041.0,8.0,8.6,6.0,8.3,7.5,8.3,9.0
"Thejus Engineering College, Thrissur",Kerala,Engineering,97240.00000000001,160000.0,8.0,8.3,7.8,8.7,7.8,7.1,8.2
Mar Athanasius College of Engineering,Kerala,Engineering,9047.5,21950.0,8.4,8.5,8.2,8.2,8.8,8.1,8.5
"MEA Engineering College- [MEAEC], Malappuram",Kerala,Engineering,82500.0,60000.0,8.2,8.1,8.6,8.3,8.7,6.6,8.7
Rajagiri School of Engineering & Technology,Kerala,Engineering,95700.00000000001,77000.0,8.2,8.4,8.0,8.2,9.0,8.6,6.9
Sahrdaya College of Engineering,Kerala,Engineering,38500.0,77000.0,7.1,7.5,6.8,7.3,8.1,6.6,6.5
Birla Institute of Technology and Science,Rajasthan,Engineering,490022.50000000006,445475.0,8.9,8.8,8.2,8.8,9.0,9.0,9.3
Indian Institute of Technology,Rajasthan,Engineering,77476.3,71500.0,8.2,8.0,7.9,8.2,8.2,8.0,8.7
Malaviya National Institute of Technology,Rajasthan,Engineering,103766.3,122665.0,8.2,8.2,7.4,8.0,8.7,8.2,8.5
"Singhania University, Jhunjhunu",Rajasthan,Engineering,46200.00000000001,42000.0,7.1,7.1,6.7,7.1,7.1,7.0,7.3
Jaipur National University,Rajasthan,Engineering,125400.00000000001,37600.0,7.5,7.9,7.0,7.7,7.8,6.7,7.6
Manipal University,Rajasthan,Engineering,350900.0,36000.0,8.4,8.2,8.3,8.2,9.2,7.7,9.0
JECRC University,Rajasthan,Engineering,203500.00000000003,30000.0,8.1,8.1,7.4,8.2,8.2,8.1,8.7
SunRise University,Rajasthan,Engineering,79420.0,32200.0,8.1,8.1,7.3,8.7,8.1,7.9,8.4
"OPJS University, Churu",Rajasthan,Engineering,78320.0,76200.0,7.2,7.1,7.6,7.6,7.7,6.3,6.8
"Banasthali Vidyapith, Jaipur",Rajasthan,Engineering,223850.00000000003,161500.0,8.5,8.8,8.2,8.9,8.6,7.9,8.8
"Amity University, Jaipur",Rajasthan,Engineering,198000.00000000003,148000.0,8.0,7.8,7.6,7.8,8.9,7.4,8.7
Suresh Gyan Vihar University,Rajasthan,Engineering,154000.0,42000.0,7.5,7.8,6.7,7.5,8.8,6.3,8.0
IIS (Deemed to be University),Rajasthan,Engineering,109230.00000000001,25500.0,8.3,8.6,8.5,8.6,8.0,7.9,8.4
Madhav University,Rajasthan,Engineering,77000.0,13000.0,7.8,7.9,7.5,8.2,7.9,7.3,7.8
"Jagannath University, Jaipur",Rajasthan,Engineering,125400.00000000001,180000.0,7.3,7.1,6.7,7.9,7.7,6.9,7.4
"Pacific University, Udaipur",Rajasthan,Engineering,88000.0,80000.0,7.7,7.8,7.3,8.1,7.8,7.2,8.0
"Swami Keshvanand Institute of Technology, Management and",Rajasthan,Engineering,108790.00000000001,84500.0,7.8,8.3,6.8,8.1,8.1,8.0,7.5
Maharana Pratap University of Agriculture and Technology,Rajasthan,Engineering,96580.00000000001,86000.0,8.0,8.2,8.0,8.0,8.1,7.9,7.8
"Poornima College of Engineering, Jaipur",Rajasthan,Engineering,187000.00000000003,178000.0,7.5,7.9,7.4,7.6,7.2,7.6,7.4
"Shridhar University, Pilani",Rajasthan,Engineering,109230.00000000001,61300.0,6.7,6.2,6.6,6.5,6.5,7.3,6.8
Institute of Advanced Studies in Education,Rajasthan,Engineering,87340.0,64000.0,8.2,8.9,8.0,8.3,8.4,7.5,7.9
National Institute of Technology,Haryana,Engineering,62387.600000000006,102800.0,8.2,8.0,7.4,8.1,8.2,8.6,8.6
Panjab University,Haryana,Engineering,105930.00000000001,27500.0,7.7,8.2,7.7,8.0,7.7,6.5,8.2
Punjab Engineering College University of Technology,Haryana,Engineering,106425.00000000001,93500.0,8.0,7.9,7.3,7.6,7.7,8.4,9.0
National Institute of Food Technology Entrepreneurship and,Haryana,Engineering,188705.00000000003,152950.0,8.1,8.5,7.1,6.9,9.4,8.5,7.9
"University Institute of Engineering, Chandigarh University",Haryana,Engineering,176000.0,80000.0,8.4,8.6,7.9,8.1,8.7,8.7,8.3
"J.C. Bose University Of Science And Technology,",Haryana,Engineering,91987.50000000001,83625.0,7.3,7.7,6.5,7.4,6.6,7.7,7.6
Manav Rachna International Institute Of Research And,Haryana,Engineering,199650.00000000003,116000.0,7.2,7.1,6.7,6.5,8.4,6.5,7.8
Manav Rachna International Institute of Research and,Haryana,Engineering,199650.00000000003,165000.0,7.5,7.4,7.3,7.5,8.3,6.6,7.6
"PDM University, Bahadurgarh, Bahadurgarh",Haryana,Engineering,110220.00000000001,41200.0,7.4,7.1,7.6,7.4,7.5,7.1,7.7
"Amity University, Gurgaon",Haryana,Engineering,253000.00000000003,156000.0,7.7,7.8,7.1,7.6,8.6,7.1,8.1
National Institute of Technical Teachers Training and,Haryana,Engineering,49165.600000000006,24500.0,7.7,7.7,6.7,8.6,7.7,7.7,8.0
"IILM University, Gurgaon",Haryana,Engineering,363000.00000000006,430000.0,8.4,8.2,7.4,8.5,8.6,8.6,8.8
"University Institute of Engineering and Technology -[UIET],",Haryana,Engineering,90416.70000000001,16160.0,7.4,7.5,7.5,7.4,7.0,7.0,8.2
"Starex University, Gurgaon",Haryana,Engineering,88000.0,40000.0,8.8,9.1,9.1,8.7,8.6,8.5,8.7
"SRM University Delhi NCR, Sonepat",Haryana,Engineering,299200.0,167250.0,7.8,8.0,7.5,7.9,8.1,7.6,7.9
"Lingaya's Vidyapeeth, Faridabad",Haryana,Engineering,147950.0,84500.0,7.8,8.0,7.5,8.1,7.7,7.3,8.1
Modern Vidya Niketan,Haryana,Engineering,148500.0,95000.0,7.0,7.2,6.4,7.7,7.0,6.8,6.8
Manav Rachna University,Haryana,Engineering,268400.0,116000.0,7.8,7.6,7.5,7.7,8.8,7.3,7.9
"Sushant University / Ansal University, Gurgaon",Haryana,Engineering,265232.0,137120.0,7.8,8.0,8.0,7.9,8.4,7.0,7.5
"University Institute of Engineering and Technology, Maharshi",Haryana,Engineering,81716.8,84288.0,7.2,7.1,7.5,6.6,8.6,5.7,7.7
Indian Institute of Technology,Gujarat,Engineering,284350.0,200000.0,8.4,8.3,8.4,8.8,9.1,7.2,8.8
Sardar Vallabhbhai National Institute of Technology,Gujarat,Engineering,165000.0,95000.0,8.0,7.9,7.8,7.6,8.2,7.9,8.4
Dhirubhai Ambani Institute of Information and Communication,Gujarat,Engineering,169400.0,197000.0,8.7,8.8,8.0,8.4,8.7,9.2,8.8
"Institute of Technology, Nirma University, Ahmedabad",Gujarat,Engineering,216920.00000000003,264000.0,8.3,8.3,7.9,8.3,8.9,8.0,8.3
"Faculty of Technology and Engineering, Maharaja Sayajirao",Gujarat,Engineering,8404.0,8340.0,8.1,8.4,6.6,8.5,8.0,8.3,8.8
Nirma University,Gujarat,Engineering,216920.00000000003,265000.0,8.4,8.6,8.0,8.4,9.1,8.1,8.2
Pandit Deendayal Petroleum University [PDPU] / (Energy,Gujarat,Engineering,278300.0,154000.0,8.6,8.3,8.3,8.1,9.4,8.1,9.4
"Pandit Deendayal Petroleum University, School of Technology",Gujarat,Engineering,278300.0,154000.0,8.6,8.4,8.3,8.1,9.4,7.9,9.3
Central Institute of plastics engineering & Technology-,Gujarat,Engineering,71500.0,77000.0,7.5,7.6,6.8,7.5,7.9,7.5,7.5
"CEPT University, Ahmedabad",Gujarat,Engineering,217800.00000000003,320000.0,8.2,8.6,7.7,8.4,8.3,8.1,8.0
Ganpat University,Gujarat,Engineering,118800.00000000001,43000.0,8.1,8.2,7.2,8.1,8.5,7.8,8.6
"Indus University, Ahmedabad",Gujarat,Engineering,105600.00000000001,126000.0,7.5,7.9,7.0,7.7,7.8,6.8,7.9
Navrachana University,Gujarat,Engineering,125400.00000000001,112000.0,7.7,7.7,7.4,8.2,8.0,7.2,7.8
Indian Institute of Information Technology Vadodara,Gujarat,Engineering,197692.00000000003,106720.0,7.8,8.2,7.5,7.8,6.3,8.5,8.2
"Uka Tarsadia University, Bardoli",Gujarat,Engineering,103400.00000000001,44000.0,8.1,7.8,7.9,8.2,9.4,6.9,8.3
L.D. College of Engineering,Gujarat,Engineering,3146.0000000000005,5730.0,8.1,8.4,7.3,8.2,7.9,8.5,8.5
RK University,Gujarat,Engineering,84150.0,50000.0,8.5,9.0,7.9,8.6,9.0,7.8,8.5
Institute of Infrastructure Technology Research and Management,Gujarat,Engineering,32010.000000000004,89500.0,7.6,8.3,7.3,8.4,7.9,6.9,6.5
"C. U. Shah University, Wadhwan",Gujarat,Engineering,85580.0,103800.0,7.7,7.6,7.0,8.2,7.8,7.4,7.9
"P.P. Savani University, Surat",Gujarat,Engineering,122650.00000000001,98500.0,9.3,9.4,8.9,9.5,9.6,8.7,9.4
Vishwakarma Government Engineering College,Gujarat,Engineering,1650.0000000000002,7500.0,7.9,8.2,7.2,8.1,8.6,7.1,8.1
Dharmsinh Desai University,Gujarat,Engineering,167200.0,140000.0,7.7,8.5,7.0,8.3,7.1,8.1,6.9
Thapar Institute of Engineering and Technology,Punjab,Engineering,357280.0,200600.0,8.3,8.0,8.1,7.7,8.9,8.2,8.8
Indian Institute of Technology,Punjab,Engineering,241780.00000000003,39970.0,8.5,8.5,8.1,8.2,9.1,8.4,8.9
Panjab University,Punjab,Engineering,105930.00000000001,27500.0,7.7,8.2,7.7,8.0,7.7,6.5,8.2
Punjab Engineering College University of Technology,Punjab,Engineering,106425.00000000001,93500.0,8.0,7.9,7.3,7.6,7.7,8.4,9.0
I.K. Gujral Punjab Technical University,Punjab,Engineering,97625.00000000001,83150.0,8.1,8.0,7.4,8.7,8.3,7.7,8.7
Dr BR Ambedkar National Institute of Technology,Punjab,Engineering,743600.0000000001,228000.0,7.9,8.0,7.7,7.6,8.0,8.0,8.3
"University Institute of Engineering, Chandigarh University",Punjab,Engineering,176000.0,80000.0,8.4,8.6,7.9,8.1,8.7,8.7,8.3
Sant Longowal Institute of Engineering and Technology,Punjab,Engineering,89100.0,58000.0,7.6,7.7,7.1,7.5,8.4,6.5,8.1
Chandigarh Group of Colleges,Punjab,Engineering,103400.00000000001,95000.0,8.1,8.0,7.4,8.0,8.3,8.6,8.4
"RIMT University, Gobindgarh",Punjab,Engineering,148500.0,76500.0,7.6,7.9,7.3,7.8,8.0,6.7,7.8
National Institute of Technical Teachers Training and,Punjab,Engineering,49165.600000000006,24500.0,7.7,7.7,6.7,8.6,7.7,7.7,8.0
"Guru Kashi University, Bathinda",Punjab,Engineering,101948.00000000001,92100.0,7.5,7.4,7.2,8.0,7.2,7.2,7.8
"University Institute of Engineering and Technology -[UIET],",Punjab,Engineering,90416.70000000001,16160.0,7.4,7.5,7.5,7.4,7.0,7.0,8.2
"Rayat Bahra University, Mohali",Punjab,Engineering,110000.00000000001,40000.0,7.7,7.8,7.4,8.0,7.7,7.4,7.6
"DAV University, Jalandhar",Punjab,Engineering,149600.0,87500.0,7.9,8.4,7.0,8.4,7.0,8.0,8.5
Chandigarh Engineering College,Punjab,Engineering,103400.00000000001,95000.0,7.9,7.8,7.3,7.7,8.2,8.5,8.0
Sant Baba Bhag Singh University,Punjab,Engineering,90750.00000000001,103300.0,8.5,9.0,8.2,8.6,8.0,8.5,8.6
"Global Institute, Amritsar",Punjab,Engineering,349800.0,125000.0,8.3,8.0,8.2,8.7,8.8,7.9,8.3
"Maharaja Ranjit Singh Punjab Technical University, Bathinda",Punjab,Engineering,187660.00000000003,85600.0,8.2,8.6,7.8,8.4,8.2,8.1,8.2
Amritsar College of Engineering and Technology,Punjab,Engineering,443326.4,143623.0,7.4,7.3,6.7,7.6,7.7,7.3,7.7
Guru Nanak Dev Engineering College,Punjab,Engineering,108557.90000000001,90574.0,7.7,7.9,7.2,7.8,7.9,7.4,7.9
Sri Guru Granth Sahib World University,Punjab,Engineering,114400.00000000001,68000.0,8.8,8.6,9.0,9.0,9.1,8.4,8.7
Baba Banda Singh Bahadur Engineering College,Punjab,Engineering,99000.00000000001,90000.0,8.1,8.3,7.6,8.6,8.8,7.0,8.0
Indian Institute of Technology,West bengal,Engineering,90277.00000000001,231500.0,8.5,8.8,7.2,8.2,8.9,8.8,9.0
Jadavpur University,West bengal,Engineering,2640.0,24000.0,8.4,9.0,7.6,8.5,8.1,8.4,9.0
Indian Institute of Engineering Science and Technology,West bengal,Engineering,77000.0,81500.0,8.0,8.3,7.7,7.9,7.9,7.5,8.4
National Institute of Technology,West bengal,Engineering,164010.0,94100.0,7.7,8.0,6.8,7.8,7.5,7.8,8.4
Heritage Institute of Technology,West bengal,Engineering,127820.00000000001,131100.0,7.8,7.9,7.0,7.8,8.4,7.6,8.2
Maulana Abul Kalam Azad University of Technology,West bengal,Engineering,53900.00000000001,81200.0,7.7,8.1,6.9,8.0,7.8,7.7,7.6
Narula Institute of Technology,West bengal,Engineering,142780.0,122600.0,8.0,8.5,7.2,8.2,8.3,7.8,8.0
Haldia Institute of Technology,West bengal,Engineering,127985.00000000001,104600.0,7.8,7.9,7.2,7.5,8.5,7.2,8.3
"Amity University, Kolkata",West bengal,Engineering,227700.00000000003,158000.0,8.2,8.1,7.7,8.4,8.8,7.4,8.5
"Techno India University, Kolkata",West bengal,Engineering,98120.00000000001,201000.0,8.0,8.2,7.4,8.2,8.1,7.8,8.4
"Adamas University, Kolkata",West bengal,Engineering,190080.00000000003,134850.0,8.2,8.3,7.5,8.5,9.0,7.8,7.8
Sister Nivedita University,West bengal,Engineering,164450.0,149500.0,8.2,8.2,7.6,8.9,7.9,7.8,8.7
Asansol Engineering College,West bengal,Engineering,147474.80000000002,108100.0,7.8,8.1,7.2,7.8,8.4,7.6,7.7
University of Engineering and Management,West bengal,Engineering,177320.0,150000.0,8.1,8.6,7.2,8.5,7.9,8.8,7.7
JIS College of Engineering,West bengal,Engineering,142780.0,122600.0,7.9,8.1,7.2,8.4,8.1,7.8,8.0
Kalyani Government Engineering College,West bengal,Engineering,17770.5,17855.0,7.9,8.1,7.6,8.0,7.8,7.4,8.4
Indian Institute of Information Technology,West bengal,Engineering,18832.0,202020.0,6.8,7.6,6.4,7.2,6.1,7.0,6.5
The Neotia University,West bengal,Engineering,158400.0,98000.0,8.2,8.7,7.5,8.5,8.2,7.8,8.6
Siliguri Institute of Technology,West bengal,Engineering,432300.00000000006,54000.0,7.8,7.9,7.1,8.0,8.3,7.2,8.2
"University Institute of Technology, University Of Burdwan",West bengal,Engineering,78320.0,26000.0,6.5,7.0,5.9,7.2,6.6,5.4,6.6
Jalpaiguri Government Engineering College,West bengal,Engineering,16364.7,51916.0,7.8,7.8,7.9,7.8,7.4,7.3,8.8
"Techno India Salt Lake, Kolkata",West bengal,Engineering,532180.0,273000.0,7.5,7.9,6.0,7.8,7.5,7.6,8.3
Bengal College of Engineering and Technology,West bengal,Engineering,113960.00000000001,112500.0,7.1,7.2,6.6,7.2,8.0,6.1,7.5
Dr. B.C. Roy Engineering College,West bengal,Engineering,119878.00000000001,119000.0,7.7,7.9,7.3,7.7,8.1,7.2,7.8
Seacom Skills University,West bengal,Engineering,90200.00000000001,80000.0,7.5,8.4,6.4,8.9,7.4,6.7,7.3
National Institute of Technology,Orissa,Engineering,248050.00000000003,160500.0,8.4,8.3,7.9,7.8,9.1,8.2,8.9
Indian Institute of Technology,Orissa,Engineering,251543.6,233884.0,7.8,8.1,8.0,8.0,7.8,7.8,7.2
Institute of Technical Education and Research,Orissa,Engineering,275000.0,150000.0,8.2,8.4,7.4,8.2,8.6,8.3,8.0
"C. V. Raman Global University, Bhubaneswar",Orissa,Engineering,130900.00000000001,97000.0,7.6,7.9,7.0,7.5,8.2,7.5,7.6
Veer Surendra Sai University of Technology,Orissa,Engineering,100408.00000000001,91140.0,7.9,8.2,7.7,7.9,7.4,7.7,8.4
Centurion University of Technology and Management,Orissa,Engineering,110000.00000000001,40000.0,8.1,8.3,7.6,8.5,8.4,7.4,8.5
International Institute of Information Technology,Orissa,Engineering,221210.00000000003,176150.0,7.7,8.0,6.9,7.6,7.8,7.7,8.2
"Indira Gandhi Institute of Technology- [IGIT], Dhenkanal",Orissa,Engineering,37950.0,34500.0,7.8,8.0,8.3,7.9,7.7,6.7,8.4
Silicon Institute of Technology,Orissa,Engineering,660000.0,270000.0,7.7,8.5,7.0,8.1,7.3,7.7,7.5
Xavier University,Orissa,Engineering,338800.0,217000.0,8.2,8.7,7.8,8.4,9.2,6.8,8.4
College of Engineering,Orissa,Engineering,321200.0,160000.0,6.7,7.5,5.9,7.0,6.9,6.0,6.7
National Institute of Science and Technology,Orissa,Engineering,133650.0,80000.0,7.9,8.2,7.1,8.1,8.1,7.8,7.9
College of Engineering and Technology,Orissa,Engineering,258500.00000000003,122000.0,7.7,8.0,7.6,7.6,7.1,7.9,8.1
Gandhi Institute for Technology,Orissa,Engineering,89100.0,41500.0,7.4,7.9,6.4,7.7,7.8,6.6,7.7
Parala Maharaja Engineering College,Orissa,Engineering,36740.0,33400.0,7.3,7.7,7.5,7.6,7.6,5.7,7.7
GITA Autonomous College,Orissa,Engineering,118800.00000000001,91300.0,8.7,9.0,8.3,8.9,8.8,8.3,8.6
"Seemanta Engineering College, Mayurbhanj",Orissa,Engineering,242000.00000000003,120000.0,8.0,8.2,8.0,8.6,8.6,7.0,7.7
"Trident Academy of Technology, Bhubaneswar",Orissa,Engineering,119130.00000000001,72000.0,8.0,8.3,7.5,8.3,8.1,7.9,7.9
CIPET: Centre for Skilling and Technical Support,Orissa,Engineering,35948.0,76210.0,6.7,7.0,6.1,6.4,7.7,6.9,6.1
Krupajal Engineering College,Orissa,Engineering,79200.0,79000.0,6.3,6.6,6.3,6.5,6.9,4.9,6.5
Indian Institute of Technology,Uttarakhand,Engineering,243870.00000000003,23250.0,8.4,8.5,7.6,7.9,9.0,8.6,8.9
"Graphic Era University, School of Engineering and",Uttarakhand,Engineering,260040.00000000003,121000.0,8.2,8.3,7.7,8.0,8.6,8.8,8.0
"College of Technology, GB Pant University of",Uttarakhand,Engineering,71878.40000000001,46244.0,7.0,7.1,6.7,6.9,7.3,6.0,7.7
University of Petroleum and Energy Studies,Uttarakhand,Engineering,1764950.0000000002,557250.0,8.1,8.1,7.8,7.9,8.6,7.7,8.2
DIT University,Uttarakhand,Engineering,220000.00000000003,120000.0,7.8,7.9,7.6,7.6,8.4,7.4,8.0
Graphic Era University,Uttarakhand,Engineering,355740.0,92900.0,8.3,8.2,7.9,8.4,8.6,8.1,8.4
Graphic Era Hill University,Uttarakhand,Engineering,303160.0,79600.0,8.1,7.9,7.8,8.1,8.4,7.7,8.4
"ICFAI University, Dehradun",Uttarakhand,Engineering,171600.0,140000.0,7.8,8.2,7.5,8.2,7.4,7.3,7.9
Himgiri Zee University,Uttarakhand,Engineering,99000.00000000001,80000.0,7.9,8.5,5.5,9.0,8.0,7.7,8.8
Swami Rama Himalayan University,Uttarakhand,Engineering,233475.00000000003,84000.0,7.0,7.1,6.6,6.9,7.4,7.1,6.7
"Tula's Institute, Dehradun",Uttarakhand,Engineering,123750.00000000001,91500.0,7.8,8.0,7.2,7.7,8.5,7.4,8.2
College of Engineering,Uttarakhand,Engineering,149765.0,119150.0,8.3,8.4,8.1,8.1,8.7,7.5,8.8
Shivalik College of Engineering,Uttarakhand,Engineering,111540.00000000001,46400.0,7.2,7.1,7.1,7.3,7.2,7.1,7.3
Indian Institute of Aeronautical Engineering,Uttarakhand,Engineering,330000.0,300000.0,8.3,7.5,8.5,8.5,9.0,8.0,8.0
"Bipin Tripathi Kumaon Institute of Technology, Almora",Uttarakhand,Engineering,78265.0,82250.0,6.4,6.8,6.2,6.6,7.3,4.6,6.8
Govind Ballabh Pant Engineering College,Uttarakhand,Engineering,75916.5,80015.0,6.4,7.1,6.0,6.1,7.3,5.1,7.0
Dev Bhoomi Institute of Technology,Uttarakhand,Engineering,131670.0,92000.0,7.2,7.1,6.5,7.5,7.4,7.5,7.2
Graphic Era Hill University Bhimtal Campus,Uttarakhand,Engineering,303160.0,130600.0,8.1,8.2,7.6,7.9,8.8,7.8,8.0
Indian Institute of Management,Tamil nadu,Management,1309000.0,1000000.0,8.8,8.7,8.8,9.1,8.9,8.7,8.8
"Department of Management Studies, IIT Madras",Tamil nadu,Management,12320.000000000002,1125000.0,9.1,9.2,9.1,9.0,9.2,9.1,8.7
"NIT Trichy, Tiruchirappalli",Tamil nadu,Management,106975.00000000001,49250.0,8.5,8.6,7.8,8.2,8.7,8.8,8.7
"Great Lakes Institute of Management, Chennai",Tamil nadu,Management,1761100.0000000002,1601000.0,8.7,8.8,8.7,9.2,9.1,8.1,8.2
Loyola Institute of Business Administration,Tamil nadu,Management,1678600.0000000002,20500.0,9.0,9.1,9.0,9.0,9.0,9.0,9.1
P.S.G College of Technology,Tamil nadu,Management,81301.0,14000.0,9.0,9.2,8.7,8.9,9.0,9.1,8.8
Vellore Institute of Technology,Tamil nadu,Management,62700.00000000001,351500.0,8.3,8.3,8.0,7.8,8.9,8.5,8.5
"Amrita Vishwa Vidyapeetham, Coimbatore",Tamil nadu,Management,1166000.0,30000.0,8.1,8.5,6.6,8.5,8.6,8.2,8.0
Hindustan Institute of Technology and Science,Tamil nadu,Management,278300.0,92500.0,7.6,7.8,6.9,7.8,7.9,6.9,8.0
Vel Tech Dr. RR & Dr. SR,Tamil nadu,Management,102300.00000000001,70000.0,8.1,8.2,8.5,8.0,8.1,7.8,7.8
Bharath University,Tamil nadu,Management,44000.0,100000.0,7.6,7.9,7.1,8.1,7.6,7.8,7.0
GRG School of Management Studies,Tamil nadu,Management,44000.0,40000.0,9.0,9.0,9.0,9.3,9.3,8.3,9.3
"Karunya School of Management, Karunya University",Tamil nadu,Management,268400.0,41000.0,8.4,8.5,8.2,8.7,8.7,8.2,8.0
Coimbatore Institute of Management and Technology,Tamil nadu,Management,132000.0,15000.0,8.3,8.4,8.0,8.6,8.6,8.0,8.3
"Shailesh J. Mehta School of Management, IIT",Maharashtra,Management,760210.0000000001,25800.0,8.0,8.3,7.9,8.5,8.5,8.4,6.6
SP Jain Institute of Management and Research,Maharashtra,Management,1925000.0000000002,150000.0,8.7,9.0,8.3,9.0,8.8,9.0,8.1
Narsee Monjee Institute of Management Studies,Maharashtra,Management,662200.0,302000.0,8.1,8.4,7.6,8.5,8.1,7.9,8.2
Symbiosis Centre for Management and Human Resource,Maharashtra,Management,1034000.0000000001,220000.0,8.0,8.0,7.5,7.9,7.6,8.2,8.5
National Institute of Industrial Engineering,Maharashtra,Management,114400.00000000001,703000.0,9.0,9.0,9.0,9.0,9.0,9.3,8.6
Prin. L. N. Welingkar Institute of Management,Maharashtra,Management,605000.0,340000.0,8.0,8.4,7.4,8.4,8.2,7.8,7.9
"Bharati Vidyapeeth University, Institute of Management and",Maharashtra,Management,247500.00000000003,100000.0,8.0,8.4,7.5,8.5,8.0,7.7,7.9
"KJ Somaiya Institute of Management, Mumbai",Maharashtra,Management,899019.0000000001,332455.0,8.3,8.3,7.9,8.2,8.7,7.9,8.5
"Sydenham Institute of Management Studies, Research &",Maharashtra,Management,151800.0,16000.0,8.9,9.1,8.8,9.1,8.6,9.0,8.5
Symbiosis Institute of Operations Management,Maharashtra,Management,1342000.0,20000.0,8.6,9.4,8.5,8.5,7.8,8.8,8.6
Pune Institute of Business Management,Maharashtra,Management,874500.0000000001,200000.0,7.4,7.6,6.8,8.0,7.1,7.9,6.7
Vaikunth Mehta National Institute of Co-Operative Management,Maharashtra,Management,44000.0,22000.0,7.8,7.7,7.6,7.7,7.7,8.1,7.8
Universal Business School,Maharashtra,Management,470800.00000000006,1098000.0,8.6,8.8,8.2,8.8,8.7,8.2,8.7
DY Patil University's School of Management,Maharashtra,Management,132000.0,420000.0,6.9,7.1,6.0,7.6,7.0,6.2,7.3
Symbiosis Centre for Information Technology,Maharashtra,Management,682000.0,153000.0,8.0,8.3,8.0,7.5,8.0,7.9,8.2
MIT College of Management,Maharashtra,Management,182974.00000000003,1500000.0,7.4,8.1,5.8,8.2,8.3,6.4,7.6
Indian Institute of Management,Uttar pradesh,Management,2117500.0,750000.0,8.8,8.8,8.8,9.0,8.9,9.0,8.2
"Industrial and Management Engineering, IIT Kanpur- [IME",Uttar pradesh,Management,990000.0000000001,23850.0,9.2,9.4,9.1,9.2,9.3,9.2,8.7
"Institute of Management Studies, Banaras Hindu University,",Uttar pradesh,Management,93500.00000000001,15000.0,8.5,8.5,8.0,8.8,8.2,8.3,9.0
Amity Global Business School,Uttar pradesh,Management,297000.0,400000.0,8.5,8.6,7.4,8.8,9.0,8.4,8.7
Institute of Management Technology,Uttar pradesh,Management,139700.0,480000.0,8.6,8.7,8.4,8.4,8.8,8.2,8.9
"Amity University, Noida",Uttar pradesh,Management,440000.00000000006,344000.0,8.2,8.0,7.9,8.1,8.9,7.6,8.7
Birla Institute of Management Technology,Uttar pradesh,Management,95150.00000000001,1200000.0,7.9,8.0,8.1,8.1,8.2,7.4,7.7
"Jaipuria Institute of Management, Noida",Uttar pradesh,Management,588500.0,150000.0,8.4,8.6,7.8,8.7,8.4,8.1,8.6
"Jaipuria Institute of Management, Lucknow",Uttar pradesh,Management,577500.0,150000.0,8.9,8.9,8.8,9.1,9.0,8.9,8.5
MNNIT Allahabad,Uttar pradesh,Management,90200.00000000001,91000.0,8.0,8.4,7.3,7.8,7.1,8.9,8.2
GL Bajaj Institute of Management and Research,Uttar pradesh,Management,374000.00000000006,340000.0,7.7,8.2,7.2,7.7,7.9,7.9,7.4
Institute of Technology and Science,Uttar pradesh,Management,330000.0,115800.0,8.2,8.6,7.5,8.3,8.6,7.9,8.1
Shri Ram Murti Smarak International Business School,Uttar pradesh,Management,28050.000000000004,510000.0,9.5,9.5,9.6,9.4,9.6,9.4,9.2
Institute of Management Studies,Uttar pradesh,Management,435600.00000000006,117750.0,7.2,7.6,6.9,8.0,7.0,6.4,7.5
Sanskriti University,Uttar pradesh,Management,99000.00000000001,115000.0,7.0,7.2,6.7,7.0,7.5,6.9,6.8
"Mangalayatan University, Institute of Business Management",Uttar pradesh,Management,82500.0,135000.0,8.1,9.0,7.7,8.3,8.3,7.8,7.7
Teerthanker Mahaveer Institute of Management and Technology,Uttar pradesh,Management,101860.00000000001,157900.0,8.0,8.1,7.8,8.0,8.3,7.5,8.3
"Lloyd Business School, Greater Noida",Uttar pradesh,Management,286000.0,35000.0,7.9,7.9,7.6,8.0,8.0,7.9,7.9
Galgotias University School of Business,Uttar pradesh,Management,110000.00000000001,159000.0,7.4,7.3,6.5,7.3,7.7,7.8,7.7
Institute of Business Management,Uttar pradesh,Management,148500.0,226000.0,8.5,8.7,8.4,8.6,8.7,8.3,8.2
Department of Management Studies IIT Delhi,Delhi ncr,Management,528000.0,63900.0,9.1,9.2,8.8,9.5,9.2,9.0,8.9
Management Development Institute,Delhi ncr,Management,2593800.0,319668.0,9.0,8.8,8.9,9.0,9.1,9.2,8.8
Indian Institute of Management,Delhi ncr,Management,555500.0,130000.0,8.5,8.7,8.6,8.4,8.4,8.6,8.2
International Management Institute,Delhi ncr,Management,956450.0000000001,247000.0,8.4,8.8,8.0,8.8,8.2,8.4,7.9
Indian Institute of Foreign Trade,Delhi ncr,Management,561000.0,885000.0,8.7,8.7,8.4,9.0,8.4,8.9,8.5
"Jamia Millia Islamia University-[JMI], New Delhi",Delhi ncr,Management,44660.0,50000.0,8.0,8.4,7.6,8.3,8.4,7.2,8.2
"Department of Commerce, University of Delhi, New",Delhi ncr,Management,17265.600000000002,3685.0,8.4,8.3,8.5,8.9,8.2,8.3,8.0
"University of Delhi, Faculty of Management Studies",Delhi ncr,Management,105600.00000000001,48000.0,8.7,9.1,8.4,8.9,8.8,9.2,7.7
FORE School of Management,Delhi ncr,Management,1757800.0000000002,120000.0,7.8,8.4,7.1,8.5,7.6,7.9,7.4
Amity Global Business School,Delhi ncr,Management,297000.0,400000.0,8.5,8.6,7.4,8.8,9.0,8.4,8.7
Institute of Management Technology,Delhi ncr,Management,139700.0,480000.0,8.6,8.7,8.4,8.4,8.8,8.2,8.9
"Amity University, Noida",Delhi ncr,Management,440000.00000000006,344000.0,8.2,8.0,7.9,8.1,8.9,7.6,8.7
Birla Institute of Management Technology,Delhi ncr,Management,95150.00000000001,1200000.0,7.9,8.0,8.1,8.1,8.2,7.4,7.7
"Jaipuria Institute of Management, Noida",Delhi ncr,Management,588500.0,150000.0,8.4,8.6,7.8,8.7,8.4,8.1,8.6
Jagan Institute of Management Studies,Delhi ncr,Management,473000.00000000006,88000.0,8.1,8.5,7.5,8.7,7.9,8.0,8.2
Lal Bahadur Shastri Institute of Management,Delhi ncr,Management,627000.0,672500.0,7.7,7.8,6.8,8.1,7.4,7.6,8.2
"IILM Institute for Business & Management [IILM-IBM],",Delhi ncr,Management,126500.00000000001,115000.0,6.5,6.4,5.7,6.3,6.3,7.3,6.8
"IILM Institute for Higher Education, New Delhi",Delhi ncr,Management,1364000.0,1240000.0,8.4,9.0,7.0,9.0,8.7,8.8,8.0
"O.P. Jindal Global University, Jindal Global Business",Delhi ncr,Management,495000.00000000006,550000.0,9.3,9.1,9.3,9.1,9.3,9.1,9.8
GL Bajaj Institute of Management and Research,Delhi ncr,Management,374000.00000000006,340000.0,7.7,8.2,7.2,7.7,7.9,7.9,7.4
Institute of Technology and Science,Delhi ncr,Management,330000.0,115800.0,8.2,8.6,7.5,8.3,8.6,7.9,8.1
JK Business School,Delhi ncr,Management,102300.00000000001,358900.0,8.2,8.2,8.3,8.2,8.4,7.6,8.4
K L University Business School,Andhra pradesh,Management,203500.00000000003,285000.0,8.5,8.4,8.4,9.0,9.2,7.4,8.7
GITAM Institute of Management,Andhra pradesh,Management,231000.00000000003,396000.0,8.5,8.6,7.3,8.8,9.2,8.4,8.7
K L University,Andhra pradesh,Management,313500.0,185000.0,8.3,8.5,7.6,8.3,8.8,8.3,8.2
Indian Institute of Management Visakhapatnam,Andhra pradesh,Management,1576575.0000000002,1650000.0,8.9,8.8,9.0,9.0,8.8,8.8,8.8
GEMS B School,Andhra pradesh,Management,275000.0,360000.0,9.1,9.5,8.5,9.5,9.0,9.0,9.0
VIT University,Andhra pradesh,Management,302500.0,43000.0,8.2,8.3,7.9,8.3,8.1,8.4,8.1
"SRM University, Amaravathi",Andhra pradesh,Management,286000.0,295000.0,8.7,8.7,8.1,9.2,9.2,8.4,8.4
Indian Institute of Tourism and Travel Management,Andhra pradesh,Management,119735.00000000001,188600.0,8.4,9.3,8.5,9.0,8.2,8.0,7.5
VIT-AP School of Business,Andhra pradesh,Management,302500.0,43000.0,8.1,8.8,8.3,8.3,7.8,7.8,7.8
Sun International Institute for Tourism & Management-,Andhra pradesh,Management,143550.0,160500.0,7.9,8.4,7.3,7.5,7.8,8.5,7.7
Emeralds Degree and PG College,Andhra pradesh,Management,30800.000000000004,79000.0,8.6,9.3,8.3,8.6,9.5,7.0,8.6
Indian Institute of Management,Karnataka,Management,2530000.0,2750000.0,9.1,9.0,9.0,9.1,9.2,9.2,8.9
"Alliance University, Bangalore",Karnataka,Management,1485000.0000000002,600000.0,8.0,8.2,7.2,8.2,8.8,7.6,8.0
Jagdish Sheth School of Management,Karnataka,Management,1320000.0,320000.0,7.3,7.6,6.4,7.9,7.1,7.0,7.6
"Christ University, Bangalore",Karnataka,Management,418000.00000000006,166000.0,8.3,8.5,7.4,8.2,8.9,8.1,8.8
SDM Institute for Management Development,Karnataka,Management,314600.0,1120000.0,8.6,8.6,8.9,8.4,9.3,7.6,8.6
"AIMS Institutes, Bangalore",Karnataka,Management,250800.00000000003,900000.0,7.3,7.8,6.6,8.1,6.5,7.2,7.3
Symbiosis Institute of Business Management,Karnataka,Management,902000.0000000001,260000.0,7.7,8.0,7.4,7.8,7.8,7.8,7.5
Kristu Jayanti College,Karnataka,Management,88000.0,25000.0,8.4,8.9,7.7,8.4,8.9,8.1,8.5
Manipal Academy of Higher Education,Karnataka,Management,441100.00000000006,178000.0,8.4,8.5,8.2,8.6,8.8,7.8,8.4
"REVA University, Bangalore",Karnataka,Management,99000.00000000001,300000.0,8.4,8.3,8.1,8.3,9.3,7.8,8.4
International School of Business and Research,Karnataka,Management,990000.0000000001,100000.0,7.7,7.9,7.3,8.0,7.5,7.5,8.2
"The Oxford College of Business Management, Bangalore",Karnataka,Management,55000.00000000001,70000.0,6.6,7.0,6.2,7.8,7.0,5.8,5.9
Indian Academy Group of Institutions,Karnataka,Management,304700.0,519000.0,7.9,8.6,7.6,8.5,7.5,7.8,7.6
T John College,Karnataka,Management,97570.00000000001,267700.0,8.0,8.1,7.8,8.1,8.5,7.6,7.8
Indian School of Business,Telangana,Management,1122000.0,4700000.0,9.3,8.9,9.4,9.6,9.6,9.3,9.2
ICFAI Foundation for Higher Education,Telangana,Management,275000.0,700000.0,8.2,8.3,7.5,8.1,8.6,7.8,8.9
ICFAI Business School,Telangana,Management,781000.0000000001,260000.0,8.2,8.2,8.0,8.1,8.5,7.8,8.7
Narsee Monjee Institute of Management Studies,Telangana,Management,277200.0,827000.0,8.8,8.9,8.4,9.2,8.9,8.5,8.9
Institute of Management Technology,Telangana,Management,663300.0,500000.0,8.6,8.6,8.6,8.7,8.8,8.4,8.5
Woxsen School of Business,Telangana,Management,335500.0,695000.0,8.3,8.1,8.1,8.6,8.4,8.2,8.3
National Institute of Agricultural Extension Management,Telangana,Management,907500.0000000001,7000.0,8.6,8.8,7.8,8.9,8.4,9.0,8.7
Institute of Public Enterprise,Telangana,Management,500500.00000000006,380000.0,8.3,8.1,7.6,8.9,9.0,7.8,8.3
Vignana Jyothi Institute of Management,Telangana,Management,495000.00000000006,750000.0,8.4,8.5,7.9,8.7,8.6,8.3,8.5
Siva Sivani Institute of Management,Telangana,Management,726000.0000000001,622038.0,7.4,7.6,7.2,7.6,7.3,7.3,7.5
K L University,Telangana,Management,313500.0,185000.0,7.9,7.9,7.4,8.1,8.2,7.6,8.1
Vishwa Vishwani Institute of Systems and Management,Telangana,Management,407000.00000000006,370000.0,7.7,7.5,7.1,8.0,7.9,7.9,7.8
Institute of Insurance and Risk Management,Telangana,Management,352000.0,270000.0,8.1,7.9,7.7,8.4,8.0,8.2,8.3
Hyderabad School of Business,Telangana,Management,69300.0,113300.0,7.7,8.0,7.3,8.3,7.7,7.4,7.5
Indian Institute of Management,Madhya pradesh,Management,1078000.0,50000.0,8.9,8.8,8.9,8.9,9.0,8.9,8.6
Indian Institute of Forest Management,Madhya pradesh,Management,686400.0,624000.0,9.0,9.0,9.1,9.0,9.3,8.5,9.1
Prestige Institute of Management and Research,Madhya pradesh,Management,57200.00000000001,146500.0,7.9,8.2,7.0,8.4,7.3,7.7,8.5
Prestige Institute of Management,Madhya pradesh,Management,39600.0,80000.0,6.1,7.0,5.0,6.0,6.0,6.3,6.5
Shri Vaishnav Institute of Management,Madhya pradesh,Management,46332.00000000001,73620.0,8.1,8.6,7.1,8.7,8.0,7.5,8.6
CH Institute of Management & Commerce,Madhya pradesh,Management,13200.000000000002,58000.0,7.2,8.0,7.0,7.0,8.3,6.3,6.7
"SAGE University, Indore",Madhya pradesh,Management,77000.0,70000.0,8.7,8.7,7.9,8.8,9.2,8.5,9.0
"Amity University, Gwalior",Madhya pradesh,Management,88000.0,64000.0,8.6,8.8,8.5,8.4,9.3,8.0,8.3
"VIT Bhopal University, Bhopal",Madhya pradesh,Management,77000.0,43000.0,7.9,8.6,7.7,8.4,7.1,8.1,7.4
"RKDF University, Bhopal",Madhya pradesh,Management,99000.00000000001,18000.0,7.6,8.0,7.0,7.8,8.0,6.5,8.2
Awadhesh Pratap Singh University,Madhya pradesh,Management,26400.000000000004,30000.0,7.1,7.9,6.5,8.1,7.2,5.3,7.3
Rabindranath Tagore University,Madhya pradesh,Management,55000.00000000001,90000.0,7.7,8.0,7.4,7.8,8.6,6.4,7.8
Oriental University,Madhya pradesh,Management,55000.00000000001,241775.0,7.2,7.5,6.7,7.2,7.7,7.1,7.1
AKS University,Madhya pradesh,Management,59400.00000000001,60000.0,7.3,7.8,5.9,8.2,7.6,6.9,7.4
"ITM University, Gwalior",Madhya pradesh,Management,165000.0,70000.0,7.6,7.9,7.0,7.6,8.1,7.2,8.0
Jagran Lakecity University,Madhya pradesh,Management,148500.0,175000.0,8.0,8.0,7.9,7.8,8.6,7.4,8.1
Narsee Monjee Institute of Management Studies -[NMIMS,Madhya pradesh,Management,277200.0,727000.0,8.7,8.4,8.9,9.7,9.2,6.2,9.6
"Swami Vivekanand University, Sagar",Madhya pradesh,Management,30360.000000000004,42600.0,6.3,6.9,5.0,7.0,6.4,5.6,6.6
Institute of Professional Education and Research,Madhya pradesh,Management,68695.0,103000.0,8.5,9.0,7.5,9.0,8.2,8.0,9.2
"Institute of Management Studies, Devi Ahilya Vishwavidyalaya",Madhya pradesh,Management,69960.0,59211.0,7.7,8.1,6.9,8.1,7.1,7.7,8.1
LNCT University,Madhya pradesh,Management,93500.00000000001,45000.0,9.0,9.0,8.8,9.3,8.8,8.9,8.9
Indian Institute of Management,Kerala,Management,2475000.0,45000.0,8.9,8.9,8.9,9.1,9.1,9.1,8.3
National Institute of Technology,Kerala,Management,30145.500000000004,82405.0,8.1,8.4,7.9,7.7,8.0,8.1,8.2
Rajagiri Business School,Kerala,Management,1353550.0,325000.0,8.2,8.4,7.4,8.1,8.9,7.5,9.0
"IIKM Business School, Calicut",Kerala,Management,99000.00000000001,385000.0,8.2,7.7,8.0,8.0,8.7,8.7,8.0
State Institute of Hospitality Management,Kerala,Management,33000.0,30000.0,7.8,8.5,6.8,8.0,7.3,8.8,7.3
Kochi Business School,Kerala,Management,352000.0,250000.0,7.7,7.7,7.3,7.8,7.5,7.9,7.9
Amity Global Business School,Kerala,Management,177100.0,299000.0,8.6,9.0,7.5,8.8,8.6,8.6,9.2
"Don Bosco College Sulthan Bathery, Wayanad",Kerala,Management,42460.0,45000.0,7.9,8.3,6.8,8.5,8.3,6.8,8.5
Indian School of Business Management and Administration,Kerala,Management,16390.0,95900.0,9.2,9.7,9.7,9.3,9.3,9.0,8.3
Indian Institute of Management,Rajasthan,Management,2035000.0000000002,1300000.0,9.0,8.9,8.9,9.1,9.0,8.9,9.0
Birla Institute of Technology and Science,Rajasthan,Management,466372.50000000006,86825.0,8.9,8.8,8.2,8.8,9.0,9.0,9.3
"Jagannath University, Jaipur",Rajasthan,Management,82500.0,155000.0,7.3,7.1,6.7,7.9,7.7,6.9,7.4
"Jaipur National University, School of Business &",Rajasthan,Management,75570.0,250000.0,8.1,8.4,8.0,9.0,7.4,7.6,8.3
JECRC University,Rajasthan,Management,132000.0,125000.0,8.1,8.1,7.4,8.2,8.2,8.1,8.7
"Amity University, Jaipur",Rajasthan,Management,367400.00000000006,2240000.0,8.0,7.8,7.6,7.8,8.9,7.4,8.7
University of Rajasthan,Rajasthan,Management,5984.000000000001,23300.0,7.6,8.1,7.1,8.1,7.9,6.5,7.8
Taxila Business School,Rajasthan,Management,500500.00000000006,160000.0,8.3,8.6,7.6,9.0,7.8,8.6,8.1
"Singhania University, Jhunjhunu",Rajasthan,Management,46200.00000000001,22000.0,7.1,7.1,6.7,7.1,7.1,7.0,7.3
Jaipur National University,Rajasthan,Management,198550.00000000003,132000.0,7.5,7.9,7.0,7.7,7.8,6.7,7.6
Manipal University,Rajasthan,Management,447700.00000000006,153000.0,8.4,8.2,8.3,8.2,9.2,7.7,9.0
SunRise University,Rajasthan,Management,26620.000000000004,62200.0,8.1,8.1,7.3,8.7,8.1,7.9,8.4
"OPJS University, Churu",Rajasthan,Management,103180.00000000001,36200.0,7.2,7.1,7.6,7.6,7.7,6.3,6.8
"Banasthali Vidyapith, Jaipur",Rajasthan,Management,179850.0,161500.0,8.5,8.8,8.2,8.9,8.6,7.9,8.8
Suresh Gyan Vihar University,Rajasthan,Management,88000.0,200000.0,7.5,7.8,6.7,7.5,8.8,6.3,8.0
IIS (Deemed to be University),Rajasthan,Management,525030.0,99300.0,8.3,8.6,8.5,8.6,8.0,7.9,8.4
Madhav University,Rajasthan,Management,66000.0,60000.0,7.8,7.9,7.5,8.2,7.9,7.3,7.8
"Tantia University, Sriganganagar",Rajasthan,Management,44000.0,75000.0,8.6,8.8,8.4,9.3,8.8,7.1,9.1
"Pacific University, Udaipur",Rajasthan,Management,46750.00000000001,50000.0,7.7,7.8,7.3,8.1,7.8,7.2,8.0
Management Development Institute,Haryana,Management,2593800.0,319668.0,9.0,8.8,8.9,9.0,9.1,9.2,8.8
Indian Institute of Management,Haryana,Management,555500.0,130000.0,8.5,8.7,8.6,8.4,8.4,8.6,8.2
"University School of Business, Chandigarh University",Haryana,Management,115500.00000000001,195000.0,9.1,9.1,8.8,9.1,9.2,9.3,8.9
"IILM Institute for Business & Management [IILM-IBM],",Haryana,Management,126500.00000000001,115000.0,6.5,6.4,5.7,6.3,6.3,7.3,6.8
"O.P. Jindal Global University, Jindal Global Business",Haryana,Management,495000.00000000006,550000.0,9.3,9.1,9.3,9.1,9.3,9.1,9.8
JK Business School,Haryana,Management,102300.00000000001,358900.0,8.2,8.2,8.3,8.2,8.4,7.6,8.4
Manav Rachna International Institute of Research and,Haryana,Management,328350.0,161000.0,7.5,7.4,7.3,7.5,8.3,6.6,7.6
"IBMR Business School, Gurgaon",Haryana,Management,326700.0,575000.0,8.0,8.3,7.8,8.2,7.8,8.0,7.8
Tilak Raj Chadha Institute of Management &,Haryana,Management,44594.0,76900.0,8.1,8.3,7.2,8.8,7.2,8.5,8.8
"SRM University Delhi NCR, Sonepat",Haryana,Management,189750.00000000003,286000.0,7.8,8.0,7.5,7.9,8.1,7.6,7.9
"Gurugram University, Gurgaon",Haryana,Management,44000.0,40000.0,8.2,8.6,7.4,8.4,8.6,8.0,8.1
"Great Learning, Gurgaon",Haryana,Management,247500.00000000003,300000.0,7.7,7.5,6.0,8.6,8.0,8.4,7.8
"PDM University, Bahadurgarh, Bahadurgarh",Haryana,Management,89870.0,135000.0,7.4,7.1,7.6,7.4,7.5,7.1,7.7
BML Munjal University,Haryana,Management,577500.0,272000.0,8.1,8.0,8.0,7.9,8.5,7.8,8.3
"Amity University, Gurgaon",Haryana,Management,475200.00000000006,248000.0,7.7,7.8,7.1,7.6,8.6,7.1,8.1
O. P. Jindal Global University,Haryana,Management,605000.0,120000.0,8.3,8.4,8.2,8.3,8.8,7.5,8.7
"IILM University, Gurgaon",Haryana,Management,825000.0000000001,330000.0,8.4,8.2,7.4,8.5,8.6,8.6,8.8
"Starex University, Gurgaon",Haryana,Management,110000.00000000001,65000.0,8.8,9.1,9.1,8.7,8.6,8.5,8.7
Great Lakes Institute of Management,Haryana,Management,1541100.0000000002,1401000.0,8.5,8.7,8.2,8.5,8.8,8.6,8.4
Modern Vidya Niketan,Haryana,Management,99000.00000000001,95000.0,7.0,7.2,6.4,7.7,7.0,6.8,6.8
Manav Rachna University,Haryana,Management,180950.00000000003,130000.0,7.8,7.6,7.5,7.7,8.8,7.3,7.9
"Sushant University / Ansal University, Gurgaon",Haryana,Management,159500.0,398000.0,7.8,8.0,8.0,7.9,8.4,7.0,7.5
"NIILM University, Kaithal",Haryana,Management,264000.0,40000.0,8.1,8.6,7.9,8.5,7.9,7.8,8.1
Indian Institute of Management,Gujarat,Management,3080000.0000000005,1000000.0,9.0,8.9,8.9,9.1,9.0,9.2,8.6
"Institute of Management, Nirma university, Ahmedabad",Gujarat,Management,552200.0,58500.0,8.6,8.3,8.5,8.8,9.0,8.3,8.7
Institute of Rural Management,Gujarat,Management,946000.0000000001,583400.0,8.9,8.9,8.8,9.0,9.0,8.9,8.9
ITM Vocational University,Gujarat,Management,68200.0,57000.0,7.8,8.7,7.4,8.0,7.5,7.1,7.9
Maharaja Sayajirao University of Baroda,Gujarat,Management,25410.000000000004,21660.0,7.9,8.3,7.0,8.4,8.0,7.2,8.4
Sardar Patel University,Gujarat,Management,74954.0,12500.0,7.8,8.6,7.0,8.5,7.7,7.3,7.8
Nirma University,Gujarat,Management,552200.0,97200.0,8.4,8.6,8.0,8.4,9.1,8.1,8.2
Pandit Deendayal Petroleum University [PDPU] / (Energy,Gujarat,Management,273900.0,419000.0,8.6,8.3,8.3,8.1,9.4,8.1,9.4
Ganpat University,Gujarat,Management,104500.00000000001,60000.0,8.1,8.2,7.2,8.1,8.5,7.8,8.6
"Indus University, Ahmedabad",Gujarat,Management,93500.00000000001,65500.0,7.5,7.9,7.0,7.7,7.8,6.8,7.9
Marwadi University,Gujarat,Management,73700.0,120000.0,8.3,8.2,8.3,8.2,9.1,7.7,8.2
MICA,Gujarat,Management,2310000.0,70000.0,9.0,8.8,9.0,9.0,9.1,8.8,9.1
Navrachana University,Gujarat,Management,125400.00000000001,110000.0,7.7,7.7,7.4,8.2,8.0,7.2,7.8
"GLS University, Ahmedabad",Gujarat,Management,134200.0,50000.0,7.9,8.0,6.9,8.5,8.1,7.6,8.5
Karnavati University,Gujarat,Management,198000.00000000003,144000.0,8.9,8.6,8.2,9.3,9.4,8.6,9.3
Indian School of Business Management and Administration,Gujarat,Management,16390.0,69900.0,8.0,8.8,7.6,8.1,8.0,7.9,7.8
"Uka Tarsadia University, Bardoli",Gujarat,Management,89100.0,67000.0,8.1,7.8,7.9,8.2,9.4,6.9,8.3
"Auro University, Surat",Gujarat,Management,319000.0,270000.0,8.3,8.2,8.5,8.6,8.7,7.2,8.6
RK University,Gujarat,Management,98450.00000000001,61000.0,8.5,9.0,7.9,8.6,9.0,7.8,8.5
"Sumandeep Vidyapeeth, Vadodara",Gujarat,Management,77220.0,80000.0,7.8,8.0,7.0,8.2,8.0,7.5,8.0
"Atmiya University, Rajkot",Gujarat,Management,101915.00000000001,21300.0,8.1,8.8,7.5,8.6,8.4,7.4,7.9
"Ahmedabad Management Association, Ahmedabad",Gujarat,Management,44000.0,40000.0,8.6,9.2,8.3,8.8,8.6,8.1,8.3
"B K School of Business Management, Ahmedabad",Gujarat,Management,16500.0,10000.0,7.9,8.3,6.8,8.2,7.4,8.3,8.1
"C. U. Shah University, Wadhwan",Gujarat,Management,24310.000000000004,58500.0,7.7,7.6,7.0,8.2,7.8,7.4,7.9
"P.P. Savani University, Surat",Gujarat,Management,86350.0,198500.0,9.3,9.4,8.9,9.5,9.6,8.7,9.4
"University School of Business, Chandigarh University",Punjab,Management,115500.00000000001,195000.0,9.1,9.1,8.8,9.1,9.2,9.3,8.9
"Chitkara University, Chitkara Business School",Punjab,Management,233200.00000000003,283000.0,8.5,8.9,7.4,8.5,9.1,8.5,8.6
"PCTE Group of Institutes, Ludhiana",Punjab,Management,61105.00000000001,97350.0,7.7,8.0,7.2,8.0,8.0,6.8,8.3
Chandigarh Business School of Administration,Punjab,Management,54890.00000000001,92000.0,8.0,8.0,7.4,8.1,8.0,8.4,8.3
Chitkara University,Punjab,Management,622600.0,350000.0,8.5,8.4,7.7,8.5,8.9,8.7,8.7
Indian Institute of Management,Punjab,Management,660000.0,950000.0,9.0,8.8,9.1,9.1,8.9,9.1,8.7
"RIMT University, Gobindgarh",Punjab,Management,165000.0,57000.0,7.6,7.9,7.3,7.8,8.0,6.7,7.8
"Guru Kashi University, Bathinda",Punjab,Management,68838.0,24580.0,7.5,7.4,7.2,8.0,7.2,7.2,7.8
"Rayat Bahra University, Mohali",Punjab,Management,55000.00000000001,110000.0,7.7,7.8,7.4,8.0,7.7,7.4,7.6
"DAV University, Jalandhar",Punjab,Management,96250.00000000001,145000.0,7.9,8.4,7.0,8.4,7.0,8.0,8.5
"GNA University, Phagwara",Punjab,Management,59400.00000000001,167400.0,7.7,8.0,7.6,7.9,7.8,7.2,7.7
Indian School of Business,Punjab,Management,1122000.0,4760000.0,8.9,9.0,8.9,9.0,8.9,8.6,8.7
"Adesh University, Bathinda",Punjab,Management,99000.00000000001,137500.0,8.6,8.8,8.8,8.5,9.0,8.3,8.3
Sant Baba Bhag Singh University,Punjab,Management,90750.00000000001,44000.0,8.5,9.0,8.2,8.6,8.0,8.5,8.6
Sri Guru Granth Sahib World University,Punjab,Management,114400.00000000001,42000.0,8.8,8.6,9.0,9.0,9.1,8.4,8.7
LM Thapar School of Management,Punjab,Management,457446.00000000006,480000.0,7.9,7.7,8.1,8.0,7.9,7.7,7.8
Malout Institute of Management and Information Technology,Punjab,Management,49445.00000000001,90549.0,7.7,8.0,7.8,7.4,8.3,6.4,8.0
Punjab College of Technical Education,Punjab,Management,56375.00000000001,96650.0,8.0,7.7,8.1,7.9,8.3,7.1,8.8
"UEI Global, Ludhiana",Punjab,Management,121000.00000000001,35000.0,8.4,8.2,8.2,8.3,8.3,9.0,8.5
Indian Institute of Management,West bengal,Management,2970000.0000000005,268000.0,8.9,8.9,8.8,9.0,8.8,9.1,8.5
Vinod Gupta School of Management,West bengal,Management,660000.0,10000.0,8.9,9.0,8.7,8.8,9.1,8.7,9.1
"International Management Institute- [IMI], Kolkata",West bengal,Management,690745.0,102000.0,8.6,8.8,8.4,8.7,8.9,8.6,8.3
Indian Institute of Social Welfare and Business,West bengal,Management,280500.0,35000.0,7.7,8.6,6.5,8.3,6.9,8.0,8.0
Eastern Institute for Integrated Learning In Management,West bengal,Management,297000.0,650000.0,7.5,7.6,6.6,7.5,7.4,8.1,7.6
Institute of Engineering and Management,West bengal,Management,352000.0,115000.0,7.5,8.2,6.5,8.0,6.7,8.4,7.2
Bhartiya Vidya Bhavan Institute of Management Science,West bengal,Management,116600.00000000001,551000.0,8.0,8.5,6.8,8.8,8.2,7.4,8.3
Institute of Management Study,West bengal,Management,60500.00000000001,260000.0,7.3,7.8,6.4,7.7,7.6,7.3,6.8
"Amity University, Kolkata",West bengal,Management,88000.0,190000.0,8.2,8.1,7.7,8.4,8.8,7.4,8.5
"Adamas University, Kolkata",West bengal,Management,90200.00000000001,251400.0,8.2,8.3,7.5,8.5,9.0,7.8,7.8
"Brainware University, Kolkata",West bengal,Management,370920.00000000006,100000.0,7.9,8.3,7.6,7.9,8.2,7.8,7.3
Sister Nivedita University,West bengal,Management,130900.00000000001,351000.0,8.2,8.2,7.6,8.9,7.9,7.8,8.7
St. Xavier's University,West bengal,Management,610500.0,132000.0,8.4,8.7,8.0,8.3,8.9,7.8,8.4
The Neotia University,West bengal,Management,107800.00000000001,106000.0,8.2,8.7,7.5,8.5,8.2,7.8,8.6
Indian Institute of Foreign Trade,West bengal,Management,440000.00000000006,75000.0,9.0,9.2,8.7,9.2,8.9,9.2,8.9
Globsyn Business School,West bengal,Management,874500.0000000001,14000.0,8.1,8.4,7.7,8.1,8.1,8.0,8.0
Seacom Skills University,West bengal,Management,121000.00000000001,60000.0,7.5,8.4,6.4,8.9,7.4,6.7,7.3
National Institute of Management,West bengal,Management,125400.00000000001,82000.0,8.5,8.4,7.4,8.8,8.7,8.7,8.9
KIIT School of Management,Orissa,Management,308000.0,460000.0,8.7,8.9,8.5,8.7,9.4,8.2,8.2
Xavier University,Orissa,Management,946000.0000000001,167000.0,8.2,8.7,7.8,8.4,9.2,6.8,8.4
International Management Institute,Orissa,Management,280500.0,600000.0,9.2,9.2,9.0,9.3,9.4,9.0,9.1
Xavier Institute of Management,Orissa,Management,1188000.0,1550000.0,8.2,8.3,7.9,8.5,8.3,7.9,8.4
Kalinga Institute of Industrial Technology,Orissa,Management,394900.00000000006,225000.0,8.6,8.4,8.1,8.2,9.2,8.6,9.0
Centurion University of Technology and Management,Orissa,Management,110000.00000000001,50000.0,8.1,8.3,7.6,8.5,8.4,7.4,8.5
Sri Sri University,Orissa,Management,387079.00000000006,121890.0,7.1,7.3,6.7,7.0,7.3,6.3,8.2
Indian Institute of Management,Orissa,Management,1433300.0,900000.0,8.8,8.8,8.7,9.0,8.8,9.1,8.5
Birla Global University,Orissa,Management,176000.0,120000.0,8.3,8.8,8.1,7.8,8.8,8.1,8.4
Siksha 'O' Anusandhan University,Orissa,Management,330000.0,100000.0,8.3,8.6,7.6,8.3,8.7,8.0,8.5
"Srusti Academy of Management, Bhubaneswar",Orissa,Management,53295.00000000001,136950.0,8.1,8.3,7.7,8.6,8.2,7.3,8.3
Rourkela Institute of Management Studies,Orissa,Management,52250.00000000001,112000.0,9.0,9.2,8.8,9.7,9.5,8.3,8.6
Indian Institute of Tourism and Travel Management,Orissa,Management,119735.00000000001,188600.0,8.7,9.8,7.3,9.7,9.3,8.5,7.3
Amity Global Business School,Orissa,Management,129800.00000000001,230000.0,8.7,9.3,8.3,9.0,8.6,8.4,8.8
NIIS Institute of Information Science & Management,Orissa,Management,170500.0,115000.0,9.0,9.2,8.7,9.2,9.2,9.0,8.7
Institute of Professional Studies and Research,Orissa,Management,71500.0,95000.0,7.4,7.9,7.6,8.5,7.1,6.0,7.5
"Department of Management Studies, Indian Institute of",Uttarakhand,Management,450648.00000000006,14680.0,8.9,8.9,8.7,8.9,9.3,9.1,8.4
Indian Institute of Management,Uttarakhand,Management,860750.0000000001,950000.0,8.7,8.6,8.7,8.9,8.9,8.5,8.3
University of Petroleum and Energy Studies,Uttarakhand,Management,925650.0000000001,1334000.0,8.1,8.1,7.8,7.9,8.6,7.7,8.2
IMS Unison University,Uttarakhand,Management,299998.60000000003,179200.0,8.2,8.2,8.0,8.5,8.5,7.5,8.2
Doon Business School,Uttarakhand,Management,278300.0,181500.0,7.6,8.0,7.0,8.1,7.4,7.4,7.7
"Uttaranchal Institute of Management, Dehradun",Uttarakhand,Management,90200.00000000001,148000.0,6.8,6.8,5.5,6.8,7.8,5.5,8.3
"Doon University, Dehradun",Uttarakhand,Management,89925.0,47750.0,7.2,7.3,7.0,7.3,7.9,6.3,7.6
"Uttaranchal University, Dehradun",Uttarakhand,Management,197120.00000000003,155000.0,7.5,7.8,6.8,7.7,8.6,6.5,7.5
Graphic Era University,Uttarakhand,Management,298100.0,136300.0,8.3,8.2,7.9,8.4,8.6,8.1,8.4
Graphic Era Hill University,Uttarakhand,Management,293700.0,142800.0,8.1,7.9,7.8,8.1,8.4,7.7,8.4
"ICFAI University, Dehradun",Uttarakhand,Management,287100.0,240000.0,7.8,8.2,7.5,8.2,7.4,7.3,7.9
Himgiri Zee University,Uttarakhand,Management,132000.0,70000.0,7.9,8.5,5.5,9.0,8.0,7.7,8.8
Swami Rama Himalayan University,Uttarakhand,Management,210100.00000000003,118850.0,7.0,7.1,6.6,6.9,7.4,7.1,6.7
Shri Guru Ram Rai University,Uttarakhand,Management,67430.0,94400.0,7.6,7.8,7.1,7.9,7.9,7.3,7.7
UPES Centre for Continuing Education,Uttarakhand,Management,79750.0,36250.0,7.9,8.7,8.0,8.0,8.0,7.3,7.3
"Nimbus Academy of Management- [NAM], Dehradun",Uttarakhand,Management,55000.00000000001,100000.0,8.4,8.4,7.8,8.8,8.4,8.2,8.7
Quantum School of Business,Uttarakhand,Management,73700.0,147000.0,7.2,7.2,7.1,7.1,6.9,7.1,7.5
"Loyola College, Chennai",Tamil nadu,Science,18469.0,85250.0,8.6,8.7,8.2,8.3,8.9,8.4,8.8
"Presidency College, Chennai",Tamil nadu,Science,1397.0,930.0,8.2,8.8,7.3,8.9,8.1,7.6,8.6
"Stella Maris College, Chennai",Tamil nadu,Science,25184.500000000004,15000.0,8.2,8.8,7.5,8.6,8.4,7.6,8.5
"PSG College of Arts and Science, Coimbatore",Tamil nadu,Science,7700.000000000001,10000.0,8.3,8.5,7.9,8.2,8.5,8.2,8.7
"PSGR Krishnammal College for Women, Coimbatore",Tamil nadu,Science,1937.1000000000001,2258.0,8.8,9.1,8.3,8.6,8.9,8.7,9.0
Women's Christian College,Tamil nadu,Science,45005.4,65264.0,8.7,9.0,7.9,8.8,9.1,8.5,8.9
"Government Arts College (Autonomous), Coimbatore",Tamil nadu,Science,1512.5000000000002,935.0,7.7,8.8,6.7,8.5,7.4,6.3,8.6
"Thiagarajar College, Madurai",Tamil nadu,Science,44187.0,26555.0,7.5,7.9,7.1,8.0,7.1,7.2,7.9
"Queen Mary's College, Chennai",Tamil nadu,Science,684.2,1532.0,7.6,7.9,6.9,8.3,6.8,7.6,8.2
Bishop Heber College,Tamil nadu,Science,36960.0,91140.0,8.3,8.5,7.8,8.2,8.9,8.1,8.4
Ayya Nadar Janaki Ammal College,Tamil nadu,Science,22577.500000000004,26550.0,8.0,8.5,7.7,8.4,8.5,6.8,7.8
"Kongunadu Arts and Science College, Coimbatore",Tamil nadu,Science,44000.0,38000.0,7.3,8.0,6.7,8.3,7.3,6.3,7.0
Jamal Mohamed College,Tamil nadu,Science,28600.000000000004,34000.0,8.5,8.8,8.1,8.5,8.6,8.4,8.6
Sri Ramakrishna Mission Vidyalaya College of Arts,Tamil nadu,Science,8030.000000000001,13270.0,8.6,8.8,7.7,8.9,9.0,8.1,8.9
"Sri Ramakrishna College of Arts and Science,",Tamil nadu,Science,57200.00000000001,52000.0,8.2,8.2,7.3,8.7,7.7,8.2,8.8
Virudhunagar Hindu Nadar's Senthikumara Nadar College,Tamil nadu,Science,966.9000000000001,1464.0,8.5,9.0,8.3,8.4,8.8,7.9,8.6
Madras School of Social Work,Tamil nadu,Science,56320.00000000001,75000.0,8.1,9.0,8.2,8.2,6.7,8.0,8.2
"Guru Nanak College, Chennai",Tamil nadu,Science,10450.0,11450.0,7.9,8.2,7.1,8.0,8.4,7.3,8.5
"Vellalar College for Women, Erode",Tamil nadu,Science,2910.6000000000004,2136.0,8.1,8.5,7.6,8.3,8.5,7.7,8.1
"St. Xavier's College (Autonomous), Palayamkottai",Tamil nadu,Science,7111.500000000001,5356.0,8.4,8.3,8.0,8.7,8.6,7.7,8.8
"V. O. Chidambaram College, Thoothukkudi",Tamil nadu,Science,5500.0,9850.0,7.3,8.3,7.3,7.0,7.6,5.6,7.7
"Lady Doak College, Madurai",Tamil nadu,Science,199100.00000000003,43300.0,8.4,9.1,7.2,8.7,8.6,8.4,8.2
"Fergusson College, Pune",Maharashtra,Science,12248.500000000002,50780.0,8.1,8.5,7.3,8.2,8.5,7.1,8.7
"St. Xavier's College, Mumbai",Maharashtra,Science,7905.700000000001,15674.0,8.2,8.7,7.3,8.3,8.8,7.6,8.7
"Mithibai College of Arts, Mumbai",Maharashtra,Science,60500.00000000001,50000.0,8.5,8.5,8.3,8.4,8.9,7.6,9.0
"Ramnarain Ruia Autonomous College, Mumbai",Maharashtra,Science,41024.5,7450.0,7.9,8.4,7.0,8.0,8.4,6.6,8.9
B.K Birla College Of Arts Science &,Maharashtra,Science,31680.000000000004,10270.0,7.6,8.0,6.5,8.1,8.1,6.6,8.0
Jai Hind College,Maharashtra,Science,6743.000000000001,13602.0,8.5,8.5,8.3,8.5,8.4,7.8,9.2
Kishinchand Chellaram College,Maharashtra,Science,11808.500000000002,50920.0,8.3,8.6,7.9,8.5,8.4,7.4,8.7
Rajiv Gandhi Institute of Information Technology and,Maharashtra,Science,77000.0,105000.0,8.3,8.6,7.4,9.6,8.1,7.4,8.8
IIT Bombay,Maharashtra,Science,41800.0,228000.0,8.9,9.3,7.9,8.7,8.9,9.1,9.2
Institute of Chemical Technology,Maharashtra,Science,61325.00000000001,64500.0,8.7,9.1,8.1,8.9,8.7,8.4,9.1
Savitribai Phule Pune University,Maharashtra,Science,23100.000000000004,5850.0,7.6,8.1,7.1,7.9,7.9,6.8,7.5
"DY Patil University, Navi Mumbai",Maharashtra,Science,132000.0,125000.0,7.5,7.3,7.1,7.7,7.5,7.4,7.8
Narsee Monjee Institute of Management Studies,Maharashtra,Science,167200.0,177000.0,8.1,8.4,7.6,8.5,8.1,7.9,8.2
Visvesvaraya National Institute of Technology,Maharashtra,Science,65780.0,34800.0,8.1,8.3,7.5,8.0,8.4,7.7,8.7
Seth GS Medical College,Maharashtra,Science,73953.0,67230.0,8.0,8.8,6.7,7.6,8.0,8.2,8.4
Central Institute of Fisheries Education,Maharashtra,Science,18370.0,16700.0,8.9,9.0,9.7,8.5,9.7,8.2,8.4
Indian Institute of Technology,Uttar pradesh,Science,22055.0,215600.0,8.9,9.1,8.4,8.7,9.3,8.9,9.1
Banaras Hindu University,Uttar pradesh,Science,4840.0,6720.0,8.3,8.7,8.1,8.4,8.8,7.2,8.6
Indian Institute of Technology,Uttar pradesh,Science,40496.5,37315.0,8.5,8.5,8.2,8.1,7.6,9.1,9.2
Aligarh Muslim University,Uttar pradesh,Science,103092.00000000001,8980.0,8.3,8.8,7.9,8.5,8.8,7.2,8.6
"Amity University, Noida",Uttar pradesh,Science,132000.0,80000.0,8.2,8.0,7.9,8.1,8.9,7.6,8.7
MNNIT Allahabad,Uttar pradesh,Science,90200.00000000001,63000.0,8.0,8.4,7.3,7.8,7.1,8.9,8.2
"Amity University, Lucknow",Uttar pradesh,Science,52800.00000000001,108000.0,8.1,8.0,7.6,8.1,8.8,7.1,8.8
Chaudhary Charan Singh University,Uttar pradesh,Science,5120.5,4715.0,6.4,6.6,6.1,7.3,6.6,4.9,6.6
Sam Higginbottom University of Agriculture Technology and,Uttar pradesh,Science,42900.0,71000.0,7.2,7.6,6.6,7.5,7.5,6.0,7.9
Ewing Christian College,Uttar pradesh,Science,10186.0,40000.0,7.0,8.2,5.7,7.9,7.5,5.1,7.8
Teerthanker Mahaveer University,Uttar pradesh,Science,44440.0,99000.0,8.1,8.3,7.6,8.2,8.7,7.3,8.3
"Mewar Institute of Management, Ghaziabad",Uttar pradesh,Science,33000.0,45000.0,7.9,8.3,6.6,8.7,7.9,8.3,7.7
Mangalayatan University,Uttar pradesh,Science,27500.000000000004,30000.0,7.9,7.8,7.8,8.2,8.4,7.1,8.1
Institute of Technology and Science,Uttar pradesh,Science,67100.0,72000.0,8.2,8.6,7.5,8.3,8.6,7.9,8.1
DAV College,Uttar pradesh,Science,10505.0,48000.0,6.7,7.5,5.6,7.3,7.0,5.8,7.1
"Hindu College, New Delhi",Delhi ncr,Science,22506.0,19710.0,8.4,8.8,7.9,8.7,8.5,7.6,9.0
"Miranda House, New Delhi",Delhi ncr,Science,21780.0,16170.0,8.6,9.1,8.5,8.5,9.3,7.1,8.9
Hansraj College,Delhi ncr,Science,26966.500000000004,16554.0,8.4,8.7,7.9,8.7,8.5,7.8,8.9
Kirori Mal College,Delhi ncr,Science,16054.500000000002,9339.0,8.2,8.7,7.6,8.6,7.9,7.3,8.9
"Ramjas College, New Delhi",Delhi ncr,Science,16071.000000000002,14404.0,7.9,8.4,7.1,8.4,7.9,7.0,8.5
"Sri Venkateswara College, New Delhi",Delhi ncr,Science,16010.500000000002,13191.0,8.3,8.7,7.8,8.5,8.2,7.9,8.8
"Gargi College, New Delhi",Delhi ncr,Science,15449.500000000002,13331.0,8.2,8.5,7.2,8.6,8.0,7.8,9.0
Sri Guru Tegh Bahadur Khalsa College,Delhi ncr,Science,29661.500000000004,18954.0,7.8,8.2,7.2,8.2,8.1,6.8,8.3
"Jamia Millia Islamia University-[JMI], New Delhi",Delhi ncr,Science,8800.0,7800.0,8.0,8.4,7.6,8.3,8.4,7.2,8.2
Acharya Narendra Dev College,Delhi ncr,Science,8761.5,7851.0,7.8,8.9,6.5,8.7,7.3,7.1,8.1
"Maitreyi College, New Delhi",Delhi ncr,Science,9229.0,7616.0,7.8,8.3,6.8,8.3,8.0,6.8,8.3
Indraprastha College for Women,Delhi ncr,Science,50160.00000000001,13000.0,8.0,8.8,7.6,8.2,8.8,7.1,7.5
Acharya NG Ranga Agricultural University,Andhra pradesh,Science,30690.000000000004,29830.0,8.4,8.8,8.1,9.4,8.2,7.0,8.6
Sri Venkateswara Institute of Medical Sciences,Andhra pradesh,Science,30470.000000000004,29200.0,7.8,8.2,7.9,8.1,7.5,7.5,7.5
K L University,Andhra pradesh,Science,159500.0,85000.0,8.3,8.5,7.6,8.3,8.8,8.3,8.2
Sri Venkateswara University,Andhra pradesh,Science,14036.000000000002,11805.0,8.1,7.9,8.3,8.2,7.9,7.7,8.4
"Vignan’s Foundation for Science, Technology, and Research,",Andhra pradesh,Science,77000.0,70000.0,8.2,8.2,8.4,8.5,8.2,7.7,8.4
Acharya Nagarjuna University,Andhra pradesh,Science,15180.000000000002,8395.0,7.3,7.7,7.0,7.2,8.0,5.7,8.2
Sri Venkateswara Veterinary University,Andhra pradesh,Science,30145.500000000004,45675.0,8.2,8.7,8.0,8.5,7.8,7.8,8.4
"TSR and TBK Degree and PG College,",Andhra pradesh,Science,24750.000000000004,42600.0,7.7,8.3,6.0,8.8,8.0,6.8,8.5
Indian Institute of Technology,Andhra pradesh,Science,19195.0,17450.0,8.6,9.0,8.1,8.8,8.7,8.2,8.9
Centurion University of Technology and Management,Andhra pradesh,Science,99000.00000000001,60000.0,7.8,8.0,7.2,8.3,7.6,7.4,8.3
National Institute of Technology,Andhra pradesh,Science,137500.0,55000.0,7.2,7.9,6.6,7.5,6.9,6.9,7.2
VIT University,Andhra pradesh,Science,302500.0,153000.0,8.2,8.3,7.9,8.3,8.1,8.4,8.1
"SRM University, Amaravathi",Andhra pradesh,Science,17600.0,160000.0,8.7,8.7,8.1,9.2,9.2,8.4,8.4
"Christ University, Bangalore",Karnataka,Science,38500.0,90000.0,8.3,8.5,7.4,8.2,8.9,8.1,8.8
St Joseph's College,Karnataka,Science,141075.0,32960.0,8.1,8.4,7.3,8.4,8.3,7.6,8.6
Kristu Jayanti College,Karnataka,Science,55000.00000000001,80000.0,8.4,8.9,7.7,8.4,8.9,8.1,8.5
"St. Aloysius College, Mangalore",Karnataka,Science,104175.50000000001,27150.0,7.9,8.4,7.1,8.1,8.3,7.1,8.6
The Oxford College of Science,Karnataka,Science,55000.00000000001,25000.0,7.1,7.8,6.4,7.7,7.4,6.2,7.2
Jyoti Nivas College,Karnataka,Science,33000.0,40000.0,7.8,8.2,7.4,8.3,7.7,7.0,8.4
"NMKRV College for Women, Bangalore",Karnataka,Science,154000.0,120000.0,7.9,7.9,7.3,8.4,8.1,6.9,8.7
Kasturba Medical College,Karnataka,Science,579700.0,110000.0,9.0,9.0,8.1,9.0,9.5,8.9,9.3
Manipal Academy of Higher Education,Karnataka,Science,192500.00000000003,94000.0,8.4,8.5,8.2,8.6,8.8,7.8,8.4
National Institute of Technology,Karnataka,Science,49890.50000000001,88405.0,8.4,8.7,7.2,8.2,8.4,8.9,8.9
Kasturba Medical College,Karnataka,Science,253000.00000000003,260000.0,8.5,9.2,8.2,9.1,8.1,8.2,8.3
"JSS Academy of Higher Education & Research,",Karnataka,Science,49049.00000000001,39340.0,8.2,8.3,7.5,8.6,8.5,8.0,8.0
Bangalore Medical College and Research Institute,Karnataka,Science,19767.0,34720.0,8.4,8.6,7.7,8.2,7.9,9.3,8.5
Army Institute of Fashion and Design,Karnataka,Science,212095.40000000002,161105.0,9.0,9.2,9.2,8.7,8.6,9.0,9.0
KS Hegde Medical Academy,Karnataka,Science,112750.00000000001,56000.0,8.6,9.0,8.4,9.6,8.4,8.2,8.2
International Institute of Information Technology,Karnataka,Science,352000.0,107000.0,8.7,9.2,8.5,9.1,8.8,8.9,7.6
"Loyola Academy Degree and PG College, Secunderabad",Telangana,Science,39864.0,40400.0,8.1,8.5,7.2,8.4,8.5,7.7,8.4
"St Ann's College for Women, Hyderabad",Telangana,Science,18870.5,27055.0,8.1,8.6,6.9,8.7,8.5,7.7,8.4
"St Francis College for Women, Hyderabad",Telangana,Science,11000.0,35580.0,8.5,8.9,7.2,8.5,8.9,8.6,9.0
Indian Institute of Technology,Telangana,Science,34534.5,25095.0,8.5,8.7,8.0,8.7,8.5,8.3,8.6
University of Hyderabad,Telangana,Science,11781.000000000002,10710.0,8.4,8.7,7.6,8.5,9.0,7.5,8.8
National Institute of Technology,Telangana,Science,22000.0,47000.0,8.4,8.6,7.9,8.2,8.5,8.6,8.4
ICFAI Foundation for Higher Education,Telangana,Science,143000.0,90000.0,8.2,8.3,7.5,8.1,8.6,7.8,8.9
International Institute of Information Technology,Telangana,Science,165000.0,150000.0,8.3,9.0,8.2,8.5,7.8,9.2,6.9
Jawaharlal Nehru Technological University,Telangana,Science,22000.0,20000.0,8.0,8.3,7.7,7.8,8.3,7.6,8.3
ICFAI Business School,Telangana,Science,176000.0,35000.0,8.2,8.2,8.0,8.1,8.5,7.8,8.7
A.V. College of Arts Science and Commerce,Telangana,Science,24865.500000000004,12640.0,8.0,8.1,6.3,8.1,8.7,7.8,8.9
Osmania University College for Women,Telangana,Science,8404.0,35560.0,8.2,8.0,8.4,8.7,8.5,6.5,9.0
Kakatiya University,Telangana,Science,3311.0000000000005,11840.0,7.2,7.4,6.8,7.6,7.2,6.8,7.4
Dr. B.R. Ambedkar Open University,Telangana,Science,13860.000000000002,1000.0,6.7,7.3,5.6,7.8,7.2,5.5,6.8
Maulana Azad National Urdu University,Telangana,Science,5170.0,9000.0,7.8,7.0,8.3,8.1,8.6,7.1,7.9
Sarojini Naidu Vanita Mahavidyalaya,Telangana,Science,13420.000000000002,25975.0,9.4,9.8,9.8,8.5,9.5,9.0,9.5
"IPS Academy, Indore",Madhya pradesh,Science,12571.900000000001,11644.0,7.6,7.7,7.1,7.5,8.0,7.2,7.8
Indian Institute of Technology,Madhya pradesh,Science,51480.00000000001,78800.0,8.0,8.4,7.6,8.1,7.7,7.8,8.4
Rabindranath Tagore University,Madhya pradesh,Science,16500.0,20000.0,7.7,8.0,7.4,7.8,8.6,6.4,7.8
"Rajeev Gandhi College, Bhopal",Madhya pradesh,Science,16500.0,20000.0,6.7,7.0,5.9,7.3,7.1,5.6,7.2
Jawaharlal Nehru Krishi Vishwa Vidyalaya,Madhya pradesh,Science,81852.1,58395.0,7.9,8.2,7.5,8.7,7.7,7.0,8.4
Islamia Karimia College,Madhya pradesh,Science,10837.2,22550.0,5.9,6.0,5.5,8.0,5.5,4.5,6.0
Institute for Excellence in Higher Education,Madhya pradesh,Science,26270.2,34907.0,7.2,7.9,6.5,7.9,7.0,6.7,7.4
"M.B. Khalsa College, Indore",Madhya pradesh,Science,24200.000000000004,20000.0,6.6,6.7,5.2,7.8,7.1,5.7,7.0
"Amity University, Gwalior",Madhya pradesh,Science,52800.00000000001,64000.0,8.6,8.8,8.5,8.4,9.3,8.0,8.3
"Devi Ahilya Vishwavidyalaya, Indore",Madhya pradesh,Science,20350.0,54500.0,7.5,8.0,6.5,7.8,7.5,7.0,7.9
Barkatullah University,Madhya pradesh,Science,6215.000000000001,30000.0,6.9,7.3,6.1,7.4,6.9,6.0,7.5
Indira Gandhi National Tribal University,Madhya pradesh,Science,9614.0,10400.0,7.5,7.5,7.3,8.4,7.9,5.9,7.9
Rajmata Vijayaraje Scindia Krishi Vishwa Vidyalaya,Madhya pradesh,Science,30382.000000000004,17855.0,8.2,9.0,7.0,8.5,8.0,8.0,8.6
Atal Bihari Vajpayee Hindi Vishwavidyalaya,Madhya pradesh,Science,10010.0,13650.0,7.7,8.3,6.3,8.7,7.3,7.8,7.9
Awadhesh Pratap Singh University,Madhya pradesh,Science,33000.0,36000.0,7.1,7.9,6.5,8.1,7.2,5.3,7.3
"Career College, Bhopal",Madhya pradesh,Science,16500.0,15000.0,8.3,8.4,7.6,8.7,8.3,8.4,8.3
Madhya Pradesh Bhoj (Open) University,Madhya pradesh,Science,11286.000000000002,6180.0,7.8,8.6,7.4,8.7,7.5,7.6,7.2
"VIT Bhopal University, Bhopal",Madhya pradesh,Science,47300.00000000001,77000.0,7.9,8.6,7.7,8.4,7.1,8.1,7.4
"Trivandrum University College, Thiruvananthapuram",Kerala,Science,1710.5000000000002,3595.0,8.5,9.2,8.0,8.6,9.0,7.5,8.6
"Mar Ivanios College, Thiruvananthapuram",Kerala,Science,4471.5,4725.0,8.3,8.7,8.1,8.7,8.8,6.6,9.0
Sacred Heart College,Kerala,Science,7667.000000000001,10200.0,8.5,8.9,7.5,8.6,8.8,8.0,9.1
Rajagiri College of Social Sciences,Kerala,Science,26238.300000000003,46803.0,8.5,8.8,8.5,8.8,8.5,8.0,8.1
"St Thomas' College, Thrissur",Kerala,Science,2827.0000000000005,3980.0,7.4,8.0,7.0,8.1,7.0,6.6,7.9
"St. Albert's College, Ernakulam",Kerala,Science,41250.0,45000.0,7.1,7.9,6.4,7.7,7.0,6.5,6.9
St. Berchmans College,Kerala,Science,10505.0,142000.0,8.4,8.6,8.2,8.6,8.6,7.7,8.5
"St Teresa's College (Autonomous), Ernakulam",Kerala,Science,3850.0000000000005,7000.0,8.4,8.9,7.4,9.0,8.2,7.7,9.3
"Mahatma Gandhi College, Trivandrum",Kerala,Science,3080.0000000000005,84376.0,8.1,8.7,7.5,8.6,8.8,5.9,8.9
"Farook College, Kozhikode",Kerala,Science,3509.0000000000005,5020.0,8.1,8.7,8.1,8.5,8.5,5.8,9.0
"Newman College, Thodupuzha",Kerala,Science,3591.5000000000005,4993.0,7.2,8.4,5.1,7.8,8.0,6.6,7.0
T.K.M. College of Arts and Science,Kerala,Science,24750.000000000004,37500.0,8.0,8.1,7.5,8.1,8.3,7.5,8.6
"St Joseph's College Devagiri, Calicut",Kerala,Science,78430.0,38000.0,8.4,8.8,7.7,8.7,8.7,7.4,9.0
"Fatima Mata National College, Kollam",Kerala,Science,4185.5,5090.0,8.2,8.7,6.3,8.7,9.3,6.9,9.3
"Christ College Irinjalakuda, Thrissur",Kerala,Science,958100.0000000001,970000.0,8.0,8.3,7.7,8.2,8.4,7.2,8.3
"Nirmalagiri College, Kannur",Kerala,Science,2799.5,4380.0,8.0,9.3,7.3,8.1,9.0,6.7,7.8
National Institute of Technology,Kerala,Science,30145.500000000004,27405.0,8.1,8.4,7.9,7.7,8.0,8.1,8.2
Indian Institute of Space Science and Technology,Kerala,Science,23540.000000000004,87400.0,8.1,8.9,7.8,8.5,8.6,7.7,7.2
Mahatma Gandhi University,Kerala,Science,3608.0000000000005,20200.0,7.7,8.0,7.5,8.0,8.0,6.2,8.2
Calicut University,Kerala,Science,2772.0,5525.0,7.0,7.5,6.2,7.5,7.4,5.4,7.9
"Bishop Vayalil Memorial Holy Cross College, Kottayam",Kerala,Science,20317.0,41828.0,7.6,8.3,6.6,9.0,7.7,7.3,6.7
Kerala Veterinary and Animal Sciences University,Kerala,Science,167585.0,119100.0,8.1,8.7,7.0,8.4,8.0,8.2,8.0
Birla Institute of Technology and Science,Rajasthan,Science,542245.0,86825.0,8.9,8.8,8.2,8.8,9.0,9.0,9.3
College of Veterinary and Animal Sciences,Rajasthan,Science,17314.0,15740.0,7.8,8.4,7.5,7.7,8.2,7.8,7.3
"Banasthali Vidyapith, Jaipur",Rajasthan,Science,130350.00000000001,118500.0,8.5,8.8,8.2,8.9,8.6,7.9,8.8
Indian Institute of Technology,Rajasthan,Science,64350.00000000001,65500.0,8.2,8.0,7.9,8.2,8.2,8.0,8.7
All India Institute of Medical Sciences,Rajasthan,Science,1611.5000000000002,20000.0,8.0,8.3,7.9,8.4,8.8,7.7,7.1
Malaviya National Institute of Technology,Rajasthan,Science,74431.5,71065.0,8.2,8.2,7.4,8.0,8.7,8.2,8.5
Madhav University,Rajasthan,Science,49500.00000000001,22000.0,7.8,7.9,7.5,8.2,7.9,7.3,7.8
Janardan Rai Nagar Rajasthan Vidyapeeth University,Rajasthan,Science,25300.000000000004,26000.0,7.8,8.3,7.5,8.3,7.9,7.3,7.5
"Amity University, Jaipur",Rajasthan,Science,134200.0,118000.0,8.0,7.8,7.6,7.8,8.9,7.4,8.7
"Poddar Group of Institutions, Jaipur",Rajasthan,Science,40700.0,36000.0,7.7,8.3,7.1,8.6,7.4,6.9,8.0
"Lucky Institute of Professional Studies, Jodhpur",Rajasthan,Science,28600.000000000004,35000.0,7.7,7.8,8.0,8.3,7.7,6.0,8.2
Jai Narain Vyas University,Rajasthan,Science,528.0,420.0,6.2,6.9,5.2,7.1,6.4,4.9,6.4
Mahatma Jyoti Rao Phoole University,Rajasthan,Science,57200.00000000001,50000.0,6.8,6.9,6.2,7.4,7.7,6.4,6.4
"Lachoo Memorial College Science and Technology, Jodhpur",Rajasthan,Science,56292.50000000001,51175.0,6.5,7.4,5.5,6.8,7.1,4.7,7.3
Career Point University,Rajasthan,Science,42900.0,31000.0,8.3,8.4,7.9,8.4,8.4,7.6,8.9
Mewar University,Rajasthan,Science,38500.0,38000.0,8.0,7.9,7.1,8.1,8.8,7.3,8.6
"Swami Keshwanand Rajasthan Agricultural University, Bikaner",Rajasthan,Science,13981.000000000002,15030.0,8.1,8.4,7.6,8.5,7.6,7.7,8.5
"Alankar P.G. Girls College, Jaipur",Rajasthan,Science,28600.000000000004,40000.0,9.0,9.0,9.0,9.0,9.0,9.0,9.0
University of Rajasthan,Rajasthan,Science,5984.000000000001,8770.0,7.6,8.1,7.1,8.1,7.9,6.5,7.8
Mehr Chand Mahajan Dayanand Anglo Vedic College,Haryana,Science,40920.0,22900.0,8.2,8.4,8.0,8.5,8.2,7.6,8.4
"Post Graduate Government College, Chandigarh",Haryana,Science,29249.000000000004,53760.0,7.7,8.4,7.2,8.4,7.5,6.5,7.9
"Government Home Science College, Chandigarh",Haryana,Science,95766.00000000001,55530.0,9.1,8.7,9.3,9.3,8.7,8.7,9.7
Post Graduate Institute of Medical Education &,Haryana,Science,8052.000000000001,3470.0,8.0,8.3,6.8,8.8,8.2,8.0,8.0
Panjab University,Haryana,Science,13970.000000000002,12000.0,7.7,8.2,7.7,8.0,7.7,6.5,8.2
Maharshi Dayanand University,Haryana,Science,12446.500000000002,3984.0,7.8,8.0,7.7,8.0,8.4,6.6,8.0
Government Medical College and Hospital,Haryana,Science,10450.0,26054.0,7.9,8.7,7.0,8.5,8.2,6.9,8.3
Pt Bhagwat Dayal Sharma Post Graduate Institute,Haryana,Science,13634.500000000002,15405.0,7.5,8.4,7.5,8.1,7.5,7.6,6.1
Chandigarh University,Haryana,Science,121000.00000000001,100000.0,8.6,8.6,8.2,8.4,9.0,8.6,8.8
Apeejay Stya University,Haryana,Science,319220.0,120000.0,7.9,8.2,7.5,7.9,7.5,7.7,8.3
Kurukshetra University,Haryana,Science,9119.0,40600.0,7.5,8.1,7.0,8.0,7.7,6.5,7.7
"Arya Post Graduate College, Panipat",Haryana,Science,31790.000000000004,48500.0,7.8,8.4,6.8,8.8,8.0,6.3,8.6
Guru Jambheshwar University of Science and Technology,Haryana,Science,24860.000000000004,44800.0,7.7,7.7,7.3,7.5,8.9,6.5,8.0
"J.C. Bose University Of Science And Technology,",Haryana,Science,58514.50000000001,53195.0,7.3,7.7,6.5,7.4,6.6,7.7,7.6
Maharishi Markandeshwar,Haryana,Science,49500.00000000001,53500.0,7.5,7.6,7.2,7.7,8.3,6.8,7.6
DAV College,Haryana,Science,31971.500000000004,58910.0,8.0,8.4,7.4,8.3,8.0,6.8,8.8
"Morph Academy, Chandigarh",Haryana,Science,77000.0,80000.0,8.3,9.0,6.0,9.0,8.5,8.5,9.0
Manav Rachna International Institute Of Research And,Haryana,Science,127600.00000000001,165000.0,7.2,7.1,6.7,6.5,8.4,6.5,7.8
"SRM University Delhi NCR, Sonepat",Haryana,Science,97350.00000000001,88500.0,7.8,8.0,7.5,7.9,8.1,7.6,7.9
"Ashoka University, Sonepat",Haryana,Science,1017500.0000000001,45000.0,8.6,8.6,8.6,8.9,8.7,8.3,8.5
"St Xavier's College, Ahmedabad",Gujarat,Science,10983.5,70100.0,8.1,8.4,7.4,8.6,8.3,7.3,8.7
Indian Institute of Technology,Gujarat,Science,53350.00000000001,48500.0,8.4,8.3,8.4,8.8,9.1,7.2,8.8
National Institute of Pharmaceutical Education And Research,Gujarat,Science,165495.0,92000.0,7.5,7.7,6.7,7.7,8.0,7.3,7.8
Maharaja Sayajirao University of Baroda,Gujarat,Science,9999.0,8840.0,7.9,8.3,7.0,8.4,8.0,7.2,8.4
Sardar Vallabhbhai National Institute of Technology,Gujarat,Science,96250.00000000001,40000.0,8.0,7.9,7.8,7.6,8.2,7.9,8.4
"Junagadh Agricultural University, Junagadh",Gujarat,Science,43054.0,39140.0,7.9,8.0,7.9,7.7,8.2,6.9,8.6
Dr Babasaheb Ambedkar Open University,Gujarat,Science,4620.0,26000.0,7.7,8.5,5.5,8.5,8.0,7.5,8.1
"Christ College, Rajkot",Gujarat,Science,25993.000000000004,33275.0,8.2,8.6,7.4,9.2,9.0,6.6,8.2
"Ahmedabad University, Ahmedabad",Gujarat,Science,286000.0,260000.0,8.6,9.0,7.6,8.9,9.2,8.0,9.0
Navrachana University,Gujarat,Science,88000.0,110000.0,7.7,7.7,7.4,8.2,8.0,7.2,7.8
Dhirubhai Ambani Institute of Information and Communication,Gujarat,Science,412500.00000000006,65000.0,8.7,8.8,8.0,8.4,8.7,9.2,8.8
"Faculty of Technology and Engineering, Maharaja Sayajirao",Gujarat,Science,10824.0,9660.0,8.1,8.4,6.6,8.5,8.0,8.3,8.8
Anand Agricultural University,Gujarat,Science,24750.000000000004,19600.0,8.3,9.0,7.8,8.4,9.1,7.7,7.9
Sardar Patel University,Gujarat,Science,74954.0,61325.0,7.8,8.6,7.0,8.5,7.7,7.3,7.8
"Navsari Agricultural University, Navsari",Gujarat,Science,49610.00000000001,42900.0,8.0,8.3,7.4,8.4,7.8,7.8,8.2
Nirma University,Gujarat,Science,195800.00000000003,97200.0,8.4,8.6,8.0,8.4,9.1,8.1,8.2
Mehr Chand Mahajan Dayanand Anglo Vedic College,Punjab,Science,40920.0,22900.0,8.2,8.4,8.0,8.5,8.2,7.6,8.4
"Post Graduate Government College, Chandigarh",Punjab,Science,29249.000000000004,53760.0,7.7,8.4,7.2,8.4,7.5,6.5,7.9
"Government Home Science College, Chandigarh",Punjab,Science,95766.00000000001,55530.0,9.1,8.7,9.3,9.3,8.7,8.7,9.7
Post Graduate Institute of Medical Education &,Punjab,Science,8052.000000000001,3470.0,8.0,8.3,6.8,8.8,8.2,8.0,8.0
Panjab University,Punjab,Science,13970.000000000002,12000.0,7.7,8.2,7.7,8.0,7.7,6.5,8.2
National Institute of Pharmaceutical Education and Research,Punjab,Science,99550.00000000001,127500.0,9.2,9.1,9.4,9.1,9.9,8.5,9.4
Punjab Agricultural University,Punjab,Science,80212.0,102390.0,7.8,8.5,7.5,8.1,8.5,6.0,8.1
Thapar Institute of Engineering and Technology,Punjab,Science,163460.0,116460.0,8.3,8.0,8.1,7.7,8.9,8.2,8.8
Indian Institute of Technology,Punjab,Science,26697.000000000004,16300.0,8.5,8.5,8.1,8.2,9.1,8.4,8.9
Government Medical College and Hospital,Punjab,Science,10450.0,26054.0,7.9,8.7,7.0,8.5,8.2,6.9,8.3
Chandigarh University,Punjab,Science,121000.00000000001,100000.0,8.6,8.6,8.2,8.4,9.0,8.6,8.8
Northern India Institute of Fashion Technology,Punjab,Science,137599.0,125090.0,7.6,7.2,7.3,8.1,7.5,7.8,7.9
I.K. Gujral Punjab Technical University,Punjab,Science,35365.0,38600.0,8.1,8.0,7.4,8.7,8.3,7.7,8.7
"Khalsa College, Amritsar",Punjab,Science,62007.00000000001,75445.0,7.9,8.3,7.7,7.9,8.3,6.5,8.4
"BBK DAV College for Women, Amritsar",Punjab,Science,24420.000000000004,25080.0,8.8,9.0,8.5,9.5,8.2,7.8,9.5
Dr BR Ambedkar National Institute of Technology,Punjab,Science,129800.00000000001,33000.0,7.9,8.0,7.7,7.6,8.0,8.0,8.3
"Doaba College, Jalandhar",Punjab,Science,30415.000000000004,27560.0,8.7,9.1,8.4,9.4,8.6,8.1,8.5
Sant Longowal Institute of Engineering and Technology,Punjab,Science,57200.00000000001,27900.0,7.6,7.7,7.1,7.5,8.4,6.5,8.1
DAV College,Punjab,Science,31971.500000000004,58910.0,8.0,8.4,7.4,8.3,8.0,6.8,8.8
St. Xavier's College,West bengal,Science,66550.0,168000.0,8.3,8.8,7.4,8.4,8.6,7.8,8.8
Ramakrishna Mission Vivekananda Centenary College Rahara,West bengal,Science,11462.000000000002,34040.0,8.0,9.3,6.9,8.9,8.5,6.4,7.7
"Ramakrishna Mission Vidyamandira, Howrah",West bengal,Science,15840.000000000002,14400.0,8.8,9.3,8.6,9.4,8.9,7.8,8.6
Ramakrishna Mission Residential College,West bengal,Science,51810.00000000001,40000.0,8.3,8.9,8.1,9.0,8.4,6.7,8.4
"Bethune College, Kolkata",West bengal,Science,1508.1000000000001,6561.0,8.0,9.1,7.3,8.8,7.9,6.8,8.1
"Scottish Church College, Kolkata",West bengal,Science,22270.600000000002,50900.0,7.8,8.3,7.8,8.3,8.1,6.3,8.2
Indian Institute of Technology,West bengal,Science,28011.500000000004,82070.0,8.5,8.8,7.2,8.2,8.9,8.8,9.0
Indian Institute of Engineering Science and Technology,West bengal,Science,45650.00000000001,28000.0,8.0,8.3,7.7,7.9,7.9,7.5,8.4
"University of Calcutta, Kolkata",West bengal,Science,2545.4,1604.0,7.7,8.6,6.9,8.5,7.7,6.5,7.7
"Presidency University, Kolkata",West bengal,Science,2337.5,2295.0,8.1,8.8,7.3,8.6,8.8,6.5,8.3
"NSHM Knowledge Campus, Durgapur",West bengal,Science,150700.0,177510.0,8.3,8.5,8.1,8.6,8.6,7.7,8.5
National Institute of Technology,West bengal,Science,164010.0,39100.0,7.7,8.0,6.8,7.8,7.5,7.8,8.4
"NSHM Knowledge Campus, Kolkata",West bengal,Science,171600.0,140000.0,7.8,8.0,6.8,8.1,8.2,7.7,8.0
JD Birla Institute,West bengal,Science,192772.80000000002,84200.0,7.6,8.3,6.1,8.1,7.7,7.6,8.0
"Annex College, Kolkata",West bengal,Science,217800.00000000003,120000.0,7.9,7.7,8.3,8.3,7.8,7.5,8.0
Institute of Management Study,West bengal,Science,60500.00000000001,55000.0,7.3,7.8,6.4,7.7,7.6,7.3,6.8
"George Group of Colleges, Kolkata",West bengal,Science,97405.00000000001,116000.0,7.8,8.7,6.4,8.6,8.0,7.5,7.5
National Institute of Technology,Orissa,Science,107250.00000000001,113000.0,8.4,8.3,7.9,7.8,9.1,8.2,8.9
Indian Institute of Technology,Orissa,Science,92906.00000000001,43568.0,7.8,8.1,8.0,8.0,7.8,7.8,7.2
Siksha 'O' Anusandhan University,Orissa,Science,93500.00000000001,25000.0,8.3,8.6,7.6,8.3,8.7,8.0,8.5
Kalinga Institute of Industrial Technology,Orissa,Science,152900.0,271000.0,8.6,8.4,8.1,8.2,9.2,8.6,9.0
Xavier University,Orissa,Science,183700.00000000003,150000.0,8.2,8.7,7.8,8.4,9.2,6.8,8.4
Veer Surendra Sai University of Technology,Orissa,Science,100254.00000000001,91140.0,7.9,8.2,7.7,7.9,7.4,7.7,8.4
Orissa University of Agriculture and Technology,Orissa,Science,39125.9,17860.0,7.5,8.1,7.6,8.1,7.1,6.0,8.3
"Rama Devi Women's University, Bhubaneswar",Orissa,Science,4425.3,3610.0,7.9,8.5,7.3,8.7,8.3,6.0,8.7
Sri Sri University,Orissa,Science,137379.0,124890.0,7.1,7.3,6.7,7.0,7.3,6.3,8.2
"Khallikote University -[KUB], Berhampur",Orissa,Science,27170.000000000004,51100.0,8.6,8.6,8.1,8.7,9.0,8.2,8.7
Centurion University of Technology and Management,Orissa,Science,55000.00000000001,100000.0,8.1,8.3,7.6,8.5,8.4,7.4,8.5
College of Engineering and Technology,Orissa,Science,132000.0,48000.0,7.7,8.0,7.6,7.6,7.1,7.9,8.1
Indian Institute of Technology,Uttarakhand,Science,23650.000000000004,28500.0,8.4,8.5,7.6,7.9,9.0,8.6,8.9
Govind Ballabh Pant University of Agriculture and,Uttarakhand,Science,54018.8,41736.0,7.3,8.0,7.6,7.4,7.7,6.0,6.8
"College of Technology, GB Pant University of",Uttarakhand,Science,50661.600000000006,46056.0,7.0,7.1,6.7,6.9,7.3,6.0,7.7
University of Petroleum and Energy Studies,Uttarakhand,Science,370150.00000000006,369500.0,8.1,8.1,7.8,7.9,8.6,7.7,8.2
Dolphin PG Institute of BioMedical & Natural,Uttarakhand,Science,82500.0,55000.0,7.7,8.4,6.5,7.9,7.8,6.7,8.6
Wildlife Institute of India,Uttarakhand,Science,586080.0,1100000.0,9.1,9.5,9.3,9.1,9.0,8.6,9.2
"Doon University, Dehradun",Uttarakhand,Science,45925.00000000001,47750.0,7.2,7.3,7.0,7.3,7.9,6.3,7.6
Doon Post Graduate College of Agriculture Science,Uttarakhand,Science,77000.0,70000.0,6.7,7.5,6.4,7.6,7.0,4.9,6.8
DIT University,Uttarakhand,Science,88000.0,180000.0,7.8,7.9,7.6,7.6,8.4,7.4,8.0
"Patanjali University, Haridwar",Uttarakhand,Science,46200.00000000001,35900.0,8.2,8.4,8.3,8.4,8.4,7.8,8.1
"MotherHood University, Roorkee",Uttarakhand,Science,68915.0,105000.0,8.0,8.3,7.9,7.6,8.0,8.0,8.3
"Uttaranchal University, Dehradun",Uttarakhand,Science,99220.00000000001,90200.0,7.5,7.8,6.8,7.7,8.6,6.5,7.5
Graphic Era University,Uttarakhand,Science,133870.0,106000.0,8.3,8.2,7.9,8.4,8.6,8.1,8.4
Swami Rama Himalayan University,Uttarakhand,Science,135850.0,105500.0,7.0,7.1,6.6,6.9,7.4,7.1,6.7
Graphic Era Hill University,Uttarakhand,Science,139260.0,66390.0,8.1,7.9,7.8,8.1,8.4,7.7,8.4
Shri Guru Ram Rai University,Uttarakhand,Science,55000.00000000001,74385.0,7.6,7.8,7.1,7.9,7.9,7.3,7.7
"ICFAI University, Dehradun",Uttarakhand,Science,264000.0,256800.0,7.8,8.2,7.5,8.2,7.4,7.3,7.9
Himgiri Zee University,Uttarakhand,Science,137500.0,90000.0,7.9,8.5,5.5,9.0,8.0,7.7,8.8
"Loyola College, Chennai",Tamil nadu,Commerce,13915.000000000002,11580.0,8.6,8.7,8.2,8.3,8.9,8.4,8.8
"Stella Maris College, Chennai",Tamil nadu,Commerce,32609.500000000004,20000.0,8.2,8.8,7.5,8.6,8.4,7.6,8.5
Women's Christian College,Tamil nadu,Commerce,86992.40000000001,1200.0,8.7,9.0,7.9,8.8,9.1,8.5,8.9
"Guru Nanak College, Chennai",Tamil nadu,Commerce,10450.0,11450.0,7.9,8.2,7.1,8.0,8.4,7.3,8.5
"Sri Ramakrishna College of Arts and Science,",Tamil nadu,Commerce,68200.0,82000.0,8.2,8.2,7.3,8.7,7.7,8.2,8.8
Dr. SNS Rajalakshmi College of Arts and,Tamil nadu,Commerce,56100.00000000001,33000.0,8.0,8.3,7.0,8.0,8.3,8.4,7.7
"Presidency College, Chennai",Tamil nadu,Commerce,1375.0,2215.0,8.2,8.8,7.3,8.9,8.1,7.6,8.6
"PSG College of Arts and Science, Coimbatore",Tamil nadu,Commerce,62535.00000000001,10000.0,8.3,8.5,7.9,8.2,8.5,8.2,8.7
"Government Arts College (Autonomous), Coimbatore",Tamil nadu,Commerce,1490.5000000000002,1135.0,7.7,8.8,6.7,8.5,7.4,6.3,8.6
SRM Institute of Technology,Tamil nadu,Commerce,148500.0,35000.0,8.0,8.0,7.1,7.6,8.7,8.2,8.6
"Thiagarajar College, Madurai",Tamil nadu,Commerce,48587.00000000001,28995.0,7.5,7.9,7.1,8.0,7.1,7.2,7.9
"St. Joseph's College, Tiruchirappalli",Tamil nadu,Commerce,15697.000000000002,9790.0,8.6,9.1,7.9,8.7,9.1,8.0,8.8
Annamalai University,Tamil nadu,Commerce,7914.500000000001,10195.0,7.4,8.1,6.7,8.0,7.9,6.5,7.2
"Queen Mary's College, Chennai",Tamil nadu,Commerce,1663.2,592.0,7.6,7.9,6.9,8.3,6.8,7.6,8.2
Bishop Heber College,Tamil nadu,Commerce,87087.0,55140.0,8.3,8.5,7.8,8.2,8.9,8.1,8.4
"Kongunadu Arts and Science College, Coimbatore",Tamil nadu,Commerce,57200.00000000001,35000.0,7.3,8.0,6.7,8.3,7.3,6.3,7.0
Jamal Mohamed College,Tamil nadu,Commerce,17820.0,12000.0,8.5,8.8,8.1,8.5,8.6,8.4,8.6
Sri Ramakrishna Mission Vidyalaya College of Arts,Tamil nadu,Commerce,22000.0,20590.0,8.6,8.8,7.7,8.9,9.0,8.1,8.9
"SASTRA University, Thanjavur",Tamil nadu,Commerce,51700.00000000001,54750.0,8.1,8.5,7.0,8.2,8.3,8.7,8.1
Virudhunagar Hindu Nadar's Senthikumara Nadar College,Tamil nadu,Commerce,719.4000000000001,15915.0,8.5,9.0,8.3,8.4,8.8,7.9,8.6
"Narsee Monjee College of Commerce and Economics,",Maharashtra,Commerce,38500.0,32000.0,8.3,8.7,7.5,8.4,8.5,7.8,8.6
"RA Podar College of Commerce and Economics,",Maharashtra,Commerce,44990.0,12600.0,7.7,8.8,6.8,8.1,7.4,7.1,8.2
"Symbiosis College of Arts and Commerce, Pune",Maharashtra,Commerce,21010.0,40511.0,8.3,8.8,7.5,8.6,7.7,8.2,8.9
"HR College of Commerce and Economics, Mumbai",Maharashtra,Commerce,19978.2,14722.0,7.9,8.6,7.2,8.3,6.4,8.5,8.6
K J Somaiya College of Arts &,Maharashtra,Commerce,10994.5,13230.0,8.1,8.1,8.4,7.8,8.8,7.0,8.5
"Sydenham College of Commerce & Economics, Mumbai",Maharashtra,Commerce,5956.500000000001,8165.0,7.8,8.2,7.2,8.1,7.2,7.7,8.4
"Mithibai College of Arts, Mumbai",Maharashtra,Commerce,104500.00000000001,35000.0,8.5,8.5,8.3,8.4,8.9,7.6,9.0
Brihan Maharashtra College of Commerce,Maharashtra,Commerce,10725.0,7225.0,8.3,8.8,7.2,8.6,8.6,7.6,8.9
Kishinchand Chellaram College,Maharashtra,Commerce,10488.5,32920.0,8.3,8.6,7.9,8.5,8.4,7.4,8.7
"Mulund College of Commerce, Mumbai",Maharashtra,Commerce,20735.0,12365.0,7.7,8.4,6.9,8.6,7.1,7.2,7.9
B.K Birla College Of Arts Science &,Maharashtra,Commerce,14245.000000000002,11715.0,7.6,8.0,6.5,8.1,8.1,6.6,8.0
Kelkar Education Trust's V.G. Vaze College of,Maharashtra,Commerce,22402.600000000002,16552.0,8.4,8.9,7.8,8.7,8.7,7.7,8.7
"St. Mira's College for Girls, Pune",Maharashtra,Commerce,21285.0,4000.0,6.9,7.2,6.1,8.3,6.8,5.6,7.2
Jai Hind College,Maharashtra,Commerce,5863.000000000001,14947.0,8.5,8.5,8.3,8.5,8.4,7.8,9.2
St Andrew's College of Arts Science and,Maharashtra,Commerce,20995.7,16125.0,8.2,8.4,7.2,8.3,8.6,7.6,8.8
Mumbai University,Maharashtra,Commerce,4048.0000000000005,21720.0,7.2,7.6,6.5,7.9,7.4,6.6,7.0
Banaras Hindu University,Uttar pradesh,Commerce,3762.0000000000005,3900.0,8.3,8.7,8.1,8.4,8.8,7.2,8.6
Aligarh Muslim University,Uttar pradesh,Commerce,10213.5,84845.0,8.3,8.8,7.9,8.5,8.8,7.2,8.6
"Amity University, Noida",Uttar pradesh,Commerce,121000.00000000001,120000.0,8.2,8.0,7.9,8.1,8.9,7.6,8.7
"Amity University, Lucknow",Uttar pradesh,Commerce,92400.00000000001,130000.0,8.1,8.0,7.6,8.1,8.8,7.1,8.8
Chaudhary Charan Singh University,Uttar pradesh,Commerce,29150.000000000004,1366.0,6.4,6.6,6.1,7.3,6.6,4.9,6.6
"National Post Graduate College, Lucknow",Uttar pradesh,Commerce,27500.000000000004,25500.0,7.6,8.6,7.4,8.5,7.6,6.8,6.7
Sam Higginbottom University of Agriculture Technology and,Uttar pradesh,Commerce,57200.00000000001,42000.0,7.2,7.6,6.6,7.5,7.5,6.0,7.9
Mangalayatan University,Uttar pradesh,Commerce,99000.00000000001,25000.0,7.9,7.8,7.8,8.2,8.4,7.1,8.1
"Mangalayatan University, Institute of Business Management",Uttar pradesh,Commerce,27500.000000000004,90000.0,8.1,9.0,7.7,8.3,8.3,7.8,7.7
Institute of Business Management,Uttar pradesh,Commerce,148500.0,517000.0,8.5,8.7,8.4,8.6,8.7,8.3,8.2
"Sharda University, School of Business Studies",Uttar pradesh,Commerce,186945.00000000003,103000.0,8.8,8.4,8.0,9.5,8.6,8.2,9.8
"Udai Pratap College, Varanasi",Uttar pradesh,Commerce,4270.200000000001,4661.0,7.4,8.1,6.6,8.8,7.3,6.6,7.0
Chhatrapati Shahu Ji Maharaj University,Uttar pradesh,Commerce,58300.00000000001,1317.0,7.1,7.2,6.6,7.5,8.0,5.8,7.7
Shri Ram College of Commerce,Delhi ncr,Commerce,16500.0,29400.0,8.8,9.1,7.7,9.1,8.9,8.9,9.1
"Hindu College, New Delhi",Delhi ncr,Commerce,20086.0,18310.0,8.4,8.8,7.9,8.7,8.5,7.6,9.0
Hansraj College,Delhi ncr,Commerce,23039.500000000004,17034.0,8.4,8.7,7.9,8.7,8.5,7.8,8.9
Atma Ram Sanatan Dharma College,Delhi ncr,Commerce,13403.500000000002,11771.0,7.8,8.4,6.7,8.4,8.0,6.8,8.7
"Jamia Millia Islamia University-[JMI], New Delhi",Delhi ncr,Commerce,7920.000000000001,7200.0,8.0,8.4,7.6,8.3,8.4,7.2,8.2
Sri Guru Tegh Bahadur Khalsa College,Delhi ncr,Commerce,29661.500000000004,18954.0,7.8,8.2,7.2,8.2,8.1,6.8,8.3
"Ramjas College, New Delhi",Delhi ncr,Commerce,15944.500000000002,14284.0,7.9,8.4,7.1,8.4,7.9,7.0,8.5
Maharshi Dayanand University,Delhi ncr,Commerce,4382.400000000001,3192.0,7.8,8.0,7.7,8.0,8.4,6.6,8.0
"Amity University, Noida",Delhi ncr,Commerce,121000.00000000001,120000.0,8.2,8.0,7.9,8.1,8.9,7.6,8.7
"Department of Commerce, University of Delhi, New",Delhi ncr,Commerce,4401.1,3685.0,8.4,8.3,8.5,8.9,8.2,8.3,8.0
K L University,Andhra pradesh,Commerce,203500.00000000003,90000.0,8.3,8.5,7.6,8.3,8.8,8.3,8.2
Sri Venkateswara University,Andhra pradesh,Commerce,9361.0,9900.0,8.1,7.9,8.3,8.2,7.9,7.7,8.4
GITAM Institute of Management,Andhra pradesh,Commerce,154000.0,80000.0,8.5,8.6,7.3,8.8,9.2,8.4,8.7
Acharya Nagarjuna University,Andhra pradesh,Commerce,5131.5,11750.0,7.3,7.7,7.0,7.2,8.0,5.7,8.2
A.G & S.G Siddhartha Degree College of,Andhra pradesh,Commerce,4085.4000000000005,15500.0,8.5,8.9,7.6,8.9,8.4,8.4,8.8
"Besant Theosophical College, Madanapalle",Andhra pradesh,Commerce,6600.000000000001,20000.0,8.3,8.5,8.5,8.5,8.0,8.0,8.5
Dantuluri Narayana Raju college,Andhra pradesh,Commerce,3080.0000000000005,4096.0,8.5,8.5,8.3,8.7,9.2,6.7,9.3
"Christ University, Bangalore",Karnataka,Commerce,269500.0,30000.0,8.3,8.5,7.4,8.2,8.9,8.1,8.8
St. Joseph's College of Commerce,Karnataka,Commerce,152350.0,81600.0,8.3,8.8,7.0,8.5,7.8,8.5,8.9
Kristu Jayanti College,Karnataka,Commerce,77000.0,80000.0,8.4,8.9,7.7,8.4,8.9,8.1,8.5
"NMKRV College for Women, Bangalore",Karnataka,Commerce,165000.0,150000.0,7.9,7.9,7.3,8.4,8.1,6.9,8.7
Manipal Academy of Higher Education,Karnataka,Commerce,180400.00000000003,59000.0,8.4,8.5,8.2,8.6,8.8,7.8,8.4
St Joseph's College,Karnataka,Commerce,77495.0,78500.0,8.1,8.4,7.3,8.4,8.3,7.6,8.6
"St. Aloysius College, Mangalore",Karnataka,Commerce,85745.0,68455.0,7.9,8.4,7.1,8.1,8.3,7.1,8.6
Jyoti Nivas College,Karnataka,Commerce,33000.0,80000.0,7.8,8.2,7.4,8.3,7.7,7.0,8.4
"Seshadripuram College, Bangalore",Karnataka,Commerce,39600.0,36000.0,8.1,8.5,7.3,8.4,7.9,8.0,8.5
"AIMS Institutes, Bangalore",Karnataka,Commerce,163900.0,169000.0,7.3,7.8,6.6,8.1,6.5,7.2,7.3
PES University,Karnataka,Commerce,89155.0,80000.0,8.0,8.5,7.7,8.1,8.1,8.1,7.6
"The Oxford College of Business Management, Bangalore",Karnataka,Commerce,55000.00000000001,70000.0,6.6,7.0,6.2,7.8,7.0,5.8,5.9
Indian Academy Group of Institutions,Karnataka,Commerce,258500.00000000003,188500.0,7.9,8.6,7.6,8.5,7.5,7.8,7.6
T John College,Karnataka,Commerce,95370.00000000001,72700.0,8.0,8.1,7.8,8.1,8.5,7.6,7.8
"Presidency College, Bangalore",Karnataka,Commerce,143000.0,100000.0,7.8,8.4,6.8,8.5,7.7,7.5,7.7
T John Institute of Management and Science,Karnataka,Commerce,94600.00000000001,72000.0,8.1,8.5,7.5,8.5,8.0,7.8,8.3
Acharya Bangalore B-School,Karnataka,Commerce,203500.00000000003,190000.0,7.8,8.1,6.9,8.2,8.4,7.6,7.6
"St Ann's College for Women, Hyderabad",Telangana,Commerce,13150.500000000002,12080.0,8.1,8.6,6.9,8.7,8.5,7.7,8.4
Osmania University College for Women,Telangana,Commerce,28770.500000000004,22730.0,8.2,8.0,8.4,8.7,8.5,6.5,9.0
ICFAI Foundation for Higher Education,Telangana,Commerce,38500.0,47000.0,8.2,8.3,7.5,8.1,8.6,7.8,8.9
ICFAI Business School,Telangana,Commerce,38500.0,65000.0,8.2,8.2,8.0,8.1,8.5,7.8,8.7
Kasturba Gandhi Degree and PG College for,Telangana,Commerce,24200.000000000004,12080.0,8.0,8.1,7.0,8.3,8.6,7.1,8.8
A.V. College of Arts Science and Commerce,Telangana,Commerce,24865.500000000004,12080.0,8.0,8.1,6.3,8.1,8.7,7.8,8.9
Kakatiya University,Telangana,Commerce,31856.000000000004,7900.0,7.2,7.4,6.8,7.6,7.2,6.8,7.4
"St Francis College for Women, Hyderabad",Telangana,Commerce,11000.0,12080.0,8.5,8.9,7.2,8.5,8.9,8.6,9.0
Dr. B.R. Ambedkar Open University,Telangana,Commerce,2200.0,5000.0,6.7,7.3,5.6,7.8,7.2,5.5,6.8
K L University,Telangana,Commerce,225500.00000000003,140000.0,7.9,7.9,7.4,8.1,8.2,7.6,8.1
Maulana Azad National Urdu University,Telangana,Commerce,9900.0,8400.0,7.8,7.0,8.3,8.1,8.6,7.1,7.9
Sarojini Naidu Vanita Mahavidyalaya,Telangana,Commerce,8580.0,11000.0,9.4,9.8,9.8,8.5,9.5,9.0,9.5
Indian School of Business Management and Administration,Telangana,Commerce,16390.0,20900.0,6.9,7.1,6.8,6.8,7.1,6.8,6.7
Rabindranath Tagore University,Madhya pradesh,Commerce,22000.0,55000.0,7.7,8.0,7.4,7.8,8.6,6.4,7.8
"Rajeev Gandhi College, Bhopal",Madhya pradesh,Commerce,7700.000000000001,6000.0,6.7,7.0,5.9,7.3,7.1,5.6,7.2
Islamia Karimia College,Madhya pradesh,Commerce,11937.2,10600.0,5.9,6.0,5.5,8.0,5.5,4.5,6.0
Institute for Excellence in Higher Education,Madhya pradesh,Commerce,20770.2,8000.0,7.2,7.9,6.5,7.9,7.0,6.7,7.4
"M.B. Khalsa College, Indore",Madhya pradesh,Commerce,17600.0,15000.0,6.6,6.7,5.2,7.8,7.1,5.7,7.0
"Amity University, Gwalior",Madhya pradesh,Commerce,112200.00000000001,96000.0,8.6,8.8,8.5,8.4,9.3,8.0,8.3
"Devi Ahilya Vishwavidyalaya, Indore",Madhya pradesh,Commerce,57860.00000000001,31500.0,7.5,8.0,6.5,7.8,7.5,7.0,7.9
Barkatullah University,Madhya pradesh,Commerce,23595.000000000004,3295.0,6.9,7.3,6.1,7.4,6.9,6.0,7.5
Indira Gandhi National Tribal University,Madhya pradesh,Commerce,7370.000000000001,8000.0,7.5,7.5,7.3,8.4,7.9,5.9,7.9
Atal Bihari Vajpayee Hindi Vishwavidyalaya,Madhya pradesh,Commerce,7150.000000000001,10250.0,7.7,8.3,6.3,8.7,7.3,7.8,7.9
Awadhesh Pratap Singh University,Madhya pradesh,Commerce,33000.0,15000.0,7.1,7.9,6.5,8.1,7.2,5.3,7.3
"Career College, Bhopal",Madhya pradesh,Commerce,16500.0,15000.0,8.3,8.4,7.6,8.7,8.3,8.4,8.3
Madhya Pradesh Bhoj (Open) University,Madhya pradesh,Commerce,3168.0000000000005,5340.0,7.8,8.6,7.4,8.7,7.5,7.6,7.2
Jagran Lakecity University,Madhya pradesh,Commerce,104500.00000000001,375000.0,8.0,8.0,7.9,7.8,8.6,7.4,8.1
"RKDF University, Bhopal",Madhya pradesh,Commerce,14300.000000000002,50000.0,7.6,8.0,7.0,7.8,8.0,6.5,8.2
Sacred Heart College,Kerala,Commerce,37785.0,8100.0,8.5,8.9,7.5,8.6,8.8,8.0,9.1
"Mar Ivanios College, Thiruvananthapuram",Kerala,Commerce,27428.500000000004,3525.0,8.3,8.7,8.1,8.7,8.8,6.6,9.0
Mahatma Gandhi University,Kerala,Commerce,21692.0,20200.0,7.7,8.0,7.5,8.0,8.0,6.2,8.2
"St Thomas' College, Thrissur",Kerala,Commerce,2222.0,3380.0,7.4,8.0,7.0,8.1,7.0,6.6,7.9
"St. Albert's College, Ernakulam",Kerala,Commerce,24750.000000000004,37500.0,7.1,7.9,6.4,7.7,7.0,6.5,6.9
Calicut University,Kerala,Commerce,7843.000000000001,35500.0,7.0,7.5,6.2,7.5,7.4,5.4,7.9
"St Teresa's College (Autonomous), Ernakulam",Kerala,Commerce,5500.0,37500.0,8.4,8.9,7.4,9.0,8.2,7.7,9.3
"Mahatma Gandhi College, Trivandrum",Kerala,Commerce,2475.0,3390.0,8.1,8.7,7.5,8.6,8.8,5.9,8.9
"Farook College, Kozhikode",Kerala,Commerce,2519.0,3760.0,8.1,8.7,8.1,8.5,8.5,5.8,9.0
"Newman College, Thodupuzha",Kerala,Commerce,26293.300000000003,3793.0,7.2,8.4,5.1,7.8,8.0,6.6,7.0
T.K.M. College of Arts and Science,Kerala,Commerce,19800.0,37500.0,8.0,8.1,7.5,8.1,8.3,7.5,8.6
"Christ College Irinjalakuda, Thrissur",Kerala,Commerce,958100.0000000001,970000.0,8.0,8.3,7.7,8.2,8.4,7.2,8.3
"Bishop Vayalil Memorial Holy Cross College, Kottayam",Kerala,Commerce,35725.8,41828.0,7.6,8.3,6.6,9.0,7.7,7.3,6.7
"St. Mary's College Sulthan Bathery, Sulthan Batheri",Kerala,Commerce,19800.0,37500.0,6.8,7.8,6.9,6.8,7.5,3.8,7.8
"Government Victoria College, Palakkad",Kerala,Commerce,2227.5,3480.0,8.0,8.5,7.4,8.8,7.5,6.3,9.3
Amrita School of Arts and Sciences,Kerala,Commerce,95150.00000000001,84900.0,7.4,8.5,6.2,8.5,7.2,8.0,6.1
"AV Abdurahiman Haji Arts & Science College,",Kerala,Commerce,27109.500000000004,44130.0,5.4,6.8,3.8,6.0,6.8,2.8,6.0
"Banasthali Vidyapith, Jaipur",Rajasthan,Commerce,158950.0,118500.0,8.5,8.8,8.2,8.9,8.6,7.9,8.8
Madhav University,Rajasthan,Commerce,66000.0,20000.0,7.8,7.9,7.5,8.2,7.9,7.3,7.8
"St Xaviers College, Jaipur",Rajasthan,Commerce,69300.0,53000.0,7.6,8.2,7.1,8.3,7.8,6.0,8.4
Janardan Rai Nagar Rajasthan Vidyapeeth University,Rajasthan,Commerce,7700.000000000001,8000.0,7.8,8.3,7.5,8.3,7.9,7.3,7.5
"Amity University, Jaipur",Rajasthan,Commerce,92400.00000000001,108000.0,8.0,7.8,7.6,7.8,8.9,7.4,8.7
"Poddar Group of Institutions, Jaipur",Rajasthan,Commerce,28600.000000000004,15000.0,7.7,8.3,7.1,8.6,7.4,6.9,8.0
Jai Narain Vyas University,Rajasthan,Commerce,528.0,420.0,6.2,6.9,5.2,7.1,6.4,4.9,6.4
Mahatma Jyoti Rao Phoole University,Rajasthan,Commerce,49500.00000000001,31000.0,6.8,6.9,6.2,7.4,7.7,6.4,6.4
Career Point University,Rajasthan,Commerce,134200.0,50000.0,8.3,8.4,7.9,8.4,8.4,7.6,8.9
Mewar University,Rajasthan,Commerce,30800.000000000004,33000.0,8.0,7.9,7.1,8.1,8.8,7.3,8.6
"Alankar P.G. Girls College, Jaipur",Rajasthan,Commerce,16500.0,11000.0,9.0,9.0,9.0,9.0,9.0,9.0,9.0
University of Rajasthan,Rajasthan,Commerce,5984.000000000001,23300.0,7.6,8.1,7.1,8.1,7.9,6.5,7.8
"Singhania University, Jhunjhunu",Rajasthan,Commerce,73150.0,12000.0,7.1,7.1,6.7,7.1,7.1,7.0,7.3
"Kanoria PG Mahila Mahavidyalaya, Jaipur",Rajasthan,Commerce,16500.0,9800.0,7.7,8.0,7.9,7.8,8.3,5.8,8.2
Manipal University,Rajasthan,Commerce,39600.0,87500.0,8.4,8.2,8.3,8.2,9.2,7.7,9.0
"Tantia University, Sriganganagar",Rajasthan,Commerce,13200.000000000002,75000.0,8.6,8.8,8.4,9.3,8.8,7.1,9.1
SunRise University,Rajasthan,Commerce,24420.000000000004,250000.0,8.1,8.1,7.3,8.7,8.1,7.9,8.4
"OPJS University, Churu",Rajasthan,Commerce,90200.00000000001,15200.0,7.2,7.1,7.6,7.6,7.7,6.3,6.8
Institute of Advanced Studies in Education,Rajasthan,Commerce,66000.0,6000.0,8.2,8.9,8.0,8.3,8.4,7.5,7.9
Mehr Chand Mahajan Dayanand Anglo Vedic College,Haryana,Commerce,26323.000000000004,24940.0,8.2,8.4,8.0,8.5,8.2,7.6,8.4
Panjab University,Haryana,Commerce,9251.0,9975.0,7.7,8.2,7.7,8.0,7.7,6.5,8.2
Maharshi Dayanand University,Haryana,Commerce,4382.400000000001,3192.0,7.8,8.0,7.7,8.0,8.4,6.6,8.0
Chandigarh University,Haryana,Commerce,115500.00000000001,60000.0,8.6,8.6,8.2,8.4,9.0,8.6,8.8
"University School of Business, Chandigarh University",Haryana,Commerce,115500.00000000001,60000.0,9.1,9.1,8.8,9.1,9.2,9.3,8.9
Kurukshetra University,Haryana,Commerce,23866.7,7440.0,7.5,8.1,7.0,8.0,7.7,6.5,7.7
"Arya Post Graduate College, Panipat",Haryana,Commerce,25465.000000000004,16290.0,7.8,8.4,6.8,8.8,8.0,6.3,8.6
DAV College,Haryana,Commerce,24183.500000000004,21970.0,8.0,8.4,7.4,8.3,8.0,6.8,8.8
"SRM University Delhi NCR, Sonepat",Haryana,Commerce,155100.0,99000.0,7.8,8.0,7.5,7.9,8.1,7.6,7.9
"Post Graduate Government College, Chandigarh",Haryana,Commerce,22121.0,21200.0,7.7,8.4,7.2,8.4,7.5,6.5,7.9
"Gurugram University, Gurgaon",Haryana,Commerce,22000.0,30000.0,8.2,8.6,7.4,8.4,8.6,8.0,8.1
"Post Graduate Government College for Girls, Chandigarh",Haryana,Commerce,22121.0,21200.0,8.1,8.6,8.4,8.9,8.2,6.1,8.5
"PDM University, Bahadurgarh, Bahadurgarh",Haryana,Commerce,148500.0,70200.0,7.4,7.1,7.6,7.4,7.5,7.1,7.7
"Amity University, Gurgaon",Haryana,Commerce,143000.0,116000.0,7.7,7.8,7.1,7.6,8.6,7.1,8.1
Manav Rachna International Institute of Research and,Haryana,Commerce,149600.0,136000.0,7.5,7.4,7.3,7.5,8.3,6.6,7.6
"IILM University, Gurgaon",Haryana,Commerce,363000.00000000006,330000.0,8.4,8.2,7.4,8.5,8.6,8.6,8.8
"Starex University, Gurgaon",Haryana,Commerce,71500.0,50000.0,8.8,9.1,9.1,8.7,8.6,8.5,8.7
Modern Vidya Niketan,Haryana,Commerce,93500.00000000001,80000.0,7.0,7.2,6.4,7.7,7.0,6.8,6.8
"KR Mangalam University, Gurgaon",Haryana,Commerce,88000.0,120000.0,7.7,8.1,7.5,7.3,8.6,7.2,7.4
"NIILM University, Kaithal",Haryana,Commerce,264000.0,25000.0,8.1,8.6,7.9,8.5,7.9,7.8,8.1
"Lingaya's Vidyapeeth, Faridabad",Haryana,Commerce,87450.0,132500.0,7.8,8.0,7.5,8.1,7.7,7.3,8.1
HL College of Commerce,Gujarat,Commerce,2827.0000000000005,5465.0,8.4,9.1,7.1,9.3,8.8,7.1,9.0
Maharaja Sayajirao University of Baroda,Gujarat,Commerce,9196.0,22800.0,7.9,8.3,7.0,8.4,8.0,7.2,8.4
Dr Babasaheb Ambedkar Open University,Gujarat,Commerce,28600.000000000004,2200.0,7.7,8.5,5.5,8.5,8.0,7.5,8.1
Sardar Patel University,Gujarat,Commerce,66467.5,57725.0,7.8,8.6,7.0,8.5,7.7,7.3,7.8
Nirma University,Gujarat,Commerce,68420.0,123700.0,8.4,8.6,8.0,8.4,9.1,8.1,8.2
"GLS University, Ahmedabad",Gujarat,Commerce,55000.00000000001,35000.0,7.9,8.0,6.9,8.5,8.1,7.6,8.5
Indian School of Business Management and Administration,Gujarat,Commerce,16390.0,20900.0,8.0,8.8,7.6,8.1,8.0,7.9,7.8
"Atmiya University, Rajkot",Gujarat,Commerce,42900.0,21300.0,8.1,8.8,7.5,8.6,8.4,7.4,7.9
Ganpat University,Gujarat,Commerce,66000.0,100000.0,8.1,8.2,7.2,8.1,8.5,7.8,8.6
"C. U. Shah University, Wadhwan",Gujarat,Commerce,64350.00000000001,22100.0,7.7,7.6,7.0,8.2,7.8,7.4,7.9
"Indus University, Ahmedabad",Gujarat,Commerce,49500.00000000001,65500.0,7.5,7.9,7.0,7.7,7.8,6.8,7.9
Mehr Chand Mahajan Dayanand Anglo Vedic College,Punjab,Commerce,26323.000000000004,24940.0,8.2,8.4,8.0,8.5,8.2,7.6,8.4
Panjab University,Punjab,Commerce,9251.0,9975.0,7.7,8.2,7.7,8.0,7.7,6.5,8.2
Chandigarh University,Punjab,Commerce,115500.00000000001,60000.0,8.6,8.6,8.2,8.4,9.0,8.6,8.8
"University School of Business, Chandigarh University",Punjab,Commerce,115500.00000000001,60000.0,9.1,9.1,8.8,9.1,9.2,9.3,8.9
"Khalsa College, Amritsar",Punjab,Commerce,66511.5,67550.0,7.9,8.3,7.7,7.9,8.3,6.5,8.4
"BBK DAV College for Women, Amritsar",Punjab,Commerce,24414.500000000004,22480.0,8.8,9.0,8.5,9.5,8.2,7.8,9.5
"Doaba College, Jalandhar",Punjab,Commerce,30250.000000000004,27560.0,8.7,9.1,8.4,9.4,8.6,8.1,8.5
Chandigarh Business School of Administration,Punjab,Commerce,54890.00000000001,44850.0,8.0,8.0,7.4,8.1,8.0,8.4,8.3
DAV College,Punjab,Commerce,24183.500000000004,21970.0,8.0,8.4,7.4,8.3,8.0,6.8,8.8
"DAV College, Jalandhar",Punjab,Commerce,42955.0,47750.0,7.5,8.0,6.4,7.9,7.5,7.5,7.7
"RIMT University, Gobindgarh",Punjab,Commerce,77000.0,60000.0,7.6,7.9,7.3,7.8,8.0,6.7,7.8
"Post Graduate Government College, Chandigarh",Punjab,Commerce,22121.0,21200.0,7.7,8.4,7.2,8.4,7.5,6.5,7.9
"DAV College, Amritsar",Punjab,Commerce,51392.00000000001,48148.0,7.5,8.0,6.6,8.3,6.8,7.3,7.9
"Post Graduate Government College for Girls, Chandigarh",Punjab,Commerce,22121.0,21200.0,8.1,8.6,8.4,8.9,8.2,6.1,8.5
"Guru Kashi University, Bathinda",Punjab,Commerce,42240.0,23400.0,7.5,7.4,7.2,8.0,7.2,7.2,7.8
"DAV University, Jalandhar",Punjab,Commerce,96250.00000000001,71000.0,7.9,8.4,7.0,8.4,7.0,8.0,8.5
"Goenka College of Commerce and Business Administration,",West bengal,Commerce,1430.0000000000002,1485.0,7.8,8.9,6.1,8.6,7.5,7.5,8.1
JD Birla Institute,West bengal,Commerce,165272.80000000002,62600.0,7.6,8.3,6.1,8.1,7.7,7.6,8.0
"University of Calcutta, Kolkata",West bengal,Commerce,4840.0,2314.0,7.7,8.6,6.9,8.5,7.7,6.5,7.7
St. Xavier's College,West bengal,Commerce,33220.0,235000.0,8.3,8.8,7.4,8.4,8.6,7.8,8.8
"Amity University, Kolkata",West bengal,Commerce,88000.0,125000.0,8.2,8.1,7.7,8.4,8.8,7.4,8.5
"Shri Shikshayatan College, Kolkata",West bengal,Commerce,56276.00000000001,43620.0,8.2,8.6,7.6,8.7,8.5,7.6,8.3
"Adamas University, Kolkata",West bengal,Commerce,90200.00000000001,105100.0,8.2,8.3,7.5,8.5,9.0,7.8,7.8
Sister Nivedita University,West bengal,Commerce,112640.00000000001,94600.0,8.2,8.2,7.6,8.9,7.9,7.8,8.7
St. Xavier's University,West bengal,Commerce,145200.0,136000.0,8.4,8.7,8.0,8.3,8.9,7.8,8.4
"Brainware University, Kolkata",West bengal,Commerce,110000.00000000001,177200.0,7.9,8.3,7.6,7.9,8.2,7.8,7.3
Seacom Skills University,West bengal,Commerce,165000.0,35000.0,7.5,8.4,6.4,8.9,7.4,6.7,7.3
Institute of International Trade,West bengal,Commerce,196900.00000000003,15000.0,7.9,8.2,7.6,7.8,7.8,8.0,7.8
Kalinga Institute of Industrial Technology,Orissa,Commerce,247500.00000000003,139000.0,8.6,8.4,8.1,8.2,9.2,8.6,9.0
Xavier University,Orissa,Commerce,338800.0,167000.0,8.2,8.7,7.8,8.4,9.2,6.8,8.4
"Rama Devi Women's University, Bhubaneswar",Orissa,Commerce,11143.0,3535.0,7.9,8.5,7.3,8.7,8.3,6.0,8.7
Sri Sri University,Orissa,Commerce,123079.00000000001,151890.0,7.1,7.3,6.7,7.0,7.3,6.3,8.2
Birla Global University,Orissa,Commerce,140800.0,67500.0,8.3,8.8,8.1,7.8,8.8,8.1,8.4
NIIS Institute of Information Science & Management,Orissa,Commerce,154000.0,125000.0,9.0,9.2,8.7,9.2,9.2,9.0,8.7
"Dhenkanal Autonomous College, Dhenkanal",Orissa,Commerce,2409.0,2190.0,7.2,8.0,6.7,7.8,7.4,6.4,6.9
"ASBM University, Bhubaneswar",Orissa,Commerce,45925.00000000001,45000.0,8.1,8.4,8.0,8.4,8.5,7.3,8.1
"Uttaranchal Institute of Management, Dehradun",Uttarakhand,Commerce,43725.0,34900.0,6.8,6.8,5.5,6.8,7.8,5.5,8.3
Dolphin PG Institute of BioMedical & Natural,Uttarakhand,Commerce,38500.0,40000.0,7.7,8.4,6.5,7.9,7.8,6.7,8.6
"MotherHood University, Roorkee",Uttarakhand,Commerce,115500.00000000001,106590.0,8.0,8.3,7.9,7.6,8.0,8.0,8.3
Graphic Era University,Uttarakhand,Commerce,109340.00000000001,136400.0,8.3,8.2,7.9,8.4,8.6,8.1,8.4
Graphic Era Hill University,Uttarakhand,Commerce,157080.0,113600.0,8.1,7.9,7.8,8.1,8.4,7.7,8.4
Shri Guru Ram Rai University,Uttarakhand,Commerce,62920.00000000001,38500.0,7.6,7.8,7.1,7.9,7.9,7.3,7.7
Institute of Technology and Management,Uttarakhand,Commerce,44000.0,45300.0,7.4,7.8,7.5,7.8,5.6,8.0,7.8
BFIT Group of Institutions,Uttarakhand,Commerce,38500.0,39500.0,7.5,7.7,7.1,7.7,7.6,7.1,8.0
"Maya Group of Colleges, Dehradun",Uttarakhand,Commerce,72380.0,91400.0,7.3,6.8,7.2,8.3,7.2,6.7,7.3
"Loyola College, Chennai",Tamil nadu,Arts,12540.000000000002,19830.0,8.6,8.7,8.2,8.3,8.9,8.4,8.8
"Presidency College, Chennai",Tamil nadu,Arts,1375.0,870.0,8.2,8.8,7.3,8.9,8.1,7.6,8.6
Madras Christian College,Tamil nadu,Arts,6600.000000000001,3500.0,8.6,8.5,7.9,8.6,8.7,8.4,9.2
Women's Christian College,Tamil nadu,Arts,79072.40000000001,74864.0,8.7,9.0,7.9,8.8,9.1,8.5,8.9
"Guru Nanak College, Chennai",Tamil nadu,Arts,10450.0,11450.0,7.9,8.2,7.1,8.0,8.4,7.3,8.5
"Kamadhenu College of Arts & Science, Dharmapuri",Tamil nadu,Arts,7529.500000000001,6000.0,7.7,8.0,7.0,8.0,7.0,9.0,7.0
"Quaide-E-Millath Government College for Women (Autonomous), Chennai",Tamil nadu,Arts,1485.0000000000002,670.0,6.7,6.5,6.5,7.7,7.0,5.0,7.3
"Ramakrishna Mission Vivekananda College, Chennai",Tamil nadu,Arts,291.5,815.0,8.2,8.8,7.8,8.6,7.8,8.1,8.0
"Sri Krishna Arts and Science College, Coimbatore",Tamil nadu,Arts,18700.0,8000.0,8.5,8.6,7.8,8.6,8.9,8.7,8.5
"Hindusthan College of Arts and Science- [HICAS],",Tamil nadu,Arts,55000.00000000001,30000.0,7.5,7.7,6.5,7.4,8.4,7.5,7.3
Rathinam College of Arts and Science,Tamil nadu,Arts,39600.0,30000.0,8.2,7.6,7.5,8.1,8.7,8.1,9.0
"Queen Mary's College, Chennai",Tamil nadu,Arts,651.2,1512.0,7.6,7.9,6.9,8.3,6.8,7.6,8.2
"PSG College of Arts and Science, Coimbatore",Tamil nadu,Arts,7700.000000000001,10000.0,8.3,8.5,7.9,8.2,8.5,8.2,8.7
"Kongunadu Arts and Science College, Coimbatore",Tamil nadu,Arts,38500.0,35000.0,7.3,8.0,6.7,8.3,7.3,6.3,7.0
Bharathiar University,Tamil nadu,Arts,11000.0,9400.0,7.8,8.0,7.6,8.1,7.7,7.5,7.9
Justice Basheer Ahmed Sayeed College For Women,Tamil nadu,Arts,52800.00000000001,17000.0,8.1,8.3,6.9,8.7,8.5,7.9,8.3
"SDN Bhatt Vaishnav College for Women, Chennai",Tamil nadu,Arts,3520.0000000000005,30000.0,8.6,8.8,7.9,8.8,8.7,8.6,8.8
"Stella Maris College, Chennai",Tamil nadu,Arts,2640.0,20000.0,8.2,8.8,7.5,8.6,8.4,7.6,8.5
Ponnaiyah Ramajayam Institute of Science and Technology,Tamil nadu,Arts,9900.0,10000.0,6.5,6.8,6.4,6.9,7.0,5.4,6.3
"Nirmala College for Women, Coimbatore",Tamil nadu,Arts,2123.0,2605.0,8.6,9.0,8.5,8.5,9.0,8.3,8.1
"Pachaiyappa's College, Chennai",Tamil nadu,Arts,1359.6000000000001,901.0,6.6,6.6,6.2,7.2,6.9,5.2,7.6
"PSGR Krishnammal College for Women, Coimbatore",Tamil nadu,Arts,1552.1000000000001,1478.0,8.8,9.1,8.3,8.6,8.9,8.7,9.0
"St. Xavier's College, Mumbai",Maharashtra,Arts,6090.700000000001,92000.0,8.2,8.7,7.3,8.3,8.8,7.6,8.7
"Fergusson College, Pune",Maharashtra,Arts,10290.5,9680.0,8.1,8.5,7.3,8.2,8.5,7.1,8.7
K J Somaiya College of Arts &,Maharashtra,Arts,9674.5,16850.0,8.1,8.1,8.4,7.8,8.8,7.0,8.5
Kishinchand Chellaram College,Maharashtra,Arts,27412.000000000004,10815.0,8.3,8.6,7.9,8.5,8.4,7.4,8.7
"St. Mira's College for Girls, Pune",Maharashtra,Arts,21285.0,14800.0,6.9,7.2,6.1,8.3,6.8,5.6,7.2
Kelkar Education Trust's V.G. Vaze College of,Maharashtra,Arts,6782.6,10540.0,8.4,8.9,7.8,8.7,8.7,7.7,8.7
"Symbiosis College of Arts and Commerce, Pune",Maharashtra,Arts,21010.0,36511.0,8.3,8.8,7.5,8.6,7.7,8.2,8.9
"Mithibai College of Arts, Mumbai",Maharashtra,Arts,27500.000000000004,8000.0,8.5,8.5,8.3,8.4,8.9,7.6,9.0
"Abeda Inamdar Senior College, Pune",Maharashtra,Arts,10164.0,10670.0,7.6,7.9,7.1,8.2,8.1,6.8,7.5
Ramniranjan Jhunjhunwala College,Maharashtra,Arts,12116.500000000002,5765.0,8.0,8.8,5.9,9.1,7.9,8.0,8.4
"Vinayakrao Patil Mahavidyalaya, Aurangabad",Maharashtra,Arts,3723.5000000000005,4485.0,7.3,7.5,7.0,7.0,8.0,7.0,7.0
"Dr. D.Y. Patil Arts, Science and Commerce",Maharashtra,Arts,16758.5,13400.0,8.0,8.3,7.3,8.3,8.5,7.4,8.1
"Poona College of Arts, Science and Commerce",Maharashtra,Arts,5918.000000000001,15920.0,7.0,7.4,6.1,8.7,7.7,4.7,7.1
Dr Babasaheb Ambedkar Marathwada University,Maharashtra,Arts,19949.600000000002,1050.0,7.1,7.4,6.4,8.0,7.1,5.8,7.8
"Yashwantrao Mohite College, Pune",Maharashtra,Arts,11550.000000000002,11500.0,5.0,5.8,4.4,5.7,5.0,4.3,4.6
"National Post Graduate College, Lucknow",Uttar pradesh,Arts,11000.0,22800.0,7.6,8.6,7.4,8.5,7.6,6.8,6.7
Chhatrapati Shahu Ji Maharaj University,Uttar pradesh,Arts,43222.3,29293.0,7.1,7.2,6.6,7.5,8.0,5.8,7.7
University of Lucknow,Uttar pradesh,Arts,46376.00000000001,13990.0,7.4,7.9,7.0,7.8,7.7,6.1,7.6
"Avadh Girls' Degree College, Lucknow",Uttar pradesh,Arts,8344.6,22500.0,7.2,7.6,6.9,7.9,6.5,6.4,8.0
"J.V.Jain College, Saharanpur",Uttar pradesh,Arts,1917.3000000000002,1956.0,6.5,7.7,5.0,8.1,6.5,5.3,6.5
"Navyug Kanya Mahavidyalaya, Lucknow",Uttar pradesh,Arts,6776.000000000001,12620.0,5.9,6.8,4.6,7.4,5.0,5.1,6.4
"Amity University, Lucknow",Uttar pradesh,Arts,72600.0,66000.0,8.1,8.0,7.6,8.1,8.8,7.1,8.8
"Shri Jai Narain PG College, Lucknow",Uttar pradesh,Arts,15042.500000000002,19100.0,7.1,7.5,6.6,7.6,7.3,6.4,7.4
"Christ Church College -[CCC], Kanpur",Uttar pradesh,Arts,4004.0000000000005,3185.0,7.3,8.0,5.9,8.1,7.8,5.9,8.1
"Shia PG College, Lucknow",Uttar pradesh,Arts,7654.900000000001,16000.0,6.5,8.6,4.3,7.2,6.5,5.2,6.9
Pandit Prithi Nath College,Uttar pradesh,Arts,6567.000000000001,4460.0,6.1,7.6,4.0,7.1,6.2,5.9,5.9
"Dr. Shakuntala Misra National Rehabilitation University, Lucknow",Uttar pradesh,Arts,9020.0,6505.0,7.2,7.2,6.7,7.6,8.9,5.9,6.6
Mahatma Gandhi Kashi Vidyapith,Uttar pradesh,Arts,2266.0,18875.0,7.1,7.5,6.9,7.9,7.5,5.6,7.3
"Lucknow Christian Degree College, Lucknow",Uttar pradesh,Arts,7224.8,24800.0,7.3,8.4,6.4,8.6,7.9,5.4,7.3
Lady Shri Ram College for Women,Delhi ncr,Arts,17457.0,17976.0,8.5,8.8,7.9,8.6,8.6,8.0,8.9
"Miranda House, New Delhi",Delhi ncr,Arts,15983.000000000002,14160.0,8.6,9.1,8.5,8.5,9.3,7.1,8.9
"Hindu College, New Delhi",Delhi ncr,Arts,19316.0,18010.0,8.4,8.8,7.9,8.7,8.5,7.6,9.0
Hansraj College,Delhi ncr,Arts,23039.500000000004,13309.0,8.4,8.7,7.9,8.7,8.5,7.8,8.9
"Ramjas College, New Delhi",Delhi ncr,Arts,14844.500000000002,14284.0,7.9,8.4,7.1,8.4,7.9,7.0,8.5
Jesus and Mary College,Delhi ncr,Arts,17171.0,17046.0,7.9,8.6,6.9,8.1,8.5,7.1,8.4
"Gargi College, New Delhi",Delhi ncr,Arts,13524.500000000002,12681.0,8.2,8.5,7.2,8.6,8.0,7.8,9.0
"Sri Venkateswara College, New Delhi",Delhi ncr,Arts,13645.500000000002,13191.0,8.3,8.7,7.8,8.5,8.2,7.9,8.8
Indraprastha College for Women,Delhi ncr,Arts,14300.000000000002,24100.0,8.0,8.8,7.6,8.2,8.8,7.1,7.5
"Lingaya's Vidyapeeth, Faridabad",Delhi ncr,Arts,99000.00000000001,63500.0,7.8,8.0,7.5,8.1,7.7,7.3,8.1
Manav Rachna International Institute of Research and,Delhi ncr,Arts,181500.00000000003,126000.0,7.5,7.4,7.3,7.5,8.3,6.6,7.6
Kamala Nehru College,Delhi ncr,Arts,10670.0,11186.0,8.1,8.7,7.6,8.8,7.3,7.2,8.7
Indian Institute of Technology,Delhi ncr,Arts,33330.0,20000.0,8.7,9.0,7.8,8.7,8.9,9.0,9.0
Jawaharlal Nehru University,Delhi ncr,Arts,1386.0,1362.0,8.5,9.0,8.2,9.0,8.7,7.2,9.1
Kirori Mal College,Delhi ncr,Arts,13579.500000000002,9339.0,8.2,8.7,7.6,8.6,7.9,7.3,8.9
Atma Ram Sanatan Dharma College,Delhi ncr,Arts,12083.500000000002,11771.0,7.8,8.4,6.7,8.4,8.0,6.8,8.7
"Deen Dayal Upadhyaya College, New Delhi",Delhi ncr,Arts,16500.0,19550.0,7.9,8.4,7.4,8.3,8.4,6.5,8.2
"Jamia Millia Islamia University-[JMI], New Delhi",Delhi ncr,Arts,22000.0,30100.0,8.0,8.4,7.6,8.3,8.4,7.2,8.2
"AJK Mass Communication Research Centre, New Delhi",Delhi ncr,Arts,84821.0,60820.0,7.7,8.5,7.0,8.3,8.3,8.8,5.3
Sri Guru Tegh Bahadur Khalsa College,Delhi ncr,Arts,23006.500000000004,18954.0,7.8,8.2,7.2,8.2,8.1,6.8,8.3
"Jamia Hamdard University, New Delhi",Delhi ncr,Arts,49500.00000000001,77000.0,7.5,8.1,7.3,7.8,8.1,6.5,7.4
K L University,Andhra pradesh,Arts,181500.00000000003,145000.0,8.3,8.5,7.6,8.3,8.8,8.3,8.2
Sri Venkateswara University,Andhra pradesh,Arts,6957.500000000001,8290.0,8.1,7.9,8.3,8.2,7.9,7.7,8.4
GITAM Institute of Management,Andhra pradesh,Arts,88000.0,5000.0,8.5,8.6,7.3,8.8,9.2,8.4,8.7
Acharya Nagarjuna University,Andhra pradesh,Arts,6545.000000000001,6900.0,7.3,7.7,7.0,7.2,8.0,5.7,8.2
"SRM University, Amaravathi",Andhra pradesh,Arts,17600.0,160000.0,8.7,8.7,8.1,9.2,9.2,8.4,8.4
"Besant Theosophical College, Madanapalle",Andhra pradesh,Arts,6600.000000000001,20000.0,8.3,8.5,8.5,8.5,8.0,8.0,8.5
"Christ University, Bangalore",Karnataka,Arts,55000.00000000001,20000.0,8.3,8.5,7.4,8.2,8.9,8.1,8.8
Kristu Jayanti College,Karnataka,Arts,55000.00000000001,70000.0,8.4,8.9,7.7,8.4,8.9,8.1,8.5
Jyoti Nivas College,Karnataka,Arts,22541.2,40000.0,7.8,8.2,7.4,8.3,7.7,7.0,8.4
Garden City University,Karnataka,Arts,80410.0,119000.0,7.8,7.7,7.5,7.8,8.2,7.3,8.5
National Law School of India University,Karnataka,Arts,241587.50000000003,219625.0,8.8,9.1,8.6,9.3,8.1,9.1,8.8
Welcomgroup Graduate School of Hotel Administration,Karnataka,Arts,330000.0,300000.0,8.8,8.7,8.3,8.6,8.7,9.1,9.3
Manipal Academy of Higher Education,Karnataka,Arts,330000.0,75000.0,8.4,8.5,8.2,8.6,8.8,7.8,8.4
St Joseph's College,Karnataka,Arts,31680.000000000004,99750.0,8.1,8.4,7.3,8.4,8.3,7.6,8.6
"St. Aloysius College, Mangalore",Karnataka,Arts,16225.000000000002,54705.0,7.9,8.4,7.1,8.1,8.3,7.1,8.6
"AIMS Institutes, Bangalore",Karnataka,Arts,209000.00000000003,169000.0,7.3,7.8,6.6,8.1,6.5,7.2,7.3
Indian Academy Group of Institutions,Karnataka,Arts,188100.00000000003,130500.0,7.9,8.6,7.6,8.5,7.5,7.8,7.6
A.V. College of Arts Science and Commerce,Telangana,Arts,18804.5,5190.0,8.0,8.1,6.3,8.1,8.7,7.8,8.9
Osmania University College for Women,Telangana,Arts,6380.000000000001,2260.0,8.2,8.0,8.4,8.7,8.5,6.5,9.0
"St Francis College for Women, Hyderabad",Telangana,Arts,11000.0,7360.0,8.5,8.9,7.2,8.5,8.9,8.6,9.0
Sarojini Naidu Vanita Mahavidyalaya,Telangana,Arts,5555.0,7200.0,9.4,9.8,9.8,8.5,9.5,9.0,9.5
Indian Institute of Technology,Telangana,Arts,38720.0,31395.0,8.5,8.7,8.0,8.7,8.5,8.3,8.6
University of Hyderabad,Telangana,Arts,7942.000000000001,7220.0,8.4,8.7,7.6,8.5,9.0,7.5,8.8
ICFAI Foundation for Higher Education,Telangana,Arts,132000.0,120000.0,8.2,8.3,7.5,8.1,8.6,7.8,8.9
ICFAI Business School,Telangana,Arts,176000.0,130000.0,8.2,8.2,8.0,8.1,8.5,7.8,8.7
Jawaharlal Nehru Architecture and Fine Arts University,Telangana,Arts,22000.0,25000.0,6.5,7.9,4.7,7.1,7.1,6.0,6.4
Kakatiya University,Telangana,Arts,19811.0,7340.0,7.2,7.4,6.8,7.6,7.2,6.8,7.4
Dr. B.R. Ambedkar Open University,Telangana,Arts,7590.000000000001,5000.0,6.7,7.3,5.6,7.8,7.2,5.5,6.8
Maulana Azad National Urdu University,Telangana,Arts,3630.0000000000005,4000.0,7.8,7.0,8.3,8.1,8.6,7.1,7.9
English and Foreign Languages University,Telangana,Arts,5786.000000000001,9895.0,8.0,9.0,7.7,8.8,7.8,7.0,7.7
Islamia Karimia College,Madhya pradesh,Arts,9187.2,9900.0,5.9,6.0,5.5,8.0,5.5,4.5,6.0
Institute for Excellence in Higher Education,Madhya pradesh,Arts,20770.2,19707.0,7.2,7.9,6.5,7.9,7.0,6.7,7.4
Barkatullah University,Madhya pradesh,Arts,10774.5,7795.0,6.9,7.3,6.1,7.4,6.9,6.0,7.5
Atal Bihari Vajpayee Hindi Vishwavidyalaya,Madhya pradesh,Arts,11110.0,10250.0,7.7,8.3,6.3,8.7,7.3,7.8,7.9
Madhya Pradesh Bhoj (Open) University,Madhya pradesh,Arts,3973.2000000000003,6900.0,7.8,8.6,7.4,8.7,7.5,7.6,7.2
"RKDF University, Bhopal",Madhya pradesh,Arts,55000.00000000001,10000.0,7.6,8.0,7.0,7.8,8.0,6.5,8.2
"Government Hamidia Arts And Commerce College, Bhopal",Madhya pradesh,Arts,2248.4,1860.0,7.4,7.9,5.5,8.8,8.1,6.3,8.0
"Amity University, Gwalior",Madhya pradesh,Arts,70400.0,64000.0,8.6,8.8,8.5,8.4,9.3,8.0,8.3
"Devi Ahilya Vishwavidyalaya, Indore",Madhya pradesh,Arts,26950.000000000004,24500.0,7.5,8.0,6.5,7.8,7.5,7.0,7.9
Regional Institute of Education,Madhya pradesh,Arts,15730.000000000002,3430.0,8.6,9.0,8.3,8.5,8.9,8.4,8.2
Indira Gandhi National Tribal University,Madhya pradesh,Arts,7370.000000000001,25600.0,7.5,7.5,7.3,8.4,7.9,5.9,7.9
Awadhesh Pratap Singh University,Madhya pradesh,Arts,13200.000000000002,16000.0,7.1,7.9,6.5,8.1,7.2,5.3,7.3
"Career College, Bhopal",Madhya pradesh,Arts,11000.0,10000.0,8.3,8.4,7.6,8.7,8.3,8.4,8.3
Jagran Lakecity University,Madhya pradesh,Arts,52250.00000000001,110000.0,8.0,8.0,7.9,7.8,8.6,7.4,8.1
LNCT University,Madhya pradesh,Arts,11000.0,15000.0,9.0,9.0,8.8,9.3,8.8,8.9,8.9
Pandit S. N. Shukla University Shahdol,Madhya pradesh,Arts,35200.0,500.0,8.1,8.2,7.7,8.5,8.2,7.4,8.4
"St Joseph's College Devagiri, Calicut",Kerala,Arts,29920.000000000004,45000.0,8.4,8.8,7.7,8.7,8.7,7.4,9.0
Sacred Heart College,Kerala,Arts,6787.000000000001,115600.0,8.5,8.9,7.5,8.6,8.8,8.0,9.1
"St Teresa's College (Autonomous), Ernakulam",Kerala,Arts,7150.000000000001,5000.0,8.4,8.9,7.4,9.0,8.2,7.7,9.3
"St. Albert's College, Ernakulam",Kerala,Arts,19800.0,37500.0,7.1,7.9,6.4,7.7,7.0,6.5,6.9
"Government Victoria College, Palakkad",Kerala,Arts,2227.5,3480.0,8.0,8.5,7.4,8.8,7.5,6.3,9.3
"AV Abdurahiman Haji Arts & Science College,",Kerala,Arts,32059.500000000004,44130.0,5.4,6.8,3.8,6.0,6.8,2.8,6.0
"Maharaja's College, Ernakulam",Kerala,Arts,4312.0,5200.0,7.8,8.4,7.3,8.6,8.2,5.4,8.8
"Trivandrum University College, Thiruvananthapuram",Kerala,Arts,2964.5000000000005,1715.0,8.5,9.2,8.0,8.6,9.0,7.5,8.6
"Mar Ivanios College, Thiruvananthapuram",Kerala,Arts,3833.5000000000005,3525.0,8.3,8.7,8.1,8.7,8.8,6.6,9.0
Rajagiri College of Social Sciences,Kerala,Arts,21398.300000000003,21703.0,8.5,8.8,8.5,8.8,8.5,8.0,8.1
Mahatma Gandhi University,Kerala,Arts,22220.0,30000.0,7.7,8.0,7.5,8.0,8.0,6.2,8.2
"St Thomas' College, Thrissur",Kerala,Arts,2222.0,3380.0,7.4,8.0,7.0,8.1,7.0,6.6,7.9
Calicut University,Kerala,Arts,2772.0,3635.0,7.0,7.5,6.2,7.5,7.4,5.4,7.9
St. Berchmans College,Kerala,Arts,8690.0,8460.0,8.4,8.6,8.2,8.6,8.6,7.7,8.5
"Mahatma Gandhi College, Trivandrum",Kerala,Arts,2475.0,3390.0,8.1,8.7,7.5,8.6,8.8,5.9,8.9
"Farook College, Kozhikode",Kerala,Arts,2568.5,3760.0,8.1,8.7,8.1,8.5,8.5,5.8,9.0
"Newman College, Thodupuzha",Kerala,Arts,3110.8,3793.0,7.2,8.4,5.1,7.8,8.0,6.6,7.0
T.K.M. College of Arts and Science,Kerala,Arts,19800.0,37500.0,8.0,8.1,7.5,8.1,8.3,7.5,8.6
"Christ College Irinjalakuda, Thrissur",Kerala,Arts,1067000.0,871000.0,8.0,8.3,7.7,8.2,8.4,7.2,8.3
"Bishop Vayalil Memorial Holy Cross College, Kottayam",Kerala,Arts,50025.8,38828.0,7.6,8.3,6.6,9.0,7.7,7.3,6.7
"Nirmalagiri College, Kannur",Kerala,Arts,2156.0,3120.0,8.0,9.3,7.3,8.1,9.0,6.7,7.8
"Banasthali Vidyapith, Jaipur",Rajasthan,Arts,85250.0,75500.0,8.5,8.8,8.2,8.9,8.6,7.9,8.8
"St Xaviers College, Jaipur",Rajasthan,Arts,69300.0,53000.0,7.6,8.2,7.1,8.3,7.8,6.0,8.4
Jaipur National University,Rajasthan,Arts,42130.0,38000.0,7.5,7.9,7.0,7.7,7.8,6.7,7.6
"Kanoria PG Mahila Mahavidyalaya, Jaipur",Rajasthan,Arts,16500.0,16500.0,7.7,8.0,7.9,7.8,8.3,5.8,8.2
Jayoti Vidyapeeth Women's University,Rajasthan,Arts,38500.0,230000.0,7.6,7.7,8.4,7.9,7.7,6.4,7.4
"SS Jain Subodh PG College, Jaipur",Rajasthan,Arts,20900.0,105000.0,7.6,8.2,6.5,8.4,8.0,6.7,7.6
IIS (Deemed to be University),Rajasthan,Arts,85800.0,69600.0,8.3,8.6,8.5,8.6,8.0,7.9,8.4
Madhav University,Rajasthan,Arts,66000.0,35000.0,7.8,7.9,7.5,8.2,7.9,7.3,7.8
Janardan Rai Nagar Rajasthan Vidyapeeth University,Rajasthan,Arts,22000.0,18000.0,7.8,8.3,7.5,8.3,7.9,7.3,7.5
"Amity University, Jaipur",Rajasthan,Arts,77000.0,90000.0,8.0,7.8,7.6,7.8,8.9,7.4,8.7
"Poddar Group of Institutions, Jaipur",Rajasthan,Arts,27500.000000000004,40000.0,7.7,8.3,7.1,8.6,7.4,6.9,8.0
"Lucky Institute of Professional Studies, Jodhpur",Rajasthan,Arts,17600.0,16000.0,7.7,7.8,8.0,8.3,7.7,6.0,8.2
Jai Narain Vyas University,Rajasthan,Arts,462.00000000000006,480.0,6.2,6.9,5.2,7.1,6.4,4.9,6.4
Mahatma Jyoti Rao Phoole University,Rajasthan,Arts,34100.0,50000.0,6.8,6.9,6.2,7.4,7.7,6.4,6.4
Career Point University,Rajasthan,Arts,40700.0,35000.0,8.3,8.4,7.9,8.4,8.4,7.6,8.9
Mewar University,Rajasthan,Arts,30800.000000000004,75000.0,8.0,7.9,7.1,8.1,8.8,7.3,8.6
"Alankar P.G. Girls College, Jaipur",Rajasthan,Arts,15400.000000000002,11000.0,9.0,9.0,9.0,9.0,9.0,9.0,9.0
University of Rajasthan,Rajasthan,Arts,5984.000000000001,23300.0,7.6,8.1,7.1,8.1,7.9,6.5,7.8
"Singhania University, Jhunjhunu",Rajasthan,Arts,24200.000000000004,52000.0,7.1,7.1,6.7,7.1,7.1,7.0,7.3
Manipal University,Rajasthan,Arts,39600.0,88500.0,8.4,8.2,8.3,8.2,9.2,7.7,9.0
Mehr Chand Mahajan Dayanand Anglo Vedic College,Haryana,Arts,22044.0,20060.0,8.2,8.4,8.0,8.5,8.2,7.6,8.4
DAV College,Haryana,Arts,41173.0,20250.0,8.0,8.4,7.4,8.3,8.0,6.8,8.8
"Lingaya's Vidyapeeth, Faridabad",Haryana,Arts,99000.00000000001,63500.0,7.8,8.0,7.5,8.1,7.7,7.3,8.1
Manav Rachna International Institute of Research and,Haryana,Arts,181500.00000000003,126000.0,7.5,7.4,7.3,7.5,8.3,6.6,7.6
"Post Graduate Government College for Girls, Chandigarh",Haryana,Arts,18337.0,22000.0,8.1,8.6,8.4,8.9,8.2,6.1,8.5
"Post Graduate Government College, Chandigarh",Haryana,Arts,18337.0,18400.0,7.7,8.4,7.2,8.4,7.5,6.5,7.9
Panjab University,Haryana,Arts,8910.0,8100.0,7.7,8.2,7.7,8.0,7.7,6.5,8.2
Maharshi Dayanand University,Haryana,Arts,3445.2000000000003,8132.0,7.8,8.0,7.7,8.0,8.4,6.6,8.0
Chandigarh University,Haryana,Arts,55000.00000000001,60000.0,8.6,8.6,8.2,8.4,9.0,8.6,8.8
Apeejay Stya University,Haryana,Arts,319220.0,290200.0,7.9,8.2,7.5,7.9,7.5,7.7,8.3
Kurukshetra University,Haryana,Arts,8250.0,38000.0,7.5,8.1,7.0,8.0,7.7,6.5,7.7
"Arya Post Graduate College, Panipat",Haryana,Arts,22935.000000000004,23200.0,7.8,8.4,6.8,8.8,8.0,6.3,8.6
Guru Jambheshwar University of Science and Technology,Haryana,Arts,22110.0,22600.0,7.7,7.7,7.3,7.5,8.9,6.5,8.0
"SRM University Delhi NCR, Sonepat",Haryana,Arts,97350.00000000001,88500.0,7.8,8.0,7.5,7.9,8.1,7.6,7.9
"Ashoka University, Sonepat",Haryana,Arts,1017500.0000000001,498000.0,8.6,8.6,8.6,8.9,8.7,8.3,8.5
"Gurugram University, Gurgaon",Haryana,Arts,11000.0,20000.0,8.2,8.6,7.4,8.4,8.6,8.0,8.1
"PDM University, Bahadurgarh, Bahadurgarh",Haryana,Arts,65120.00000000001,64700.0,7.4,7.1,7.6,7.4,7.5,7.1,7.7
"Amity University, Gurgaon",Haryana,Arts,72600.0,66000.0,7.7,7.8,7.1,7.6,8.6,7.1,8.1
O. P. Jindal Global University,Haryana,Arts,385000.00000000006,450000.0,8.3,8.4,8.2,8.3,8.8,7.5,8.7
"IILM University, Gurgaon",Haryana,Arts,363000.00000000006,330000.0,8.4,8.2,7.4,8.5,8.6,8.6,8.8
"Starex University, Gurgaon",Haryana,Arts,495000.00000000006,45000.0,8.8,9.1,9.1,8.7,8.6,8.5,8.7
"St Xavier's College, Ahmedabad",Gujarat,Arts,8811.0,45670.0,8.1,8.4,7.4,8.6,8.3,7.3,8.7
"LD Arts College, Ahmedabad",Gujarat,Arts,1193.5,2205.0,6.7,8.4,5.0,8.4,7.9,3.3,6.9
Gujarat Vidyapith,Gujarat,Arts,13013.000000000002,8635.0,8.4,9.0,7.9,9.1,8.4,7.6,8.1
Indian Institute of Technology,Gujarat,Arts,500500.00000000006,48500.0,8.4,8.3,8.4,8.8,9.1,7.2,8.8
Maharaja Sayajirao University of Baroda,Gujarat,Arts,8514.0,8360.0,7.9,8.3,7.0,8.4,8.0,7.2,8.4
Dr Babasaheb Ambedkar Open University,Gujarat,Arts,9933.0,26000.0,7.7,8.5,5.5,8.5,8.0,7.5,8.1
"Ahmedabad University, Ahmedabad",Gujarat,Arts,286000.0,250000.0,8.6,9.0,7.6,8.9,9.2,8.0,9.0
Sardar Patel University,Gujarat,Arts,4334.0,10700.0,7.8,8.6,7.0,8.5,7.7,7.3,7.8
"Arvindbhai Patel Institute of Environmental Design, Vallabh",Gujarat,Arts,117700.00000000001,107000.0,6.9,7.2,5.8,7.4,7.4,5.4,8.0
Pandit Deendayal Petroleum University [PDPU] / (Energy,Gujarat,Arts,273900.0,86000.0,8.6,8.3,8.3,8.1,9.4,8.1,9.4
Children's University,Gujarat,Arts,4950.0,15000.0,8.1,8.3,7.7,8.8,7.7,7.4,8.5
"Auro University, Surat",Gujarat,Arts,181500.00000000003,121000.0,8.3,8.2,8.5,8.6,8.7,7.2,8.6
Ganpat University,Gujarat,Arts,66000.0,30000.0,8.1,8.2,7.2,8.1,8.5,7.8,8.6
Mehr Chand Mahajan Dayanand Anglo Vedic College,Punjab,Arts,22044.0,20060.0,8.2,8.4,8.0,8.5,8.2,7.6,8.4
DAV College,Punjab,Arts,41173.0,20250.0,8.0,8.4,7.4,8.3,8.0,6.8,8.8
"Post Graduate Government College for Girls, Chandigarh",Punjab,Arts,18337.0,22000.0,8.1,8.6,8.4,8.9,8.2,6.1,8.5
"Post Graduate Government College, Chandigarh",Punjab,Arts,18337.0,18400.0,7.7,8.4,7.2,8.4,7.5,6.5,7.9
Panjab University,Punjab,Arts,8910.0,8100.0,7.7,8.2,7.7,8.0,7.7,6.5,8.2
Thapar Institute of Engineering and Technology,Punjab,Arts,124520.00000000001,116460.0,8.3,8.0,8.1,7.7,8.9,8.2,8.8
Chandigarh University,Punjab,Arts,55000.00000000001,60000.0,8.6,8.6,8.2,8.4,9.0,8.6,8.8
I.K. Gujral Punjab Technical University,Punjab,Arts,42460.0,49000.0,8.1,8.0,7.4,8.7,8.3,7.7,8.7
"Khalsa College, Amritsar",Punjab,Arts,50237.00000000001,45830.0,7.9,8.3,7.7,7.9,8.3,6.5,8.4
"BBK DAV College for Women, Amritsar",Punjab,Arts,24420.000000000004,21760.0,8.8,9.0,8.5,9.5,8.2,7.8,9.5
"Doaba College, Jalandhar",Punjab,Arts,46200.00000000001,27560.0,8.7,9.1,8.4,9.4,8.6,8.1,8.5
"DAV College, Jalandhar",Punjab,Arts,24651.000000000004,21250.0,7.5,8.0,6.4,7.9,7.5,7.5,7.7
"RIMT University, Gobindgarh",Punjab,Arts,60940.00000000001,85000.0,7.6,7.9,7.3,7.8,8.0,6.7,7.8
"DAV College, Amritsar",Punjab,Arts,27156.800000000003,33348.0,7.5,8.0,6.6,8.3,6.8,7.3,7.9
Chitkara University,Punjab,Arts,385000.00000000006,134000.0,8.5,8.4,7.7,8.5,8.9,8.7,8.7
"Guru Kashi University, Bathinda",Punjab,Arts,44627.0,23400.0,7.5,7.4,7.2,8.0,7.2,7.2,7.8
"DAV University, Jalandhar",Punjab,Arts,34100.0,45000.0,7.9,8.4,7.0,8.4,7.0,8.0,8.5
"Presidency University, Kolkata",West bengal,Arts,2200.0,2220.0,8.1,8.8,7.3,8.6,8.8,6.5,8.3
St. Xavier's College,West bengal,Arts,24420.000000000004,8200.0,8.3,8.8,7.4,8.4,8.6,7.8,8.8
"Bethune College, Kolkata",West bengal,Arts,1299.1000000000001,7466.0,8.0,9.1,7.3,8.8,7.9,6.8,8.1
"Loreto College, Kolkata",West bengal,Arts,24134.000000000004,17500.0,8.3,9.3,6.8,9.3,8.1,7.6,8.6
Maulana Azad College,West bengal,Arts,1259.5,4185.0,7.8,8.8,7.7,8.4,8.3,5.5,7.9
"Shri Shikshayatan College, Kolkata",West bengal,Arts,38896.0,44220.0,8.2,8.6,7.6,8.7,8.5,7.6,8.3
"Ramakrishna Mission Vidyamandira, Howrah",West bengal,Arts,3960.0000000000005,6000.0,8.8,9.3,8.6,9.4,8.9,7.8,8.6
Acharya Prafulla Chandra College,West bengal,Arts,2473.9,18300.0,7.5,8.2,6.5,8.3,8.0,5.8,7.9
Indian Institute of Technology,West bengal,Arts,55000.00000000001,40000.0,8.5,8.8,7.2,8.2,8.9,8.8,9.0
"University of Calcutta, Kolkata",West bengal,Arts,2545.4,80000.0,7.7,8.6,6.9,8.5,7.7,6.5,7.7
National Institute of Technology,West bengal,Arts,70510.0,39100.0,7.7,8.0,6.8,7.8,7.5,7.8,8.4
Kalinga Institute of Industrial Technology,Orissa,Arts,152900.0,139000.0,8.6,8.4,8.1,8.2,9.2,8.6,9.0
"Rama Devi Women's University, Bhubaneswar",Orissa,Arts,3888.5000000000005,4003.0,7.9,8.5,7.3,8.7,8.3,6.0,8.7
"Dhenkanal Autonomous College, Dhenkanal",Orissa,Arts,2431.0,34016.0,7.2,8.0,6.7,7.8,7.4,6.4,6.9
National Institute of Technology,Orissa,Arts,56650.00000000001,97500.0,8.4,8.3,7.9,7.8,9.1,8.2,8.9
Xavier University,Orissa,Arts,183700.00000000003,240000.0,8.2,8.7,7.8,8.4,9.2,6.8,8.4
Regional Institute of Education,Orissa,Arts,15570.500000000002,4570.0,8.3,8.5,8.0,8.2,8.0,8.3,8.9
Sri Sri University,Orissa,Arts,112079.00000000001,100000.0,7.1,7.3,6.7,7.0,7.3,6.3,8.2
Birla Global University,Orissa,Arts,110000.00000000001,120000.0,8.3,8.8,8.1,7.8,8.8,8.1,8.4
Centurion University of Technology and Management,Orissa,Arts,55000.00000000001,60000.0,7.4,7.7,6.8,7.8,7.8,6.6,7.8
"Udayanath College of Science and Technology, Cuttack",Orissa,Arts,20570.0,19500.0,7.3,8.3,6.9,7.8,8.0,5.3,7.5
GIET University,Orissa,Arts,22000.0,20000.0,7.9,8.3,7.3,7.9,8.5,7.8,7.7
"ASBM University, Bhubaneswar",Orissa,Arts,22000.0,20000.0,8.1,8.4,8.0,8.4,8.5,7.3,8.1
IMS Unison University,Uttarakhand,Arts,126376.80000000002,95200.0,8.2,8.2,8.0,8.5,8.5,7.5,8.2
University of Petroleum and Energy Studies,Uttarakhand,Arts,576400.0,466000.0,8.1,8.1,7.8,7.9,8.6,7.7,8.2
"Doon University, Dehradun",Uttarakhand,Arts,45925.00000000001,36150.0,7.2,7.3,7.0,7.3,7.9,6.3,7.6
Doon Post Graduate College of Agriculture Science,Uttarakhand,Arts,44000.0,45000.0,6.7,7.5,6.4,7.6,7.0,4.9,6.8
DIT University,Uttarakhand,Arts,88000.0,180000.0,7.8,7.9,7.6,7.6,8.4,7.4,8.0
"Patanjali University, Haridwar",Uttarakhand,Arts,33990.0,35900.0,8.2,8.4,8.3,8.4,8.4,7.8,8.1
"MotherHood University, Roorkee",Uttarakhand,Arts,47278.00000000001,105000.0,8.0,8.3,7.9,7.6,8.0,8.0,8.3
"Uttaranchal University, Dehradun",Uttarakhand,Arts,170500.0,85200.0,7.5,7.8,6.8,7.7,8.6,6.5,7.5
Graphic Era Hill University,Uttarakhand,Arts,179410.0,145000.0,8.1,7.9,7.8,8.1,8.4,7.7,8.4
Shri Guru Ram Rai University,Uttarakhand,Arts,26400.000000000004,15000.0,7.6,7.8,7.1,7.9,7.9,7.3,7.7
Himgiri Zee University,Uttarakhand,Arts,154000.0,40000.0,7.9,8.5,5.5,9.0,8.0,7.7,8.8
Institute of Technology and Management,Uttarakhand,Arts,38610.0,40100.0,7.4,7.8,7.5,7.8,5.6,8.0,7.8
BFIT Group of Institutions,Uttarakhand,Arts,30800.000000000004,35000.0,7.5,7.7,7.1,7.7,7.6,7.1,8.0
Uttaranchal College of Science & Technology,Uttarakhand,Arts,33000.0,35000.0,7.6,8.1,7.9,8.0,7.9,6.1,7.8
"Sai group of institutions, Dehradun",Uttarakhand,Arts,68860.0,67600.0,8.8,9.0,8.0,9.3,9.0,9.0,8.7
"Omkarananda Institute of Management & Technology- [OIMT],",Uttarakhand,Arts,26070.000000000004,32200.0,7.5,8.0,6.9,7.6,7.6,7.0,7.9
Institute of Hotel Management Catering Technology and,Tamil nadu,Hotel-management,59546.3,31683.0,8.5,8.5,7.9,8.8,8.6,9.2,8.0
"SRM Institute of Hotel Management, Chennai",Tamil nadu,Hotel-management,77616.0,57500.0,9.4,9.3,8.5,9.7,9.4,9.9,9.5
"Vels Institute of Science, Technology & Advanced",Tamil nadu,Hotel-management,82830.0,25300.0,8.1,8.4,7.5,8.4,8.1,7.8,8.3
"Dr. M.G.R. Educational and Research Institute, Chennai",Tamil nadu,Hotel-management,44000.0,30000.0,7.4,7.6,7.4,7.1,7.8,6.8,7.5
All India Institute of Technology and Management,Tamil nadu,Hotel-management,66000.0,25000.0,7.0,8.3,6.3,7.7,7.3,5.3,7.3
Institute of Hotel Management Catering Technology and,Maharashtra,Hotel-management,133155.0,60000.0,7.9,8.3,7.2,8.5,7.3,8.4,7.9
"DY Patil University, Navi Mumbai",Maharashtra,Hotel-management,495000.00000000006,250000.0,7.5,7.3,7.1,7.7,7.5,7.4,7.8
Suryadatta College of Hospitality Management and Travel,Maharashtra,Hotel-management,44000.0,110000.0,8.5,8.5,7.2,9.1,8.4,8.9,8.8
Chhatrapati Shivaji Maharaj University,Maharashtra,Hotel-management,116710.00000000001,91100.0,9.0,8.6,9.3,9.3,9.0,8.4,9.3
"Institute of Hotel Management, Catering & Nutrition",Uttar pradesh,Hotel-management,43890.0,121310.0,8.5,8.7,8.5,8.9,8.3,8.5,8.0
Heritage Institute of Hotel and Tourism,Uttar pradesh,Hotel-management,363000.00000000006,50000.0,7.0,6.7,6.7,7.0,7.7,7.3,6.7
"Amity University, Noida",Uttar pradesh,Hotel-management,110000.00000000001,136000.0,8.2,8.0,7.9,8.1,8.9,7.6,8.7
Institute of Hotel Management Catering Technology and,Uttar pradesh,Hotel-management,143000.0,30000.0,8.8,9.0,8.4,8.7,9.4,8.6,8.5
"SAMS Institute of Hotel Management, Varanasi",Uttar pradesh,Hotel-management,88000.0,30000.0,8.4,8.5,9.0,8.0,8.0,8.5,8.5
J.S. University,Uttar pradesh,Hotel-management,11550.000000000002,15500.0,8.5,8.5,7.8,8.7,9.0,8.2,8.6
"Integral University, Lucknow",Uttar pradesh,Hotel-management,137500.0,80000.0,7.4,7.6,7.3,7.4,8.0,6.5,7.4
"IFTM University, Moradabad",Uttar pradesh,Hotel-management,38500.0,95000.0,7.8,7.9,7.5,8.1,8.0,6.8,8.3
Babu Banarasi Das University,Uttar pradesh,Hotel-management,176000.0,40000.0,7.6,7.7,7.1,7.5,8.4,6.6,8.1
IIMT University,Uttar pradesh,Hotel-management,94600.00000000001,78000.0,7.4,7.4,7.3,7.6,7.5,7.2,7.1
Sunder Deep Group of Institutions,Uttar pradesh,Hotel-management,100980.00000000001,60000.0,8.9,9.2,8.5,9.5,9.1,8.5,8.8
"Institute of Hotel Management, Catering and Nutrition",Delhi ncr,Hotel-management,89760.0,313000.0,8.2,8.7,7.4,8.5,7.6,8.9,7.8
State Institute of Hotel Management,Delhi ncr,Hotel-management,54890.00000000001,108550.0,8.4,8.4,7.8,8.7,8.5,8.7,8.5
"UEI Global Rohini, New Delhi",Delhi ncr,Hotel-management,452100.00000000006,157000.0,7.2,7.8,6.0,7.7,6.9,7.3,7.4
"Jamia Millia Islamia University-[JMI], New Delhi",Delhi ncr,Hotel-management,38841.0,45000.0,8.0,8.4,7.6,8.3,8.4,7.2,8.2
Maharshi Dayanand University,Delhi ncr,Hotel-management,58038.200000000004,54810.0,7.8,8.0,7.7,8.0,8.4,6.6,8.0
"Amity University, Noida",Delhi ncr,Hotel-management,110000.00000000001,136000.0,8.2,8.0,7.9,8.1,8.9,7.6,8.7
Institute of Hotel Management Catering Technology and,Delhi ncr,Hotel-management,143000.0,30000.0,8.8,9.0,8.4,8.7,9.4,8.6,8.5
"SRM University Delhi NCR, Sonepat",Delhi ncr,Hotel-management,120450.00000000001,111000.0,7.8,8.0,7.5,7.9,8.1,7.6,7.9
"Starex University, Gurgaon",Delhi ncr,Hotel-management,165000.0,130000.0,8.8,9.1,9.1,8.7,8.6,8.5,8.7
IIMT University,Delhi ncr,Hotel-management,94600.00000000001,78000.0,7.4,7.4,7.3,7.6,7.5,7.2,7.1
Acharya Nagarjuna University,Andhra pradesh,Hotel-management,11401.500000000002,5140.0,7.3,7.7,7.0,7.2,8.0,5.7,8.2
"Risali Institute of Management, Visakhapatnam",Andhra pradesh,Hotel-management,110000.00000000001,140000.0,8.4,8.2,8.3,8.3,8.8,8.4,8.4
Sun International Institute for Tourism & Management-,Andhra pradesh,Hotel-management,143550.0,170500.0,7.9,8.4,7.3,7.5,7.8,8.5,7.7
Sun International Institute For Tourism And Management,Andhra pradesh,Hotel-management,143550.0,170500.0,9.4,9.7,9.7,9.7,9.7,8.7,8.7
"Acharya Nagarjuna University, Centre For Distance Education",Andhra pradesh,Hotel-management,12606.000000000002,10365.0,7.5,8.3,6.9,8.0,7.6,7.0,7.1
"Alliance College of Management and Hotel Management,",Andhra pradesh,Hotel-management,319000.0,100000.0,8.9,8.3,8.7,9.7,8.8,8.3,9.3
Institute of Hotel Management,Karnataka,Hotel-management,106274.3,128750.0,8.2,8.8,7.6,9.0,6.8,8.6,8.4
Welcomgroup Graduate School of Hotel Administration,Karnataka,Hotel-management,404800.00000000006,260000.0,8.8,8.7,8.3,8.6,8.7,9.1,9.3
Garden City University,Karnataka,Hotel-management,98670.00000000001,119000.0,7.8,7.7,7.5,7.8,8.2,7.3,8.5
International Institute of Hotel Management,Karnataka,Hotel-management,206800.00000000003,188000.0,8.1,7.9,7.4,8.3,8.4,8.8,7.9
Manipal Academy of Higher Education,Karnataka,Hotel-management,404800.00000000006,260000.0,8.4,8.5,8.2,8.6,8.8,7.8,8.4
"Srinivas University, Mangalore",Karnataka,Hotel-management,88000.0,80000.0,8.2,8.7,7.1,8.6,8.2,8.1,8.7
M.S. Ramaiah University of Applied Sciences,Karnataka,Hotel-management,132000.0,168250.0,7.6,8.2,6.3,8.2,7.9,7.2,7.8
Indian School of Business Management and Administration,Telangana,Hotel-management,16390.0,14900.0,6.9,7.1,6.8,6.8,7.1,6.8,6.7
Sun International Institute for Tourism and Management,Telangana,Hotel-management,143550.0,170500.0,7.8,7.7,7.4,7.9,7.6,8.1,8.1
"Westin College of Hotel Management, Hyderabad",Telangana,Hotel-management,99000.00000000001,60000.0,8.9,9.3,8.9,8.9,8.7,8.8,8.9
Institute of Hotel Management,Madhya pradesh,Hotel-management,75828.5,64900.0,8.3,8.5,8.2,8.9,8.5,8.3,7.6
Institute for Excellence in Higher Education,Madhya pradesh,Hotel-management,8800.0,800.0,7.2,7.9,6.5,7.9,7.0,6.7,7.4
Jagran Lakecity University,Madhya pradesh,Hotel-management,137500.0,300000.0,8.0,8.0,7.9,7.8,8.6,7.4,8.1
LNCT University,Madhya pradesh,Hotel-management,33000.0,45000.0,9.0,9.0,8.8,9.3,8.8,8.9,8.9
Shri Krishna University,Madhya pradesh,Hotel-management,32450.000000000004,50000.0,8.1,8.1,7.4,8.3,8.5,8.0,8.0
"People's University, Bhopal",Madhya pradesh,Hotel-management,63470.00000000001,31500.0,7.0,6.7,6.6,7.5,7.2,6.6,7.4
"Swami Vivekanand University, Sagar",Madhya pradesh,Hotel-management,48400.00000000001,32100.0,6.3,6.9,5.0,7.0,6.4,5.6,6.6
Jiwaji University,Madhya pradesh,Hotel-management,50952.00000000001,36855.0,6.6,6.8,6.7,6.7,7.1,5.5,6.5
State Institute of Hotel Management,Madhya pradesh,Hotel-management,105820.00000000001,24250.0,8.3,8.8,7.8,8.5,8.0,8.5,8.3
"Oriental School of Hotel Management Lakkidi, Wayanad",Kerala,Hotel-management,117590.00000000001,83250.0,7.5,8.3,7.0,7.6,7.1,8.1,6.7
State Institute of Hospitality Management,Kerala,Hotel-management,110000.00000000001,50000.0,7.8,8.5,6.8,8.0,7.3,8.8,7.3
Indian School of Business Management and Administration,Kerala,Hotel-management,16390.0,14900.0,9.2,9.7,9.7,9.3,9.3,9.0,8.3
Institute of Hotel Management and Catering Technology,Kerala,Hotel-management,42625.0,112350.0,8.4,8.9,7.4,8.5,8.6,8.8,8.3
"Institute of Hotel Management, Catering Technology &",Rajasthan,Hotel-management,55660.00000000001,30040.0,8.4,8.4,8.2,8.6,8.1,8.5,8.6
"Institute of Hotel Management, Jodhpur, Jodhpur",Rajasthan,Hotel-management,110880.00000000001,30000.0,8.0,8.0,7.6,8.0,8.2,8.1,8.0
Institute of Hotel Management and Catering,Rajasthan,Hotel-management,88000.0,80000.0,8.4,8.5,8.5,8.5,7.5,8.8,8.8
Madhav University,Rajasthan,Hotel-management,13200.000000000002,50000.0,7.8,7.9,7.5,8.2,7.9,7.3,7.8
"Amity University, Jaipur",Rajasthan,Hotel-management,92400.00000000001,118000.0,8.0,7.8,7.6,7.8,8.9,7.4,8.7
"NIMS University, Jaipur",Rajasthan,Hotel-management,55000.00000000001,50000.0,7.8,7.9,7.2,7.9,8.5,7.0,8.0
Mewar University,Rajasthan,Hotel-management,58300.00000000001,53000.0,8.0,7.9,7.1,8.1,8.8,7.3,8.6
"Singhania University, Jhunjhunu",Rajasthan,Hotel-management,13200.000000000002,62000.0,7.1,7.1,6.7,7.1,7.1,7.0,7.3
"OPJS University, Churu",Rajasthan,Hotel-management,13970.000000000002,82000.0,7.2,7.1,7.6,7.6,7.7,6.3,6.8
"Apex University, Jaipur",Rajasthan,Hotel-management,55000.00000000001,15000.0,8.7,8.9,8.9,8.6,8.7,8.5,8.7
Suresh Gyan Vihar University,Rajasthan,Hotel-management,99000.00000000001,90000.0,7.5,7.8,6.7,7.5,8.8,6.3,8.0
"Jagannath University, Jaipur",Rajasthan,Hotel-management,55000.00000000001,90000.0,7.3,7.1,6.7,7.9,7.7,6.9,7.4
"Pacific University, Udaipur",Rajasthan,Hotel-management,49500.00000000001,55000.0,7.7,7.8,7.3,8.1,7.8,7.2,8.0
Jagdishprasad Jhabarmal Tibrewala University,Rajasthan,Hotel-management,66000.0,60000.0,6.5,6.3,6.4,6.4,6.6,6.5,6.6
"Shyam University, Dausa",Rajasthan,Hotel-management,88000.0,30000.0,8.5,8.9,8.6,8.5,8.6,8.1,8.4
"Shridhar University, Pilani",Rajasthan,Hotel-management,109230.00000000001,99300.0,6.7,6.2,6.6,6.5,6.5,7.3,6.8
Sangam University,Rajasthan,Hotel-management,105050.00000000001,27500.0,7.2,7.3,6.7,7.8,7.4,7.0,7.0
Dr.Ambedkar Institute of Hotel Management Catering and,Haryana,Hotel-management,134706.0,29770.0,8.4,8.8,7.7,8.8,8.4,8.7,7.7
Chandigarh Institute of Hotel Management and Catering,Haryana,Hotel-management,330000.0,29900.0,8.3,8.8,8.3,7.9,8.9,8.7,7.0
State Institute of Hotel Management,Haryana,Hotel-management,54890.00000000001,108550.0,8.4,8.4,7.8,8.7,8.5,8.7,8.5
Maharshi Dayanand University,Haryana,Hotel-management,58038.200000000004,54810.0,7.8,8.0,7.7,8.0,8.4,6.6,8.0
Kurukshetra University,Haryana,Hotel-management,24889.7,62200.0,7.5,8.1,7.0,8.0,7.7,6.5,7.7
"SRM University Delhi NCR, Sonepat",Haryana,Hotel-management,120450.00000000001,111000.0,7.8,8.0,7.5,7.9,8.1,7.6,7.9
"Starex University, Gurgaon",Haryana,Hotel-management,165000.0,130000.0,8.8,9.1,9.1,8.7,8.6,8.5,8.7
"NIILM University, Kaithal",Haryana,Hotel-management,66000.0,70000.0,8.1,8.6,7.9,8.5,7.9,7.8,8.1
"Vedatya Institute, Gurgaon",Haryana,Hotel-management,297000.0,52000.0,8.5,8.7,8.1,8.6,8.4,8.4,8.5
"SGT University, Gurgaon",Haryana,Hotel-management,206250.00000000003,162500.0,8.0,8.0,7.6,8.1,8.4,7.5,8.1
Indian School of Business Management and Administration,Gujarat,Hotel-management,16390.0,14900.0,8.0,8.8,7.6,8.1,8.0,7.9,7.8
"Auro University, Surat",Gujarat,Hotel-management,297000.0,300000.0,8.3,8.2,8.5,8.6,8.7,7.2,8.6
Asia Pacific Institute of Management,Gujarat,Hotel-management,62920.00000000001,130000.0,6.8,7.7,6.0,7.3,6.3,6.3,7.3
"Panache Academy, Ahmedabad",Gujarat,Hotel-management,130900.00000000001,69000.0,7.4,8.0,7.0,7.5,7.5,7.5,7.0
Dr.Ambedkar Institute of Hotel Management Catering and,Punjab,Hotel-management,134706.0,29770.0,8.4,8.8,7.7,8.8,8.4,8.7,7.7
Institute of Hotel Management,Punjab,Hotel-management,38766.200000000004,47242.0,8.8,8.9,9.0,9.0,8.7,8.9,8.5
Chandigarh Institute of Hotel Management and Catering,Punjab,Hotel-management,330000.0,29900.0,8.3,8.8,8.3,7.9,8.9,8.7,7.0
Institute of Hotel Management Catering Technology and,Punjab,Hotel-management,117590.00000000001,30500.0,8.1,8.2,6.6,9.0,7.2,8.5,9.0
"RIMT University, Gobindgarh",Punjab,Hotel-management,43340.0,101000.0,7.6,7.9,7.3,7.8,8.0,6.7,7.8
Chandigarh Group of Colleges,Punjab,Hotel-management,126610.00000000001,44990.0,8.1,8.0,7.4,8.0,8.3,8.6,8.4
"Rayat Bahra University, Mohali",Punjab,Hotel-management,88000.0,110000.0,7.7,7.8,7.4,8.0,7.7,7.4,7.6
"GNA University, Phagwara",Punjab,Hotel-management,108900.00000000001,85000.0,7.7,8.0,7.6,7.9,7.8,7.2,7.7
CT University,Punjab,Hotel-management,126170.00000000001,151700.0,8.8,8.9,8.5,8.7,9.3,8.8,8.5
Amritsar Group of Colleges,Punjab,Hotel-management,347697.9,126000.0,8.8,8.7,8.9,9.0,8.8,8.6,9.0
"CT Group of Institutions, Jalandhar",Punjab,Hotel-management,117590.00000000001,50000.0,7.6,7.5,7.0,8.2,7.5,7.9,7.4
"Rayat Bahra Hoshiarpur Campus, Hoshiarpur",Punjab,Hotel-management,66000.0,50000.0,8.9,9.2,8.5,9.2,8.3,8.8,9.1
Institute of Hotel Management Catering Technology &,West bengal,Hotel-management,72600.0,66000.0,8.7,8.9,8.5,9.2,8.1,8.8,8.6
Guru Nanak Institute of Hotel Management,West bengal,Hotel-management,209000.00000000003,145000.0,8.0,8.3,7.3,8.0,8.2,8.4,7.9
"NIPS School of Hotel Management, Kolkata",West bengal,Hotel-management,649000.0,430000.0,7.5,8.0,6.8,8.0,7.3,7.6,7.4
Seacom Skills University,West bengal,Hotel-management,77000.0,70000.0,7.5,8.4,6.4,8.9,7.4,6.7,7.3
National Institute of Management,West bengal,Hotel-management,154000.0,75000.0,8.5,8.4,7.4,8.8,8.7,8.7,8.9
International School of Hospitality Management,West bengal,Hotel-management,424600.00000000006,125000.0,8.8,8.6,8.6,9.0,8.7,8.9,9.2
"JIS University, Kolkata",West bengal,Hotel-management,209000.00000000003,145000.0,8.0,8.3,7.7,8.0,8.2,7.8,7.8
International Institute of Management Sciences,West bengal,Hotel-management,357500.0,70000.0,7.8,7.8,7.8,8.0,7.6,7.7,7.7
Institute of Hotel Management Catering Technology &,Orissa,Hotel-management,75020.0,33350.0,8.6,8.5,9.0,8.5,8.6,8.4,8.5
"C. V. Raman Global University, Bhubaneswar",Orissa,Hotel-management,71500.0,65000.0,7.6,7.9,7.0,7.5,8.2,7.5,7.6
"DRIEMS Group of Institutions, Cuttack",Orissa,Hotel-management,66000.0,60000.0,7.6,8.0,7.2,7.2,9.2,6.9,6.8
Aptech Aviation and Hospitality Academy,Orissa,Hotel-management,82500.0,75000.0,7.8,8.0,8.0,8.0,8.0,7.0,8.0
Institute of Hotel Management Catering Technology &,Uttarakhand,Hotel-management,88000.0,123101.0,8.7,8.8,8.8,8.8,8.3,8.7,8.8
"Amrapali Institute of Hotel Management, Haldwani",Uttarakhand,Hotel-management,99000.00000000001,55000.0,7.1,8.3,5.9,7.1,8.2,6.9,6.1
IMS Unison University,Uttarakhand,Hotel-management,107621.8,149050.0,8.2,8.2,8.0,8.5,8.5,7.5,8.2
"Uttaranchal University, Dehradun",Uttarakhand,Hotel-management,126720.00000000001,70200.0,7.5,7.8,6.8,7.7,8.6,6.5,7.5
Graphic Era University,Uttarakhand,Hotel-management,158950.0,85000.0,8.3,8.2,7.9,8.4,8.6,8.1,8.4
Himgiri Zee University,Uttarakhand,Hotel-management,66000.0,140000.0,7.9,8.5,5.5,9.0,8.0,7.7,8.8
Institute of Technology and Management,Uttarakhand,Hotel-management,60500.00000000001,62500.0,7.4,7.8,7.5,7.8,5.6,8.0,7.8
BFIT Group of Institutions,Uttarakhand,Hotel-management,65450.00000000001,30000.0,7.5,7.7,7.1,7.7,7.6,7.1,8.0
"Maya Group of Colleges, Dehradun",Uttarakhand,Hotel-management,94380.00000000001,80800.0,7.3,6.8,7.2,8.3,7.2,6.7,7.3
Amrapali Group of Institutes,Uttarakhand,Hotel-management,99000.00000000001,55000.0,7.8,7.8,7.5,8.2,7.5,7.8,8.1
GRD Institute of Management and Technology,Uttarakhand,Hotel-management,62700.00000000001,30000.0,6.6,7.1,6.0,7.1,6.8,5.2,7.2
Maya Institute of Technology & Management,Uttarakhand,Hotel-management,94380.00000000001,80800.0,6.9,8.6,3.7,9.3,7.6,5.5,6.5
Amrapali Institute of Applied Sciences,Uttarakhand,Hotel-management,60500.00000000001,16000.0,7.7,7.0,7.3,8.3,8.0,7.0,8.3
Tamil Nadu Agricultural University,Tamil nadu,Agriculture,52937.50000000001,21100.0,7.9,8.6,8.0,8.0,8.8,6.6,7.5
Tamil Nadu Veterinary and Animal Sciences University,Tamil nadu,Agriculture,36657.5,33325.0,8.3,8.4,8.0,8.4,8.2,8.2,8.4
Horticultural College and Research Institute,Tamil nadu,Agriculture,62865.00000000001,60630.0,5.7,7.3,5.3,6.0,5.0,5.0,5.3
Agricultural College and Research Institute,Tamil nadu,Agriculture,62471.200000000004,80416.0,8.0,8.5,7.0,8.5,7.5,8.0,8.3
Annamalai University,Tamil nadu,Agriculture,40755.0,34630.0,7.4,8.1,6.7,8.0,7.9,6.5,7.2
Karunya Institute of Technology and Sciences,Tamil nadu,Agriculture,45100.00000000001,213500.0,7.9,7.9,7.9,7.9,8.5,7.5,7.4
"Yashwantrao Chavan Maharashtra Open University- [YCMOU], Nashik",Maharashtra,Agriculture,6600.000000000001,6000.0,7.4,8.5,6.3,7.6,7.9,7.5,6.4
Dr Balasaheb Sawant Konkan Krishi Vidyapeeth,Maharashtra,Agriculture,26455.000000000004,19100.0,8.4,9.0,8.0,8.5,8.9,7.5,8.3
Vasantrao Naik Marathwada Krishi Vidyapeeth,Maharashtra,Agriculture,20735.0,46300.0,8.0,8.7,7.6,8.2,8.4,7.2,7.9
Dr. Panjabrao Deshmukh Krishi Vidyapeeth,Maharashtra,Agriculture,27632.000000000004,19100.0,8.9,9.3,9.0,9.0,9.5,8.1,8.6
Indian Veterinary Research Institute,Uttar pradesh,Agriculture,17105.0,15900.0,8.9,8.4,9.4,8.7,9.3,8.7,8.8
Sam Higginbottom University of Agriculture Technology and,Uttar pradesh,Agriculture,128700.00000000001,117000.0,7.2,7.6,6.6,7.5,7.5,6.0,7.9
Sardar Vallabh Bhai Patel University of Agriculture,Uttar pradesh,Agriculture,58300.00000000001,72000.0,5.5,6.3,6.0,4.5,7.3,4.3,4.7
Amity Institute of Organic Agriculture,Uttar pradesh,Agriculture,121000.00000000001,100000.0,8.5,8.4,8.4,8.8,9.4,7.4,8.8
Chandra Shekhar Azad University of Agriculture and,Uttar pradesh,Agriculture,51315.00000000001,63650.0,8.3,8.8,8.0,8.7,8.1,8.0,7.9
Banaras Hindu University,Uttar pradesh,Agriculture,4477.0,6262.0,8.3,8.7,8.1,8.4,8.8,7.2,8.6
Deen Dayal Upadhyaya Gorakhpur University,Uttar pradesh,Agriculture,2874.3,2592.0,6.8,7.7,6.1,7.4,7.5,5.0,7.0
Narendra Deva University of Agriculture and Technology,Uttar pradesh,Agriculture,51700.00000000001,64000.0,7.1,7.4,7.1,7.9,7.1,6.2,7.0
"Amity University, Noida",Uttar pradesh,Agriculture,104500.00000000001,102000.0,8.2,8.0,7.9,8.1,8.9,7.6,8.7
Chaudhary Charan Singh University,Uttar pradesh,Agriculture,47305.50000000001,4795.0,6.4,6.6,6.1,7.3,6.6,4.9,6.6
Mangalayatan University,Uttar pradesh,Agriculture,35750.0,50000.0,7.9,7.8,7.8,8.2,8.4,7.1,8.1
"Udai Pratap College, Varanasi",Uttar pradesh,Agriculture,6144.6,6422.0,7.4,8.1,6.6,8.8,7.3,6.6,7.0
J.S. University,Uttar pradesh,Agriculture,36850.0,10500.0,8.5,8.5,7.8,8.7,9.0,8.2,8.6
"Monad University, Hapur",Uttar pradesh,Agriculture,26950.000000000004,29000.0,8.0,7.6,7.4,8.5,8.0,8.2,8.1
Sharda University,Uttar pradesh,Agriculture,124630.00000000001,103000.0,7.9,7.7,7.6,7.9,8.6,6.9,8.6
Indian Agricultural Research Institute,Delhi ncr,Agriculture,47465.00000000001,29250.0,8.8,9.2,9.6,8.6,9.4,8.1,8.1
Indian Agricultural Statistics Research Institute,Delhi ncr,Agriculture,9350.0,7550.0,7.8,8.0,7.5,7.5,8.0,8.0,7.5
National Dairy Research Institute,Delhi ncr,Agriculture,16720.0,17800.0,9.0,8.8,8.7,9.1,9.4,9.1,8.9
"Jamia Millia Islamia University-[JMI], New Delhi",Delhi ncr,Agriculture,10835.0,13870.0,8.0,8.4,7.6,8.3,8.4,7.2,8.2
Sardar Vallabh Bhai Patel University of Agriculture,Delhi ncr,Agriculture,58300.00000000001,72000.0,5.5,6.3,6.0,4.5,7.3,4.3,4.7
Indira Gandhi National Open University,Delhi ncr,Agriculture,4620.0,12700.0,7.1,7.7,5.7,8.1,7.3,6.3,7.3
Amity Institute of Organic Agriculture,Delhi ncr,Agriculture,121000.00000000001,100000.0,8.5,8.4,8.4,8.8,9.4,7.4,8.8
TERI School of Advanced Studies,Delhi ncr,Agriculture,253000.00000000003,66000.0,7.4,7.4,6.7,7.5,7.7,7.6,7.3
Maharshi Dayanand University,Delhi ncr,Agriculture,12446.500000000002,3084.0,7.8,8.0,7.7,8.0,8.4,6.6,8.0
"Amity University, Noida",Delhi ncr,Agriculture,104500.00000000001,102000.0,8.2,8.0,7.9,8.1,8.9,7.6,8.7
Chaudhary Charan Singh University,Delhi ncr,Agriculture,47305.50000000001,4795.0,6.4,6.6,6.1,7.3,6.6,4.9,6.6
"Monad University, Hapur",Delhi ncr,Agriculture,26950.000000000004,29000.0,8.0,7.6,7.4,8.5,8.0,8.2,8.1
Sharda University,Delhi ncr,Agriculture,124630.00000000001,103000.0,7.9,7.7,7.6,7.9,8.6,6.9,8.6
Galgotias University,Delhi ncr,Agriculture,66000.0,60000.0,7.6,7.9,6.9,7.9,7.5,7.7,7.8
"Starex University, Gurgaon",Delhi ncr,Agriculture,77000.0,25000.0,8.8,9.1,9.1,8.7,8.6,8.5,8.7
SunRise University,Delhi ncr,Agriculture,76120.0,32200.0,8.1,8.1,7.3,8.7,8.1,7.9,8.4
"Shobhit University, Meerut",Delhi ncr,Agriculture,134640.0,56200.0,7.8,8.4,7.3,7.8,8.3,7.0,7.9
Modern Vidya Niketan,Delhi ncr,Agriculture,104500.00000000001,105000.0,7.0,7.2,6.4,7.7,7.0,6.8,6.8
IIMT University,Delhi ncr,Agriculture,70400.0,52000.0,7.4,7.4,7.3,7.6,7.5,7.2,7.1
G D Goenka University,Delhi ncr,Agriculture,170500.0,129000.0,8.2,7.7,8.3,8.3,8.9,7.6,8.4
Acharya NG Ranga Agricultural University,Andhra pradesh,Agriculture,29370.000000000004,29830.0,8.4,8.8,8.1,9.4,8.2,7.0,8.6
Sri Venkateswara Veterinary University,Andhra pradesh,Agriculture,6831.000000000001,42195.0,8.2,8.7,8.0,8.5,7.8,7.8,8.4
"Dr. Y.S.R Horticultural University, Tadepalligudem",Andhra pradesh,Agriculture,62620.8,68988.0,8.2,9.0,8.3,8.3,8.5,6.9,8.1
S. V. Agricultural College,Andhra pradesh,Agriculture,15840.000000000002,10920.0,8.6,8.8,8.5,8.8,8.5,8.3,8.4
"Acharya N. G. Ranga Agricultural University, College",Andhra pradesh,Agriculture,25905.000000000004,27800.0,6.2,6.7,7.0,5.5,6.7,5.3,6.0
"Acharya NG Ranga Agricultural University, Agricultural College",Andhra pradesh,Agriculture,29370.000000000004,27640.0,7.7,8.7,7.7,8.4,7.0,6.7,7.8
"College of Veterinary Science, Tirupati",Andhra pradesh,Agriculture,24651.000000000004,42195.0,8.3,8.5,8.3,9.0,9.0,8.0,6.8
"Karnataka Veterinary Animal and Fisheries Sciences University,",Karnataka,Agriculture,50952.00000000001,46788.0,7.8,8.0,6.0,8.3,8.0,8.2,8.2
Indian Institute of Plantation Management,Karnataka,Agriculture,38500.0,75000.0,7.4,7.3,6.9,8.3,6.6,7.3,7.9
University of Agricultural Sciences,Karnataka,Agriculture,23870.000000000004,15500.0,8.3,8.3,7.8,8.7,8.7,8.2,8.1
University of Horticultural Sciences,Karnataka,Agriculture,57739.00000000001,39385.0,8.4,8.8,7.7,8.5,9.0,7.8,8.3
University of Agricultural and Horticultural Sciences,Karnataka,Agriculture,24200.000000000004,21475.0,7.2,7.8,7.1,7.4,7.8,5.9,7.4
University of Agricultural Sciences,Karnataka,Agriculture,20790.0,27000.0,8.1,8.4,7.8,8.6,8.7,7.0,8.3
University of Agricultural Sciences,Karnataka,Agriculture,23622.500000000004,28925.0,7.9,8.8,7.5,7.9,8.7,6.2,8.2
Professor Jayashankar Telangana State Agricultural University,Telangana,Agriculture,51007.00000000001,45170.0,7.8,8.3,7.1,8.5,7.8,7.3,7.9
Jawaharlal Nehru Krishi Vishwa Vidyalaya,Madhya pradesh,Agriculture,54352.100000000006,36752.0,7.9,8.2,7.5,8.7,7.7,7.0,8.4
"RKDF University, Bhopal",Madhya pradesh,Agriculture,66000.0,150000.0,7.6,8.0,7.0,7.8,8.0,6.5,8.2
Rajmata Vijayaraje Scindia Krishi Vishwa Vidyalaya,Madhya pradesh,Agriculture,30382.000000000004,20795.0,8.2,9.0,7.0,8.5,8.0,8.0,8.6
Rabindranath Tagore University,Madhya pradesh,Agriculture,60500.00000000001,55000.0,7.7,8.0,7.4,7.8,8.6,6.4,7.8
Sardar Patel University,Madhya pradesh,Agriculture,67650.0,68300.0,7.9,7.9,7.4,8.4,8.0,7.7,8.0
Shri Krishna University,Madhya pradesh,Agriculture,116600.00000000001,94000.0,8.1,8.1,7.4,8.3,8.5,8.0,8.0
AKS University,Madhya pradesh,Agriculture,64900.00000000001,54000.0,7.3,7.8,5.9,8.2,7.6,6.9,7.4
"ITM University, Gwalior",Madhya pradesh,Agriculture,143000.0,85000.0,7.6,7.9,7.0,7.6,8.1,7.2,8.0
"Swami Vivekanand University, Sagar",Madhya pradesh,Agriculture,59950.00000000001,59500.0,6.3,6.9,5.0,7.0,6.4,5.6,6.6
Bhabha University,Madhya pradesh,Agriculture,47300.00000000001,55000.0,9.0,9.4,8.8,9.0,9.3,8.7,8.9
Sarvepalli Radhakrishnan University,Madhya pradesh,Agriculture,80300.0,17000.0,7.4,7.9,6.3,7.8,7.1,7.4,8.1
"Renaissance University, Indore",Madhya pradesh,Agriculture,66000.0,58000.0,8.9,9.0,8.9,9.0,9.1,9.0,8.4
Cochin University of Science and Technology,Kerala,Agriculture,18496.5,8525.0,7.9,8.4,7.5,7.8,7.8,7.7,8.1
Kerala Veterinary and Animal Sciences University,Kerala,Agriculture,119185.00000000001,67650.0,8.1,8.7,7.0,8.4,8.0,8.2,8.0
Kerala Agricultural University,Kerala,Agriculture,21560.0,30700.0,7.4,7.3,6.4,8.5,7.3,7.2,7.8
"KVASU, College of Veterinary and Animal Sciences",Kerala,Agriculture,50820.00000000001,54100.0,8.4,8.9,8.4,8.5,8.1,7.9,8.4
Mahatma Gandhi University,Kerala,Agriculture,5610.0,8100.0,7.7,8.0,7.5,8.0,8.0,6.2,8.2
"Kerala Agricultural University, College of Agriculture Vellayani,",Kerala,Agriculture,26290.000000000004,33500.0,7.4,8.1,6.8,7.8,7.6,6.0,8.1
Mahatma Jyoti Rao Phoole University,Rajasthan,Agriculture,90750.00000000001,42500.0,6.8,6.9,6.2,7.4,7.7,6.4,6.4
College of Veterinary and Animal Sciences,Rajasthan,Agriculture,17314.0,16000.0,8.8,9.0,8.0,9.0,8.5,8.5,9.5
Mewar University,Rajasthan,Agriculture,63800.00000000001,60000.0,8.0,7.9,7.1,8.1,8.8,7.3,8.6
"Swami Keshwanand Rajasthan Agricultural University, Bikaner",Rajasthan,Agriculture,17600.0,20000.0,8.1,8.4,7.6,8.5,7.6,7.7,8.5
"Jagannath University, Jaipur",Rajasthan,Agriculture,77000.0,27000.0,7.3,7.1,6.7,7.9,7.7,6.9,7.4
"SKN College of Agriculture, Jaipur",Rajasthan,Agriculture,59169.00000000001,72010.0,8.4,9.3,8.3,8.8,8.3,8.3,7.5
Madhav University,Rajasthan,Agriculture,55000.00000000001,75000.0,7.8,7.9,7.5,8.2,7.9,7.3,7.8
Career Point University,Rajasthan,Agriculture,77000.0,76000.0,8.3,8.4,7.9,8.4,8.4,7.6,8.9
"Singhania University, Jhunjhunu",Rajasthan,Agriculture,13200.000000000002,22000.0,7.1,7.1,6.7,7.1,7.1,7.0,7.3
"Tantia University, Sriganganagar",Rajasthan,Agriculture,71500.0,50000.0,8.6,8.8,8.4,9.3,8.8,7.1,9.1
SunRise University,Rajasthan,Agriculture,76120.0,32200.0,8.1,8.1,7.3,8.7,8.1,7.9,8.4
"OPJS University, Churu",Rajasthan,Agriculture,33000.0,13200.0,7.2,7.1,7.6,7.6,7.7,6.3,6.8
RNB Global University,Rajasthan,Agriculture,77000.0,70000.0,7.7,8.1,7.3,7.6,8.1,7.4,7.8
"Apex University, Jaipur",Rajasthan,Agriculture,55000.00000000001,60000.0,8.7,8.9,8.9,8.6,8.7,8.5,8.7
Suresh Gyan Vihar University,Rajasthan,Agriculture,99000.00000000001,120000.0,7.5,7.8,6.7,7.5,8.8,6.3,8.0
National Dairy Research Institute,Haryana,Agriculture,16720.0,17800.0,9.0,8.8,8.7,9.1,9.4,9.1,8.9
Maharshi Dayanand University,Haryana,Agriculture,12446.500000000002,3084.0,7.8,8.0,7.7,8.0,8.4,6.6,8.0
"PDM University, Bahadurgarh, Bahadurgarh",Haryana,Agriculture,114620.00000000001,135000.0,7.4,7.1,7.6,7.4,7.5,7.1,7.7
"Starex University, Gurgaon",Haryana,Agriculture,77000.0,25000.0,8.8,9.1,9.1,8.7,8.6,8.5,8.7
Modern Vidya Niketan,Haryana,Agriculture,104500.00000000001,105000.0,7.0,7.2,6.4,7.7,7.0,6.8,6.8
"NIILM University, Kaithal",Haryana,Agriculture,35200.0,70000.0,8.1,8.6,7.9,8.5,7.9,7.8,8.1
G D Goenka University,Haryana,Agriculture,170500.0,129000.0,8.2,7.7,8.3,8.3,8.9,7.6,8.4
"SGT University, Gurgaon",Haryana,Agriculture,178750.0,162500.0,8.0,8.0,7.6,8.1,8.4,7.5,8.1
Chaudhary Charan Singh Haryana Agricultural University,Haryana,Agriculture,15625.500000000002,15061.0,8.6,8.9,8.3,8.5,8.9,7.9,8.8
Maharishi Markandeshwar sadopur Campus,Haryana,Agriculture,78650.0,71500.0,6.6,6.0,5.2,6.3,7.0,7.0,8.2
"Junagadh Agricultural University, Junagadh",Gujarat,Agriculture,32109.000000000004,39140.0,7.9,8.0,7.9,7.7,8.2,6.9,8.6
Anand Agricultural University,Gujarat,Agriculture,30140.000000000004,2020.0,8.3,9.0,7.8,8.4,9.1,7.7,7.9
Sardarkrushinagar Dantiwada Agricultural University,Gujarat,Agriculture,29007.000000000004,50880.0,8.3,8.3,8.3,8.6,8.1,8.1,8.5
"Navsari Agricultural University, Navsari",Gujarat,Agriculture,49610.00000000001,42900.0,8.0,8.3,7.4,8.4,7.8,7.8,8.2
RK University,Gujarat,Agriculture,67100.0,100000.0,8.5,9.0,7.9,8.6,9.0,7.8,8.5
Gokul Global University,Gujarat,Agriculture,22000.0,16000.0,8.5,9.0,7.0,9.3,8.7,8.0,8.7
"Maharaja Krishnakumarsinhji Bhavnagar University, Bhavnagar",Gujarat,Agriculture,23595.000000000004,16450.0,8.6,8.6,7.9,9.3,9.1,7.6,9.0
Veer Narmad South Gujarat University,Gujarat,Agriculture,9713.0,6220.0,7.3,7.8,6.3,7.7,7.5,6.6,7.7
Punjab Agricultural University,Punjab,Agriculture,77847.0,77470.0,7.8,8.5,7.5,8.1,8.5,6.0,8.1
"Khalsa College, Amritsar",Punjab,Agriculture,80014.0,89740.0,7.9,8.3,7.7,7.9,8.3,6.5,8.4
"RIMT University, Gobindgarh",Punjab,Agriculture,126280.00000000001,114800.0,7.6,7.9,7.3,7.8,8.0,6.7,7.8
Guru Angad Dev Veterinary and Animal Sciences,Punjab,Agriculture,151640.5,145655.0,8.6,8.6,8.3,9.0,8.6,8.3,8.6
"DAV University, Jalandhar",Punjab,Agriculture,82500.0,95000.0,7.9,8.4,7.0,8.4,7.0,8.0,8.5
Sant Baba Bhag Singh University,Punjab,Agriculture,54175.00000000001,82500.0,8.5,9.0,8.2,8.6,8.0,8.5,8.6
"Rayat Bahra University, Mohali",Punjab,Agriculture,77000.0,40000.0,7.7,7.8,7.4,8.0,7.7,7.4,7.6
Sri Guru Granth Sahib World University,Punjab,Agriculture,57200.00000000001,80000.0,8.8,8.6,9.0,9.0,9.1,8.4,8.7
CT University,Punjab,Agriculture,130570.00000000001,104700.0,8.8,8.9,8.5,8.7,9.3,8.8,8.5
"Aryans Group of Colleges, Rajpura",Punjab,Agriculture,121000.00000000001,51000.0,7.5,7.6,7.0,7.9,7.6,7.3,7.6
"Rayat Bahra Hoshiarpur Campus, Hoshiarpur",Punjab,Agriculture,55000.00000000001,40000.0,8.9,9.2,8.5,9.2,8.3,8.8,9.1
Uttar Banga Krishi Vishwavidyalaya,West bengal,Agriculture,4400.0,6000.0,7.3,7.9,6.6,8.0,7.3,5.5,8.2
Bidhan Chandra Krishi Viswavidyalaya,West bengal,Agriculture,11638.000000000002,12220.0,8.3,8.8,8.6,8.7,8.0,6.7,8.7
Seacom Skills University,West bengal,Agriculture,66000.0,70000.0,7.5,8.4,6.4,8.9,7.4,6.7,7.3
The Neotia University,West bengal,Agriculture,145200.0,80000.0,8.2,8.7,7.5,8.5,8.2,7.8,8.6
Netaji Subhas Open University,West bengal,Agriculture,8800.0,6000.0,5.8,5.9,4.0,6.9,6.1,5.0,6.6
"University of North Bengal, Darjeeling",West bengal,Agriculture,10246.5,44040.0,7.9,8.7,7.8,8.1,8.1,6.9,7.9
Visva Bharati University,West bengal,Agriculture,11209.0,12130.0,7.6,8.4,7.0,8.4,7.7,5.8,8.4
Orissa University of Agriculture and Technology,Orissa,Agriculture,58370.4,35071.0,7.5,8.1,7.6,8.1,7.1,6.0,8.3
Siksha 'O' Anusandhan University,Orissa,Agriculture,137500.0,40000.0,8.3,8.6,7.6,8.3,8.7,8.0,8.5
Centurion University of Technology and Management,Orissa,Agriculture,165000.0,200000.0,8.1,8.3,7.6,8.5,8.4,7.4,8.5
"Utkal University, Bhubaneswar",Orissa,Agriculture,10450.0,30000.0,7.5,7.9,7.1,7.8,7.4,6.6,7.9
Govind Ballabh Pant University of Agriculture and,Uttarakhand,Agriculture,45909.600000000006,49108.0,7.3,8.0,7.6,7.4,7.7,6.0,6.8
Dolphin PG Institute of BioMedical & Natural,Uttarakhand,Agriculture,82500.0,75000.0,7.7,8.4,6.5,7.9,7.8,6.7,8.6
Wildlife Institute of India,Uttarakhand,Agriculture,286000.0,352000.0,9.1,9.5,9.3,9.1,9.0,8.6,9.2
Doon Post Graduate College of Agriculture Science,Uttarakhand,Agriculture,77000.0,80000.0,6.7,7.5,6.4,7.6,7.0,4.9,6.8
Doon Business School,Uttarakhand,Agriculture,123200.00000000001,105000.0,7.6,8.0,7.0,8.1,7.4,7.4,7.7
"College of Technology, GB Pant University of",Uttarakhand,Agriculture,50661.600000000006,55756.0,7.0,7.1,6.7,6.9,7.3,6.0,7.7
University of Petroleum and Energy Studies,Uttarakhand,Agriculture,740300.0000000001,466000.0,8.1,8.1,7.8,7.9,8.6,7.7,8.2
"Uttaranchal University, Dehradun",Uttarakhand,Agriculture,132220.0,155000.0,7.5,7.8,6.8,7.7,8.6,6.5,7.5
"Quantum University, Roorkee",Uttarakhand,Agriculture,75900.0,73500.0,8.3,8.4,7.8,8.6,8.3,8.4,8.4
Graphic Era Hill University,Uttarakhand,Agriculture,132220.0,112100.0,8.1,7.9,7.8,8.1,8.4,7.7,8.4
Shri Guru Ram Rai University,Uttarakhand,Agriculture,78650.0,68500.0,7.6,7.8,7.1,7.9,7.9,7.3,7.7
Himgiri Zee University,Uttarakhand,Agriculture,88000.0,140000.0,7.9,8.5,5.5,9.0,8.0,7.7,8.8
Dev Bhoomi Group of Institutions,Uttarakhand,Agriculture,83050.0,72500.0,7.8,8.1,7.1,7.8,8.0,8.0,7.8
BFIT Group of Institutions,Uttarakhand,Agriculture,65450.00000000001,59500.0,7.5,7.7,7.1,7.7,7.6,7.1,8.0
Phonics Group of Institutions,Uttarakhand,Agriculture,54780.00000000001,54800.0,7.6,7.8,6.8,7.7,7.9,7.4,7.7
Himalayan Institute of Technology,Uttarakhand,Agriculture,93500.00000000001,70000.0,8.6,9.2,8.6,8.7,8.8,8.6,7.8
"Maya Group of Colleges, Dehradun",Uttarakhand,Agriculture,94380.00000000001,121400.0,7.3,6.8,7.2,8.3,7.2,6.7,7.3
Christian Medical College,Tamil nadu,Medical,42245.5,23280.0,9.0,9.3,8.4,9.3,9.3,9.2,8.7
Sri Ramachandra Institute of Higher Education and,Tamil nadu,Medical,137500.0,125000.0,8.5,8.5,7.8,8.7,9.1,7.9,8.7
SRM Institute of Technology,Tamil nadu,Medical,121000.00000000001,260000.0,8.0,8.0,7.1,7.6,8.7,8.2,8.6
"Saveetha Medical College, Chennai",Tamil nadu,Medical,110000.00000000001,145000.0,8.8,9.0,8.4,8.8,9.0,8.6,8.7
Annamalai University,Tamil nadu,Medical,136906.0,64410.0,7.4,8.1,6.7,8.0,7.9,6.5,7.2
Madras Medical College,Tamil nadu,Medical,305800.0,600000.0,7.0,7.2,6.0,7.7,7.2,6.8,7.0
"Sri Ramachandra Medical College, Chennai",Tamil nadu,Medical,110000.00000000001,125000.0,8.5,8.5,8.5,8.6,8.8,8.2,8.2
Madras Christian College,Tamil nadu,Medical,20900.0,21000.0,8.6,8.5,7.9,8.6,8.7,8.4,9.2
"Saveetha Dental College & Hospital, Chennai",Tamil nadu,Medical,770000.0000000001,600000.0,7.9,7.7,7.0,8.8,7.3,8.5,8.0
Sree Balaji Medical College and Hospital,Tamil nadu,Medical,137500.0,125000.0,8.6,8.9,8.3,9.1,8.1,8.9,8.5
"Vels Institute of Science, Technology & Advanced",Tamil nadu,Medical,63580.00000000001,54550.0,8.1,8.4,7.5,8.4,8.1,7.8,8.3
"Dr. M.G.R. Educational and Research Institute, Chennai",Tamil nadu,Medical,104500.00000000001,35000.0,7.4,7.6,7.4,7.1,7.8,6.8,7.5
Vinayaka Missions University,Tamil nadu,Medical,83270.0,35400.0,8.0,8.2,7.2,8.7,7.6,7.8,8.4
Dr DY Patil Vidyapeeth,Maharashtra,Medical,434500.00000000006,190000.0,8.4,8.9,8.4,8.4,8.6,7.3,9.0
Armed Forces Medical College,Maharashtra,Medical,37400.0,31870.0,9.7,9.4,9.7,9.7,9.6,9.9,9.9
Seth GS Medical College,Maharashtra,Medical,73953.0,67230.0,8.0,8.8,6.7,7.6,8.0,8.2,8.4
Mahatma Gandhi Institute of Medical Sciences,Maharashtra,Medical,82720.0,92900.0,8.1,8.7,7.9,7.9,7.7,8.6,7.5
"Lokmanya Tilak Municipal Medical College-[LTMMC], Mumbai",Maharashtra,Medical,48768.50000000001,44335.0,7.2,8.2,5.0,7.7,6.3,8.3,7.7
Byramjee Jeejeebhoy Government Medical College,Maharashtra,Medical,52250.00000000001,104400.0,8.2,8.2,7.4,8.5,7.8,8.4,8.8
K.J. Somaiya Medical College & Research Centre,Maharashtra,Medical,1127500.0,800000.0,7.6,8.3,6.5,8.6,6.0,8.8,7.6
Dr DY Patil Medical College Hospital and,Maharashtra,Medical,2090000.0000000002,2500000.0,7.6,7.9,6.6,7.6,7.9,7.5,8.0
"Government Medical College, Latur",Maharashtra,Medical,108713.00000000001,71230.0,7.9,7.5,7.5,8.2,7.5,8.7,7.8
"MGM Medical College, Navi Mumbai",Maharashtra,Medical,104500.00000000001,2500000.0,7.2,7.8,6.0,7.7,7.0,7.5,7.0
"D Y Patil Medical College, Kolhapur",Maharashtra,Medical,2420000.0,3220000.0,6.7,7.0,5.6,7.4,6.4,6.6,7.0
"DY Patil University, Navi Mumbai",Maharashtra,Medical,660000.0,615000.0,7.5,7.3,7.1,7.7,7.5,7.4,7.8
Mumbai University,Maharashtra,Medical,48400.00000000001,3450.0,7.2,7.6,6.5,7.9,7.4,6.6,7.0
Maharashtra Institute of Medical Education and Research,Maharashtra,Medical,1051627.5,800000.0,8.1,8.8,8.3,8.0,8.5,7.6,7.5
Smt Kashibai Navale Medical College and General,Maharashtra,Medical,1474000.0000000002,1055000.0,7.2,7.4,6.4,8.0,7.6,7.0,7.0
Rashtrasant Tukadoji Maharaj Nagpur University,Maharashtra,Medical,29733.000000000004,27030.0,7.5,8.0,7.2,7.7,7.9,6.9,7.4
Dr. Vithalrao Vikhe Patil Foundation's Medical College,Maharashtra,Medical,896500.0000000001,800000.0,8.3,8.5,7.4,8.6,9.4,8.3,7.4
Bharati Vidyapeeth Deemed University,Maharashtra,Medical,110000.00000000001,25000.0,7.8,8.1,6.8,7.9,8.1,7.7,8.2
"Yashwantrao Chavan Maharashtra Open University- [YCMOU], Nashik",Maharashtra,Medical,15950.000000000002,25000.0,7.4,8.5,6.3,7.6,7.9,7.5,6.4
Krishna Institute of Medical Sciences University,Maharashtra,Medical,115500.00000000001,2100000.0,8.1,8.4,7.0,7.8,9.1,8.2,8.3
Indira Gandhi Government Medical College & Hospital,Maharashtra,Medical,92565.00000000001,84150.0,8.0,8.9,8.1,8.0,7.5,8.3,7.4
Tata Institute of Social Sciences,Maharashtra,Medical,70950.0,120000.0,8.6,9.0,8.1,8.9,8.6,8.4,8.6
Sanjay Gandhi Postgraduate Institute of Medical Sciences,Uttar pradesh,Medical,80080.0,75900.0,7.5,7.0,6.2,8.2,8.2,7.8,7.8
Banaras Hindu University,Uttar pradesh,Medical,9204.800000000001,30000.0,8.3,8.7,8.1,8.4,8.8,7.2,8.6
King George's Medical University,Uttar pradesh,Medical,80300.0,73000.0,8.9,9.3,8.2,9.1,9.4,9.1,8.4
Aligarh Muslim University,Uttar pradesh,Medical,52327.00000000001,47570.0,8.3,8.8,7.9,8.5,8.8,7.2,8.6
"Era's Lucknow Medical College and Hospital, Lucknow",Uttar pradesh,Medical,1826000.0000000002,145000.0,7.0,7.7,6.2,7.5,7.7,7.0,5.8
Institute of Medical Sciences,Uttar pradesh,Medical,55000.00000000001,29748.0,8.6,9.2,7.5,8.9,8.2,9.2,8.4
Shri Ram Murti Smarak Institute of Medical,Uttar pradesh,Medical,1487200.0000000002,126000.0,5.7,6.0,3.0,7.0,6.0,6.0,6.0
Jawahar Lal Nehru Medical College,Uttar pradesh,Medical,35689.5,32445.0,8.4,9.1,8.0,8.8,8.5,9.0,7.0
"Amity University, Noida",Uttar pradesh,Medical,92400.00000000001,120000.0,8.2,8.0,7.9,8.1,8.9,7.6,8.7
Baba Raghav Das Medical College,Uttar pradesh,Medical,46200.00000000001,42000.0,8.4,8.6,7.7,8.3,8.5,8.7,8.3
Sam Higginbottom University of Agriculture Technology and,Uttar pradesh,Medical,114400.00000000001,10000.0,7.2,7.6,6.6,7.5,7.5,6.0,7.9
Teerthanker Mahaveer University,Uttar pradesh,Medical,66550.0,103000.0,8.1,8.3,7.6,8.2,8.7,7.3,8.3
Mangalayatan University,Uttar pradesh,Medical,55000.00000000001,80000.0,7.9,7.8,7.8,8.2,8.4,7.1,8.1
Institute of Technology and Science,Uttar pradesh,Medical,94600.00000000001,95000.0,8.2,8.6,7.5,8.3,8.6,7.9,8.1
Chhatrapati Shahu Ji Maharaj University,Uttar pradesh,Medical,33550.0,89143.0,7.1,7.2,6.6,7.5,8.0,5.8,7.7
University of Lucknow,Uttar pradesh,Medical,61776.00000000001,15080.0,7.4,7.9,7.0,7.8,7.7,6.1,7.6
J.S. University,Uttar pradesh,Medical,11550.000000000002,10500.0,8.5,8.5,7.8,8.7,9.0,8.2,8.6
Sharda University,Uttar pradesh,Medical,135960.0,150380.0,7.9,7.7,7.6,7.9,8.6,6.9,8.6
Galgotias University,Uttar pradesh,Medical,66000.0,60000.0,7.6,7.9,6.9,7.9,7.5,7.7,7.8
"Rama University, Kanpur",Uttar pradesh,Medical,77000.0,54000.0,6.7,6.6,6.1,7.3,6.5,6.6,7.1
"Integral University, Lucknow",Uttar pradesh,Medical,77000.0,50000.0,7.4,7.6,7.3,7.4,8.0,6.5,7.4
"GLA University, Mathura",Uttar pradesh,Medical,148500.0,57000.0,8.2,8.2,7.9,8.3,8.3,8.2,8.1
Sanskriti University,Uttar pradesh,Medical,55000.00000000001,50000.0,7.0,7.2,6.7,7.0,7.5,6.9,6.8
All India Institute of Medical Sciences,Delhi ncr,Medical,1259.5,1465.0,8.7,9.0,8.0,9.1,9.0,8.2,8.8
Institute of Liver and Biliary Sciences,Delhi ncr,Medical,77000.0,80000.0,8.8,9.4,9.0,8.8,9.1,8.2,8.5
"Jamia Hamdard University, New Delhi",Delhi ncr,Medical,148500.0,145000.0,7.5,8.1,7.3,7.8,8.1,6.5,7.4
Vardhman Mahavir Medical College,Delhi ncr,Medical,45100.00000000001,33500.0,8.9,8.6,8.8,9.4,8.6,9.7,8.0
University College of Medical Sciences,Delhi ncr,Medical,7089.500000000001,7045.0,8.7,8.8,8.2,9.0,8.5,9.2,8.5
Lady Hardinge Medical College,Delhi ncr,Medical,1540.0000000000002,18600.0,8.4,8.7,7.8,8.8,8.2,8.6,8.0
Pt Bhagwat Dayal Sharma Post Graduate Institute,Delhi ncr,Medical,13634.500000000002,21153.0,7.5,8.4,7.5,8.1,7.5,7.6,6.1
"Jamia Millia Islamia University-[JMI], New Delhi",Delhi ncr,Medical,54065.00000000001,21800.0,8.0,8.4,7.6,8.3,8.4,7.2,8.2
"Amity University, Noida",Delhi ncr,Medical,92400.00000000001,120000.0,8.2,8.0,7.9,8.1,8.9,7.6,8.7
Hamdard Institute of Medical Sciences and Research,Delhi ncr,Medical,147950.0,204500.0,8.6,8.6,8.1,8.8,8.7,8.6,8.8
Indira Gandhi National Open University,Delhi ncr,Medical,66000.0,6500.0,7.1,7.7,5.7,8.1,7.3,6.3,7.3
Institute of Technology and Science,Delhi ncr,Medical,94600.00000000001,95000.0,8.2,8.6,7.5,8.3,8.6,7.9,8.1
"Gurugram University, Gurgaon",Delhi ncr,Medical,44000.0,50000.0,8.2,8.6,7.4,8.4,8.6,8.0,8.1
Sharda University,Delhi ncr,Medical,135960.0,150380.0,7.9,7.7,7.6,7.9,8.6,6.9,8.6
Galgotias University,Delhi ncr,Medical,66000.0,60000.0,7.6,7.9,6.9,7.9,7.5,7.7,7.8
"Amity University, Gurgaon",Delhi ncr,Medical,116600.00000000001,84000.0,7.7,7.8,7.1,7.6,8.6,7.1,8.1
Delhi Pharmaceutical Sciences and Research University,Delhi ncr,Medical,48455.00000000001,57050.0,9.0,9.6,8.8,8.8,9.4,8.6,8.8
Manav Rachna International Institute of Research and,Delhi ncr,Medical,149600.0,171000.0,7.5,7.4,7.3,7.5,8.3,6.6,7.6
"Starex University, Gurgaon",Delhi ncr,Medical,82500.0,60000.0,8.8,9.1,9.1,8.7,8.6,8.5,8.7
SunRise University,Delhi ncr,Medical,21120.0,20200.0,8.1,8.1,7.3,8.7,8.1,7.9,8.4
Sri Venkateswara Institute of Medical Sciences,Andhra pradesh,Medical,58190.00000000001,27700.0,7.8,8.2,7.9,8.1,7.5,7.5,7.5
Maharajah's Institute of Medical Sciences,Andhra pradesh,Medical,16500.0,2668050.0,8.0,8.6,7.2,8.7,8.3,7.4,8.0
PES Institute of Medical Sciences and Research,Andhra pradesh,Medical,51205.00000000001,432000.0,7.9,8.3,6.5,8.4,8.4,7.6,8.3
Dr. Pinnamaneni Siddhartha Institute of Medical Sciences,Andhra pradesh,Medical,154000.0,1790500.0,6.3,7.0,6.0,6.0,7.0,6.0,6.0
Alluri Sitarama Raju Academy of Medical Sciences,Andhra pradesh,Medical,836797.5000000001,2668050.0,9.1,9.3,8.7,9.3,9.3,9.0,9.0
"Great Eastern Medical School and Hospital, Srikakulam",Andhra pradesh,Medical,78733.6,471363.0,7.0,8.3,6.7,6.0,8.7,5.7,6.3
"GITAM, Visakhapatnam",Andhra pradesh,Medical,220000.00000000003,2075700.0,8.3,8.3,8.0,8.1,8.8,8.1,8.5
"GSL Medical College and General Hospital, Rajahmundhry",Andhra pradesh,Medical,2662000.0,2420000.0,7.9,8.1,6.8,8.0,8.2,8.2,8.3
"Katuri Medical College and Hospital, Guntur",Andhra pradesh,Medical,165000.0,760625.0,8.4,8.6,7.9,8.5,8.7,8.3,8.6
NRI Medical College,Andhra pradesh,Medical,351697.5,319725.0,8.4,8.7,7.3,8.8,8.4,8.8,8.3
"Narayana Medical College and Hospital, Nellore",Andhra pradesh,Medical,825000.0000000001,170000.0,8.2,8.6,7.9,7.8,9.3,7.4,7.9
"Siddhartha Medical College, Vijayawada",Andhra pradesh,Medical,27610.000000000004,11000.0,7.4,7.7,6.8,7.7,7.0,7.8,7.2
Kasturba Medical College,Karnataka,Medical,136400.0,1660000.0,9.0,9.0,8.1,9.0,9.5,8.9,9.3
"St John's Medical College, Bangalore",Karnataka,Medical,1001495.0000000001,500000.0,8.6,8.2,8.8,8.3,9.2,8.5,8.6
Kasturba Medical College,Karnataka,Medical,253000.00000000003,230000.0,8.5,9.2,8.2,9.1,8.1,8.2,8.3
JSS Medical College and Hospital,Karnataka,Medical,103730.00000000001,1475000.0,7.9,8.4,7.1,8.3,8.4,8.0,7.0
"Ramaiah Medical College, Bangalore",Karnataka,Medical,468985.00000000006,67000.0,8.8,9.3,7.9,9.4,9.3,8.6,8.1
Bangalore Medical College and Research Institute,Karnataka,Medical,19767.0,34720.0,8.4,8.6,7.7,8.2,7.9,9.3,8.5
KS Hegde Medical Academy,Karnataka,Medical,129800.00000000001,117500.0,8.6,9.0,8.4,9.6,8.4,8.2,8.2
Belagavi Institute of Medical Sciences,Karnataka,Medical,72358.0,118500.0,8.6,9.1,8.0,9.0,7.4,9.8,8.0
"Jawaharlal Nehru Medical College, Belagavi",Karnataka,Medical,1573000.0000000002,3310000.0,8.0,8.6,7.3,8.3,8.5,7.6,7.9
Manipal Academy of Higher Education,Karnataka,Medical,253000.00000000003,262000.0,8.4,8.5,8.2,8.6,8.8,7.8,8.4
"JSS Academy of Higher Education & Research,",Karnataka,Medical,83149.0,114300.0,8.2,8.3,7.5,8.6,8.5,8.0,8.0
Yenepoya Dental College,Karnataka,Medical,660000.0,290000.0,7.4,8.0,6.2,7.8,7.8,7.2,7.6
Dayananda Sagar University,Karnataka,Medical,43560.0,157750.0,7.3,7.7,6.3,8.0,7.7,7.6,6.7
Garden City University,Karnataka,Medical,130900.00000000001,90100.0,7.8,7.7,7.5,7.8,8.2,7.3,8.5
"KLE University, Belgaum",Karnataka,Medical,78100.0,71000.0,7.2,7.4,7.0,7.6,7.9,6.1,7.4
"Yenepoya University, Mangalore",Karnataka,Medical,66000.0,75000.0,7.8,8.3,6.9,8.2,8.6,7.6,6.9
Nitte University,Karnataka,Medical,140250.0,106000.0,7.6,7.1,7.1,7.8,7.8,7.8,7.8
"Srinivas University, Mangalore",Karnataka,Medical,195800.00000000003,90000.0,8.2,8.7,7.1,8.6,8.2,8.1,8.7
Adichunchanagiri University,Karnataka,Medical,124135.00000000001,521000.0,7.5,7.3,6.7,8.2,7.7,7.6,7.7
"BLDE University, Bijapur",Karnataka,Medical,68200.0,101000.0,8.1,8.3,7.8,8.4,8.1,7.7,8.1
"Krupanidhi Group of Institutions, Bangalore",Karnataka,Medical,143000.0,402000.0,8.7,8.8,8.2,8.8,8.9,8.8,8.9
Osmania Medical College,Telangana,Medical,29260.000000000004,28100.0,8.4,8.6,7.6,8.6,7.8,9.1,8.5
"SVS Medical College, Mahabub Nagar",Telangana,Medical,351697.5,319725.0,8.1,8.2,8.0,8.7,7.6,8.1,7.8
Indian Institute of Public Health,Telangana,Medical,247500.00000000003,200000.0,6.7,5.8,5.6,7.4,6.7,7.7,7.0
Chalmeda Anand Rao Institute of Medical Sciences,Telangana,Medical,5500000.0,7200000.0,6.8,7.8,6.5,7.0,7.0,6.6,5.8
"Kamineni Institute of Medical Sciences, Nalgonda",Telangana,Medical,146520.0,345000.0,7.7,8.5,7.3,8.2,8.0,6.8,7.1
Nizam's Institute of Medical Sciences,Telangana,Medical,20900.0,166000.0,8.5,9.2,8.2,8.6,8.4,8.1,8.3
"Kaloji Narayana Rao University of Health Sciences,",Telangana,Medical,2662000.0,225000.0,8.3,8.8,8.0,8.4,8.7,8.0,8.1
Sri Aurobindo Institute of Medical Sciences,Madhya pradesh,Medical,953700.0000000001,1650000.0,7.8,8.7,6.9,8.2,8.7,8.1,6.2
Rabindranath Tagore University,Madhya pradesh,Medical,16500.0,60000.0,7.7,8.0,7.4,7.8,8.6,6.4,7.8
Barkatullah University,Madhya pradesh,Medical,15895.000000000002,7450.0,6.9,7.3,6.1,7.4,6.9,6.0,7.5
Atal Bihari Vajpayee Hindi Vishwavidyalaya,Madhya pradesh,Medical,7260.000000000001,9500.0,7.7,8.3,6.3,8.7,7.3,7.8,7.9
"Career College, Bhopal",Madhya pradesh,Medical,61600.00000000001,75000.0,8.3,8.4,7.6,8.7,8.3,8.4,8.3
"RKDF University, Bhopal",Madhya pradesh,Medical,44000.0,150000.0,7.6,8.0,7.0,7.8,8.0,6.5,8.2
LNCT University,Madhya pradesh,Medical,121000.00000000001,26000.0,9.0,9.0,8.8,9.3,8.8,8.9,8.9
"ITM University, Gwalior",Madhya pradesh,Medical,27500.000000000004,35000.0,7.6,7.9,7.0,7.6,8.1,7.2,8.0
"People's University, Bhopal",Madhya pradesh,Medical,44000.0,80000.0,7.0,6.7,6.6,7.5,7.2,6.6,7.4
"Swami Vivekanand University, Sagar",Madhya pradesh,Medical,25410.000000000004,22600.0,6.3,6.9,5.0,7.0,6.4,5.6,6.6
Sarvepalli Radhakrishnan University,Madhya pradesh,Medical,37400.0,129400.0,7.4,7.9,6.3,7.8,7.1,7.4,8.1
"Malwanchal University, Indore",Madhya pradesh,Medical,66715.0,1250700.0,7.4,7.7,7.3,7.3,7.3,7.7,7.0
"NRI Vidyadayini Institute of Science, Management, and",Madhya pradesh,Medical,71500.0,65000.0,7.2,7.8,6.5,7.3,7.8,6.5,7.3
Mansarovar Global University,Madhya pradesh,Medical,61600.00000000001,56000.0,7.6,7.8,6.3,7.3,8.5,8.0,7.7
"Amrita School of Medicine, Kochi",Kerala,Medical,2054800.0000000002,2898400.0,8.3,8.8,7.3,8.5,9.0,8.5,7.5
Calicut University,Kerala,Medical,111100.00000000001,7130.0,7.0,7.5,6.2,7.5,7.4,5.4,7.9
Kerala Veterinary and Animal Sciences University,Kerala,Medical,75185.0,68350.0,8.1,8.7,7.0,8.4,8.0,8.2,8.0
"Amrita Vishwa Vidyapeetham Amritapuri Campus, Kollam",Kerala,Medical,316635.0,300000.0,7.4,8.0,5.3,7.8,8.3,7.8,7.2
"Government Homoeopathic Medical College, Calicut",Kerala,Medical,5335.0,15250.0,8.5,7.8,7.8,9.3,9.5,8.3,8.0
Pankajakasthuri Ayurveda Medical College,Kerala,Medical,219356.50000000003,20700.0,7.9,9.0,8.0,8.7,8.0,6.0,7.7
All India Institute of Medical Sciences,Rajasthan,Medical,2361.7000000000003,2147.0,8.0,8.3,7.9,8.4,8.8,7.7,7.1
Madhav University,Rajasthan,Medical,44000.0,25000.0,7.8,7.9,7.5,8.2,7.9,7.3,7.8
Janardan Rai Nagar Rajasthan Vidyapeeth University,Rajasthan,Medical,60500.00000000001,95000.0,7.8,8.3,7.5,8.3,7.9,7.3,7.5
"Poddar Group of Institutions, Jaipur",Rajasthan,Medical,71500.0,15000.0,7.7,8.3,7.1,8.6,7.4,6.9,8.0
Mahatma Jyoti Rao Phoole University,Rajasthan,Medical,40700.0,51000.0,6.8,6.9,6.2,7.4,7.7,6.4,6.4
"NIMS University, Jaipur",Rajasthan,Medical,126500.00000000001,80000.0,7.8,7.9,7.2,7.9,8.5,7.0,8.0
Career Point University,Rajasthan,Medical,92400.00000000001,94000.0,8.3,8.4,7.9,8.4,8.4,7.6,8.9
Mewar University,Rajasthan,Medical,66000.0,53000.0,8.0,7.9,7.1,8.1,8.8,7.3,8.6
"Singhania University, Jhunjhunu",Rajasthan,Medical,46200.00000000001,92000.0,7.1,7.1,6.7,7.1,7.1,7.0,7.3
Jaipur National University,Rajasthan,Medical,40700.0,52000.0,7.5,7.9,7.0,7.7,7.8,6.7,7.6
"Tantia University, Sriganganagar",Rajasthan,Medical,137500.0,70000.0,8.6,8.8,8.4,9.3,8.8,7.1,9.1
JECRC University,Rajasthan,Medical,77000.0,70000.0,8.1,8.1,7.4,8.2,8.2,8.1,8.7
SunRise University,Rajasthan,Medical,21120.0,20200.0,8.1,8.1,7.3,8.7,8.1,7.9,8.4
"OPJS University, Churu",Rajasthan,Medical,27720.000000000004,82000.0,7.2,7.1,7.6,7.6,7.7,6.3,6.8
Geetanjali University,Rajasthan,Medical,33000.0,710200.0,7.3,7.2,6.9,7.3,8.1,7.0,7.1
Poornima University,Rajasthan,Medical,189200.00000000003,172000.0,7.9,8.2,7.4,8.0,7.9,7.9,7.7
Jayoti Vidyapeeth Women's University,Rajasthan,Medical,55000.00000000001,65000.0,7.6,7.7,8.4,7.9,7.7,6.4,7.4
"Apex University, Jaipur",Rajasthan,Medical,52800.00000000001,30000.0,8.7,8.9,8.9,8.6,8.7,8.5,8.7
"Jagannath University, Jaipur",Rajasthan,Medical,82500.0,75000.0,7.3,7.1,6.7,7.9,7.7,6.9,7.4
Post Graduate Institute of Medical Education &,Haryana,Medical,3817.0000000000005,3470.0,8.0,8.3,6.8,8.8,8.2,8.0,8.0
Government Medical College and Hospital,Haryana,Medical,27500.000000000004,22000.0,7.9,8.7,7.0,8.5,8.2,6.9,8.3
Pt Bhagwat Dayal Sharma Post Graduate Institute,Haryana,Medical,13634.500000000002,21153.0,7.5,8.4,7.5,8.1,7.5,7.6,6.1
Panjab University,Haryana,Medical,59180.00000000001,95800.0,7.7,8.2,7.7,8.0,7.7,6.5,8.2
Chandigarh University,Haryana,Medical,93500.00000000001,110000.0,8.6,8.6,8.2,8.4,9.0,8.6,8.8
Guru Jambheshwar University of Science and Technology,Haryana,Medical,33000.0,22600.0,7.7,7.7,7.3,7.5,8.9,6.5,8.0
Maharishi Markandeshwar,Haryana,Medical,95700.00000000001,72000.0,7.5,7.6,7.2,7.7,8.3,6.8,7.6
"Gurugram University, Gurgaon",Haryana,Medical,44000.0,50000.0,8.2,8.6,7.4,8.4,8.6,8.0,8.1
"Amity University, Gurgaon",Haryana,Medical,116600.00000000001,84000.0,7.7,7.8,7.1,7.6,8.6,7.1,8.1
Manav Rachna International Institute of Research and,Haryana,Medical,149600.0,171000.0,7.5,7.4,7.3,7.5,8.3,6.6,7.6
"Starex University, Gurgaon",Haryana,Medical,82500.0,60000.0,8.8,9.1,9.1,8.7,8.6,8.5,8.7
Modern Vidya Niketan,Haryana,Medical,77000.0,105000.0,7.0,7.2,6.4,7.7,7.0,6.8,6.8
"Lingaya's Vidyapeeth, Faridabad",Haryana,Medical,81950.0,103500.0,7.8,8.0,7.5,8.1,7.7,7.3,8.1
Manav Rachna University,Haryana,Medical,188100.00000000003,136000.0,7.8,7.6,7.5,7.7,8.8,7.3,7.9
"Sushant University / Ansal University, Gurgaon",Haryana,Medical,153857.0,142000.0,7.8,8.0,8.0,7.9,8.4,7.0,7.5
G D Goenka University,Haryana,Medical,141900.0,129000.0,8.2,7.7,8.3,8.3,8.9,7.6,8.4
"Jagannath University, Bahadurgarh",Haryana,Medical,104500.00000000001,95000.0,8.0,8.3,8.0,7.8,8.7,7.4,7.9
Al-Falah university,Haryana,Medical,55000.00000000001,50000.0,5.6,5.9,6.0,6.4,6.2,4.0,5.1
"SGT University, Gurgaon",Haryana,Medical,145750.0,162500.0,8.0,8.0,7.6,8.1,8.4,7.5,8.1
RP Inderaprastha Institute of Technology,Haryana,Medical,110000.00000000001,78000.0,7.1,7.7,6.5,7.5,7.6,6.1,6.9
B. J. Medical College,Gujarat,Medical,6600.000000000001,90000.0,8.6,9.0,8.3,8.5,8.1,9.3,8.3
"Government Medical College, Surat",Gujarat,Medical,1052700.0,1808333.0,7.8,8.1,7.2,7.7,7.1,8.4,8.1
"Smt. NHL Municipal Medical College, Ahmedabad",Gujarat,Medical,652300.0,634000.0,7.7,8.4,7.4,8.2,6.3,8.4,7.4
Pandit Deendayal Upadhyay Medical College,Gujarat,Medical,27500.000000000004,90000.0,8.3,9.0,8.0,8.4,8.0,8.7,7.6
C. U. Shah Medical College,Gujarat,Medical,990000.0000000001,900000.0,6.7,7.1,6.1,8.0,6.6,5.6,6.6
Pramukhswami Medical College,Gujarat,Medical,904200.0000000001,25000.0,8.0,8.7,6.2,8.8,8.3,8.0,8.0
"GCS Medical College, Hospital & Research Centre,",Gujarat,Medical,712800.0,1050000.0,8.1,8.5,7.3,8.5,8.5,7.8,7.9
Smt. B.K. Shah Medical Institute and Research,Gujarat,Medical,1754500.0000000002,1250000.0,7.1,7.7,6.0,7.8,5.7,7.8,7.7
Dr Babasaheb Ambedkar Open University,Gujarat,Medical,4620.0,4200.0,7.7,8.5,5.5,8.5,8.0,7.5,8.1
"Sumandeep Vidyapeeth, Vadodara",Gujarat,Medical,60500.00000000001,17500.0,7.8,8.0,7.0,8.2,8.0,7.5,8.0
Ganpat University,Gujarat,Medical,38500.0,100000.0,8.1,8.2,7.2,8.1,8.5,7.8,8.6
"P.P. Savani University, Surat",Gujarat,Medical,86350.0,143500.0,9.3,9.4,8.9,9.5,9.6,8.7,9.4
Marwadi University,Gujarat,Medical,82500.0,70000.0,8.3,8.2,8.3,8.2,9.1,7.7,8.2
"Uka Tarsadia University, Bardoli",Gujarat,Medical,123200.00000000001,248000.0,8.1,7.8,7.9,8.2,9.4,6.9,8.3
RK University,Gujarat,Medical,67100.0,270000.0,8.5,9.0,7.9,8.6,9.0,7.8,8.5
Charotar University of Science and Technology,Gujarat,Medical,181500.00000000003,200000.0,8.5,8.5,8.0,8.4,9.3,8.1,8.6
Post Graduate Institute of Medical Education &,Punjab,Medical,3817.0000000000005,3470.0,8.0,8.3,6.8,8.8,8.2,8.0,8.0
Christian Medical College,Punjab,Medical,429000.00000000006,390000.0,8.5,9.0,7.8,8.8,8.5,8.5,8.3
Dayanand Medical College and Hospital,Punjab,Medical,1772980.0000000002,1611800.0,8.3,8.4,8.2,8.5,8.4,8.0,8.2
Government Medical College and Hospital,Punjab,Medical,27500.000000000004,22000.0,7.9,8.7,7.0,8.5,8.2,6.9,8.3
Panjab University,Punjab,Medical,59180.00000000001,95800.0,7.7,8.2,7.7,8.0,7.7,6.5,8.2
"Government Medical College / Rajindra Hospital-[GMCP], Patiala",Punjab,Medical,110000.00000000001,110000.0,7.5,7.3,7.3,8.3,6.5,7.8,7.5
Chandigarh University,Punjab,Medical,93500.00000000001,110000.0,8.6,8.6,8.2,8.4,9.0,8.6,8.8
"Khalsa College, Amritsar",Punjab,Medical,126692.50000000001,64115.0,7.9,8.3,7.7,7.9,8.3,6.5,8.4
"RIMT University, Gobindgarh",Punjab,Medical,114400.00000000001,60000.0,7.6,7.9,7.3,7.8,8.0,6.7,7.8
Chitkara University,Punjab,Medical,352000.0,176000.0,8.5,8.4,7.7,8.5,8.9,8.7,8.7
"Adesh University, Bathinda",Punjab,Medical,141900.0,73000.0,8.6,8.8,8.8,8.5,9.0,8.3,8.3
"Rayat Bahra University, Mohali",Punjab,Medical,44000.0,125000.0,7.7,7.8,7.4,8.0,7.7,7.4,7.6
Sri Guru Granth Sahib World University,Punjab,Medical,72600.0,88000.0,8.8,8.6,9.0,9.0,9.1,8.4,8.7
Sri Guru Ram Das University of Health,Punjab,Medical,27500.000000000004,40000.0,8.8,8.7,8.7,9.0,9.0,8.4,8.8
CT University,Punjab,Medical,126170.00000000001,72700.0,8.8,8.9,8.5,8.7,9.3,8.8,8.5
"CT Group of Institutions, Jalandhar",Punjab,Medical,66550.0,31750.0,7.6,7.5,7.0,8.2,7.5,7.9,7.4
"Rayat Bahra Patiala Campus, Patiala",Punjab,Medical,85800.0,70000.0,6.0,6.3,7.8,6.0,6.0,4.0,6.0
"Kolkata Medical College, Kolkata",West bengal,Medical,17072.0,24000.0,8.1,8.7,7.3,8.0,7.6,9.0,7.7
Institute of Post Graduate Medical Education And,West bengal,Medical,16500.0,20050.0,8.0,8.7,7.4,7.9,8.3,8.5,7.2
R. G. Kar Medical College and Hospital,West bengal,Medical,13200.000000000002,15250.0,8.6,8.8,7.4,9.0,8.5,9.4,8.7
"Brainware University, Kolkata",West bengal,Medical,373560.00000000006,184800.0,7.9,8.3,7.6,7.9,8.2,7.8,7.3
Siksha 'O' Anusandhan University,Orissa,Medical,93500.00000000001,1790000.0,8.3,8.6,7.6,8.3,8.7,8.0,8.5
Kalinga Institute of Industrial Technology,Orissa,Medical,11000.0,225000.0,8.6,8.4,8.1,8.2,9.2,8.6,9.0
Veer Surendra Sai Institute of Medical Sciences,Orissa,Medical,35398.0,40000.0,8.3,8.6,8.0,8.3,7.9,8.8,8.3
Maharaja Krishna Chandra Gajapati Medical College and,Orissa,Medical,33000.0,40000.0,7.9,8.1,7.3,7.7,7.9,8.3,7.9
Centurion University of Technology and Management,Orissa,Medical,88000.0,40000.0,7.4,7.7,6.8,7.8,7.8,6.6,7.8
AIPH University,Orissa,Medical,121000.00000000001,160000.0,8.3,8.5,7.5,8.5,8.5,8.5,8.5
"DRIEMS Group of Institutions, Cuttack",Orissa,Medical,113300.00000000001,103000.0,7.6,8.0,7.2,7.2,9.2,6.9,6.8
"Hi-tech Group of Institutions, Bhubaneswar",Orissa,Medical,614350.0,500000.0,8.1,9.5,7.5,8.3,8.5,6.7,8.0
Kalinga Institute of Medical Sciences,Orissa,Medical,1842500.0000000002,1875000.0,8.2,8.4,7.4,8.9,8.0,8.4,8.3
Swami Vivekanand National Institute of Rehabilitation Training,Orissa,Medical,29007.000000000004,26370.0,8.3,8.6,7.2,8.6,8.6,8.5,8.1
Sri Ram Chandra Bhanja Medical College and,Orissa,Medical,44220.0,42200.0,8.4,8.6,8.1,8.3,8.1,8.8,8.3
"Utkal University, Bhubaneswar",Orissa,Medical,10450.0,25000.0,7.5,7.9,7.1,7.8,7.4,6.6,7.9
Institute of Medical Sciences and SUM Hospital,Orissa,Medical,1969000.0000000002,400000.0,8.2,9.0,6.0,9.4,8.2,9.1,7.5
Asian Institute of Public health,Orissa,Medical,121000.00000000001,160000.0,6.9,7.5,6.5,7.0,7.0,6.5,7.0
Hi-Tech Medical College and Hospital,Orissa,Medical,1210000.0,715000.0,7.9,8.5,6.9,8.6,7.3,7.9,8.4
Shri Guru Ram Rai Institute of Medical,Uttarakhand,Medical,2069100.0000000002,1028825.0,7.9,8.0,7.5,8.3,7.3,7.9,8.1
Dolphin PG Institute of BioMedical & Natural,Uttarakhand,Medical,66000.0,70000.0,7.7,8.4,6.5,7.9,7.8,6.7,8.6
"Patanjali University, Haridwar",Uttarakhand,Medical,55000.00000000001,20000.0,8.2,8.4,8.3,8.4,8.4,7.8,8.1
Swami Rama Himalayan University,Uttarakhand,Medical,139150.0,67500.0,7.0,7.1,6.6,6.9,7.4,7.1,6.7
Shri Guru Ram Rai University,Uttarakhand,Medical,127147.90000000001,83649.0,7.6,7.8,7.1,7.9,7.9,7.3,7.7
Sardar Bhagwan Singh University,Uttarakhand,Medical,129250.00000000001,126500.0,8.7,8.7,8.3,9.3,9.0,8.3,8.7
"Sai group of institutions, Dehradun",Uttarakhand,Medical,96360.00000000001,97600.0,8.8,9.0,8.0,9.3,9.0,9.0,8.7
"Chandola Homoeopathic Medical College and Hospital, Udham",Uttarakhand,Medical,121000.00000000001,110000.0,8.5,8.7,8.0,8.7,8.3,7.7,9.7
Sardar Bhagwan Singh Post Graduate Institute of,Uttarakhand,Medical,129250.00000000001,126500.0,8.2,8.3,7.6,8.8,7.9,8.0,8.6
Uttaranchal College of Technology and BioMedical Sciences,Uttarakhand,Medical,82500.0,75000.0,6.2,6.8,4.8,7.8,6.0,5.4,6.6
All India Institute of Medical Sciences,Uttarakhand,Medical,35640.0,22300.0,9.1,9.2,8.6,9.3,9.2,9.2,8.8
Dev Sanskriti Vishwavidyalaya,Uttarakhand,Medical,33000.0,60000.0,9.2,9.6,9.0,9.3,9.1,9.1,9.3
JSS College of Pharmacy,Tamil nadu,Pharmacy,278575.0,144500.0,8.5,8.9,7.6,9.0,8.7,8.1,8.8
Annamalai University,Tamil nadu,Pharmacy,18018.0,103260.0,7.4,8.1,6.7,8.0,7.9,6.5,7.2
"SRM College of Pharmacy, Kanchipuram",Tamil nadu,Pharmacy,192500.00000000003,150000.0,7.8,8.0,7.3,7.5,8.0,8.0,8.0
Sri Ramachandra Institute of Higher Education and,Tamil nadu,Pharmacy,165000.0,100000.0,8.5,8.5,7.8,8.7,9.1,7.9,8.7
PSG College of Pharmacy,Tamil nadu,Pharmacy,148500.0,197000.0,8.8,8.4,9.3,8.8,9.0,8.1,9.1
Madras Medical College,Tamil nadu,Pharmacy,711040.0,470000.0,7.0,7.2,6.0,7.7,7.2,6.8,7.0
"Vels Institute of Science, Technology & Advanced",Tamil nadu,Pharmacy,86680.0,353800.0,8.1,8.4,7.5,8.4,8.1,7.8,8.3
"Sri Ramakrishna Institute of Paramedical Science, College",Tamil nadu,Pharmacy,47300.00000000001,75000.0,8.1,9.0,9.0,8.0,8.0,7.5,7.0
SRM Institute of Technology,Tamil nadu,Pharmacy,121000.00000000001,185000.0,8.0,8.0,7.1,7.6,8.7,8.2,8.6
"Sathyabama Institute of Science and Technology, Chennai",Tamil nadu,Pharmacy,165000.0,75000.0,7.8,7.9,8.4,7.6,7.7,8.0,7.2
"Sri Ramachandra Medical College, Chennai",Tamil nadu,Pharmacy,165000.0,125000.0,8.5,8.5,8.5,8.6,8.8,8.2,8.2
The Erode College of Pharmacy & Research,Tamil nadu,Pharmacy,47300.00000000001,55000.0,8.1,8.7,7.7,8.5,8.3,7.8,7.7
Karpagam Academy of Higher Education,Tamil nadu,Pharmacy,160050.0,205500.0,7.4,7.8,6.8,7.5,7.5,7.1,7.5
"Dr. M.G.R. Educational and Research Institute, Chennai",Tamil nadu,Pharmacy,99000.00000000001,200000.0,7.4,7.6,7.4,7.1,7.8,6.8,7.5
Bharath University,Tamil nadu,Pharmacy,44000.0,120000.0,7.6,7.9,7.1,8.1,7.6,7.8,7.0
Vinayaka Missions University,Tamil nadu,Pharmacy,55550.00000000001,51000.0,8.0,8.2,7.2,8.7,7.6,7.8,8.4
Institute of Chemical Technology,Maharashtra,Pharmacy,77825.0,64500.0,8.7,9.1,8.1,8.9,8.7,8.4,9.1
"Poona College of Pharmacy, Pune",Maharashtra,Pharmacy,137500.0,50000.0,8.1,9.0,7.5,8.1,8.5,7.5,8.2
Bombay College of Pharmacy,Maharashtra,Pharmacy,238224.80000000002,41633.0,8.7,9.0,8.4,8.9,9.2,8.2,8.5
Rashtrasant Tukadoji Maharaj Nagpur University,Maharashtra,Pharmacy,19465.600000000002,16335.0,7.5,8.0,7.2,7.7,7.9,6.9,7.4
"Dr. Bhanuben Nanavati College of Pharmacy, Mumbai",Maharashtra,Pharmacy,217800.00000000003,150000.0,8.3,8.4,7.8,8.3,9.4,7.1,8.7
"Y. B. Chavan College of Pharmacy, Aurangabad",Maharashtra,Pharmacy,143000.0,160000.0,7.9,8.8,7.2,8.3,8.0,7.0,7.8
RC Patel Institute of Pharmacutical Education and,Maharashtra,Pharmacy,110000.00000000001,152500.0,8.5,8.5,8.3,9.2,8.9,7.5,8.3
Dr. D.Y. Patil Institute of Pharmaceutical Sciences,Maharashtra,Pharmacy,143000.0,130000.0,8.4,9.0,7.2,8.7,9.2,8.1,8.4
Bharati Vidyapeeth’s College of Pharmacy,Maharashtra,Pharmacy,170500.0,200000.0,7.7,9.0,7.7,8.5,7.8,6.0,7.0
Bharati Vidyapeeth College of Pharmacy,Maharashtra,Pharmacy,163121.2,163292.0,8.3,8.0,7.7,9.0,9.3,7.8,7.7
Principal K.M. Kundnani College of Pharmacy,Maharashtra,Pharmacy,20031.0,36000.0,7.6,8.5,6.0,9.0,6.8,8.0,7.4
Maeer's Maharashtra Institute of Pharmacy,Maharashtra,Pharmacy,287933.80000000005,195000.0,8.8,8.0,8.0,8.5,9.5,9.0,9.5
VES College of Pharmacy,Maharashtra,Pharmacy,199328.80000000002,182731.0,9.1,9.4,8.6,9.4,9.0,8.8,9.5
"Dr DY Patil College of Pharmacy Akurdi,",Maharashtra,Pharmacy,157358.30000000002,133983.0,7.1,7.0,5.0,6.5,9.0,7.0,8.0
"MVP Samaj's College of Pharmacy, Nashik",Maharashtra,Pharmacy,99000.00000000001,80500.0,7.7,8.7,6.7,9.0,7.0,7.7,7.3
"Modern College of Pharmacy Nigdi, Pune",Maharashtra,Pharmacy,126500.00000000001,115000.0,7.7,8.4,7.2,8.3,8.2,6.8,7.5
"DY Patil University, Navi Mumbai",Maharashtra,Pharmacy,330000.0,250000.0,7.5,7.3,7.1,7.7,7.5,7.4,7.8
Narsee Monjee Institute of Management Studies,Maharashtra,Pharmacy,133650.0,352000.0,8.1,8.4,7.6,8.5,8.1,7.9,8.2
"Pravara Rural College of Pharmacy (Diploma), Ahmed",Maharashtra,Pharmacy,132000.0,118000.0,8.5,8.7,8.3,8.7,8.3,8.0,8.7
Rajgad Dnyanpeeth's College of Pharmacy,Maharashtra,Pharmacy,81400.0,67000.0,7.8,8.0,9.5,6.7,8.0,6.7,7.7
Bharati Vidyapeeth Deemed University,Maharashtra,Pharmacy,137500.0,142000.0,7.8,8.1,6.8,7.9,8.1,7.7,8.2
"Amity University, Noida",Uttar pradesh,Pharmacy,132000.0,120000.0,8.2,8.0,7.9,8.1,8.9,7.6,8.7
"Integral University, Lucknow",Uttar pradesh,Pharmacy,154000.0,130000.0,7.4,7.6,7.3,7.4,8.0,6.5,7.4
Sam Higginbottom University of Agriculture Technology and,Uttar pradesh,Pharmacy,88000.0,142000.0,7.2,7.6,6.6,7.5,7.5,6.0,7.9
Banaras Hindu University,Uttar pradesh,Pharmacy,9204.800000000001,13410.0,8.3,8.7,8.1,8.4,8.8,7.2,8.6
Indian Institute of Technology,Uttar pradesh,Pharmacy,40496.5,37315.0,8.5,8.5,8.2,8.1,7.6,9.1,9.2
"Amity University, Lucknow",Uttar pradesh,Pharmacy,165000.0,182000.0,8.1,8.0,7.6,8.1,8.8,7.1,8.8
Teerthanker Mahaveer University,Uttar pradesh,Pharmacy,191070.00000000003,211500.0,8.1,8.3,7.6,8.2,8.7,7.3,8.3
Sunder Deep Pharmacy College,Uttar pradesh,Pharmacy,126500.00000000001,105950.0,9.2,9.1,8.8,9.9,9.2,8.7,9.3
Dayanand Dinanath College,Uttar pradesh,Pharmacy,103183.3,92603.0,6.9,6.0,5.5,8.5,7.5,6.5,7.5
Chhatrapati Shahu Ji Maharaj University,Uttar pradesh,Pharmacy,94779.3,71163.0,7.1,7.2,6.6,7.5,8.0,5.8,7.7
"Advance Institute of Biotech and Paramedical Sciences,",Uttar pradesh,Pharmacy,69630.0,68750.0,7.0,7.7,4.3,8.5,6.7,7.5,7.0
Sharda University,Uttar pradesh,Pharmacy,121000.00000000001,75000.0,7.9,7.7,7.6,7.9,8.6,6.9,8.6
Galgotias University,Uttar pradesh,Pharmacy,121000.00000000001,85000.0,7.6,7.9,6.9,7.9,7.5,7.7,7.8
"Rama University, Kanpur",Uttar pradesh,Pharmacy,121000.00000000001,100000.0,6.7,6.6,6.1,7.3,6.5,6.6,7.1
"GLA University, Mathura",Uttar pradesh,Pharmacy,84700.0,178000.0,8.2,8.2,7.9,8.3,8.3,8.2,8.1
Sanskriti University,Uttar pradesh,Pharmacy,137500.0,110000.0,7.0,7.2,6.7,7.0,7.5,6.9,6.8
"IFTM University, Moradabad",Uttar pradesh,Pharmacy,154000.0,75000.0,7.8,7.9,7.5,8.1,8.0,6.8,8.3
"Jamia Hamdard University, New Delhi",Delhi ncr,Pharmacy,88000.0,210000.0,7.5,8.1,7.3,7.8,8.1,6.5,7.4
"Amity University, Noida",Delhi ncr,Pharmacy,132000.0,120000.0,8.2,8.0,7.9,8.1,8.9,7.6,8.7
Delhi Institute of Pharmaceutical Sciences and Research,Delhi ncr,Pharmacy,55973.50000000001,37885.0,8.0,8.5,7.2,8.2,8.0,7.7,8.1
Maharshi Dayanand University,Delhi ncr,Pharmacy,36410.0,25600.0,7.8,8.0,7.7,8.0,8.4,6.6,8.0
Pt Bhagwat Dayal Sharma Post Graduate Institute,Delhi ncr,Pharmacy,33803.0,10730.0,7.5,8.4,7.5,8.1,7.5,7.6,6.1
Apeejay Stya University,Delhi ncr,Pharmacy,172920.0,290200.0,7.9,8.2,7.5,7.9,7.5,7.7,8.3
Shri Baba Mastnath Institute of Pharmaceutical Sciences,Delhi ncr,Pharmacy,86900.0,80000.0,8.4,8.5,8.0,8.0,9.0,8.5,8.5
Sunder Deep Pharmacy College,Delhi ncr,Pharmacy,126500.00000000001,105950.0,9.2,9.1,8.8,9.9,9.2,8.7,9.3
Ram Gopal College of Pharmacy,Delhi ncr,Pharmacy,71500.0,110000.0,7.6,8.3,7.3,8.7,7.5,6.7,7.3
"Gurugram University, Gurgaon",Delhi ncr,Pharmacy,44000.0,50000.0,8.2,8.6,7.4,8.4,8.6,8.0,8.1
Sharda University,Delhi ncr,Pharmacy,121000.00000000001,75000.0,7.9,7.7,7.6,7.9,8.6,6.9,8.6
Galgotias University,Delhi ncr,Pharmacy,121000.00000000001,85000.0,7.6,7.9,6.9,7.9,7.5,7.7,7.8
"Amity University, Gurgaon",Delhi ncr,Pharmacy,187000.00000000003,84000.0,7.7,7.8,7.1,7.6,8.6,7.1,8.1
Delhi Pharmaceutical Sciences and Research University,Delhi ncr,Pharmacy,62535.00000000001,44050.0,9.0,9.6,8.8,8.8,9.4,8.6,8.8
"Starex University, Gurgaon",Delhi ncr,Pharmacy,121000.00000000001,100000.0,8.8,9.1,9.1,8.7,8.6,8.5,8.7
SunRise University,Delhi ncr,Pharmacy,117920.00000000001,300000.0,8.1,8.1,7.3,8.7,8.1,7.9,8.4
Modern Vidya Niketan,Delhi ncr,Pharmacy,104500.00000000001,125000.0,7.0,7.2,6.4,7.7,7.0,6.8,6.8
"Andhra University, College of Pharmaceutical Sciences, Visakhapatnam",Andhra pradesh,Pharmacy,362986.80000000005,315483.0,8.0,8.8,7.4,7.3,9.0,7.5,8.0
"Chalapathi Institute of Pharmaceutical Sciences, Guntur",Andhra pradesh,Pharmacy,39710.0,67800.0,8.1,8.7,8.0,8.3,8.8,7.9,7.1
Acharya Nagarjuna University,Andhra pradesh,Pharmacy,12925.000000000002,93230.0,7.3,7.7,7.0,7.2,8.0,5.7,8.2
Sri Padmavati Mahila Visvavidyalayam,Andhra pradesh,Pharmacy,12595.000000000002,15000.0,7.6,8.3,7.4,7.8,7.5,6.2,8.1
Sri Venkateswara College of Pharmacy,Andhra pradesh,Pharmacy,61930.00000000001,117500.0,5.9,7.0,4.5,7.7,6.0,3.7,6.7
Raghavendhra Institute of Pharmaceutical Education and Research,Andhra pradesh,Pharmacy,33220.0,104784.0,8.0,8.5,6.5,8.6,9.0,7.2,8.2
K L University,Andhra pradesh,Pharmacy,203500.00000000003,175000.0,8.3,8.5,7.6,8.3,8.8,8.3,8.2
Bapatla College of Pharmacy,Andhra pradesh,Pharmacy,57200.00000000001,110000.0,7.6,9.0,7.8,8.6,9.8,4.2,6.0
Sri Venkateswara University,Andhra pradesh,Pharmacy,133958.0,363094.0,8.1,7.9,8.3,8.2,7.9,7.7,8.4
Shri Vishnu College of Pharmacy,Andhra pradesh,Pharmacy,88022.0,107900.0,8.0,8.1,8.0,8.1,8.4,7.7,7.8
"Balaji College of Pharmacy, Ananthapur",Andhra pradesh,Pharmacy,48510.00000000001,110000.0,8.1,8.0,7.5,8.5,8.0,8.0,8.5
GITAM Institute of Pharmacy,Andhra pradesh,Pharmacy,145200.0,170000.0,6.2,7.0,4.0,7.0,7.0,4.0,8.0
"Hindu College of Pharmacy, Guntur",Andhra pradesh,Pharmacy,66495.0,110000.0,7.5,8.0,7.3,7.0,8.3,6.6,7.7
KVSR Siddhartha College of Pharmaceutical Sciences,Andhra pradesh,Pharmacy,99000.00000000001,110000.0,6.8,8.3,5.3,7.7,8.7,4.3,6.7
"Narayana Pharmacy College, Nellore",Andhra pradesh,Pharmacy,71500.0,110000.0,8.2,8.8,7.6,9.0,9.0,7.0,7.6
Nimra College of Pharmacy,Andhra pradesh,Pharmacy,55220.00000000001,118900.0,7.2,7.3,6.7,7.3,7.7,7.0,7.3
Manipal College of Pharmaceutical Sciences,Karnataka,Pharmacy,467500.00000000006,313000.0,8.6,8.8,7.9,8.8,8.8,8.5,8.6
"JSS Academy of Higher Education & Research,",Karnataka,Pharmacy,278575.0,284500.0,8.2,8.3,7.5,8.6,8.5,8.0,8.0
"KLE University's College of Pharmacy, Belgaum",Karnataka,Pharmacy,139700.0,150000.0,8.1,8.0,8.0,8.3,8.3,8.0,8.0
The Nitte Gulabi Shetty Memorial Institute of,Karnataka,Pharmacy,106700.00000000001,110000.0,8.3,9.2,7.7,8.6,8.6,7.5,8.4
Acharya & BM Reddy College of Pharmacy,Karnataka,Pharmacy,253192.50000000003,376175.0,8.3,8.1,7.4,8.5,9.1,8.0,8.4
Manipal Academy of Higher Education,Karnataka,Pharmacy,484000.00000000006,417000.0,8.4,8.5,8.2,8.6,8.8,7.8,8.4
KLE College of Pharmacy,Karnataka,Pharmacy,79750.0,121000.0,6.6,8.0,5.8,7.5,7.5,4.8,6.0
KS Hegde Medical Academy,Karnataka,Pharmacy,201300.00000000003,186000.0,8.6,9.0,8.4,9.6,8.4,8.2,8.2
"SJM College of Pharmacy, Chitradurga",Karnataka,Pharmacy,132000.0,145000.0,8.7,9.0,8.5,9.0,8.0,9.0,8.5
Farooqia College of Pharmacy,Karnataka,Pharmacy,154000.0,250000.0,7.8,8.0,7.4,8.4,6.9,7.8,8.3
"HKE Society's College of Pharmacy, Gulbarga",Karnataka,Pharmacy,82500.0,100000.0,5.2,5.0,5.0,8.5,4.5,4.5,3.5
Krupanidhi College of Pharmacy,Karnataka,Pharmacy,113850.00000000001,200000.0,8.4,8.9,7.6,8.3,8.5,8.3,8.5
"RRK Samithi College of Pharmacy, Bidar",Karnataka,Pharmacy,533500.0,98000.0,5.8,6.5,4.5,5.5,6.0,4.5,7.5
PES University,Karnataka,Pharmacy,220000.00000000003,120000.0,8.0,8.5,7.7,8.1,8.1,8.1,7.6
T John Institute of Management and Science,Karnataka,Pharmacy,176000.0,65000.0,8.1,8.5,7.5,8.5,8.0,7.8,8.3
Dayananda Sagar University,Karnataka,Pharmacy,207845.00000000003,213450.0,7.3,7.7,6.3,8.0,7.7,7.6,6.7
"KLE University, Belgaum",Karnataka,Pharmacy,107250.00000000001,158000.0,7.2,7.4,7.0,7.6,7.9,6.1,7.4
"Yenepoya University, Mangalore",Karnataka,Pharmacy,64900.00000000001,225000.0,7.8,8.3,6.9,8.2,8.6,7.6,6.9
Nitte University,Karnataka,Pharmacy,301950.0,211000.0,7.6,7.1,7.1,7.8,7.8,7.8,7.8
Adichunchanagiri University,Karnataka,Pharmacy,23573.000000000004,21430.0,7.5,7.3,6.7,8.2,7.7,7.6,7.7
M.S. Ramaiah University of Applied Sciences,Karnataka,Pharmacy,372075.00000000006,188250.0,7.6,8.2,6.3,8.2,7.9,7.2,7.8
"Krupanidhi Group of Institutions, Bangalore",Karnataka,Pharmacy,227700.00000000003,350000.0,8.7,8.8,8.2,8.8,8.9,8.8,8.9
Dayananda Sagar Institutions,Karnataka,Pharmacy,105600.00000000001,144000.0,7.8,7.8,7.3,7.6,8.8,7.3,7.7
"Sultan Ul Uloom College of Pharmacy, Hyderabad",Telangana,Pharmacy,121000.00000000001,115000.0,6.9,7.0,6.7,6.5,7.0,7.0,7.3
Deccan School of Pharmacy,Telangana,Pharmacy,59400.00000000001,75000.0,8.1,9.0,7.7,8.0,7.7,8.3,8.0
Kakatiya University,Telangana,Pharmacy,15730.000000000002,19770.0,7.2,7.4,6.8,7.6,7.2,6.8,7.4
"Shadan Women's College of Pharmacy, Hyderabad",Telangana,Pharmacy,35200.0,98500.0,4.8,5.3,5.3,5.7,5.0,3.0,4.7
"Sri Venkateshwara College of Pharmacy, Hyderabad",Telangana,Pharmacy,60500.00000000001,93000.0,6.8,7.2,5.0,8.2,7.4,6.5,6.5
"Anurag University, Hyderabad",Telangana,Pharmacy,94050.00000000001,119500.0,8.3,8.5,7.5,8.2,8.9,8.0,8.4
Birla Institute of Technology and Science,Telangana,Pharmacy,465822.50000000006,469475.0,9.0,9.0,8.4,8.8,9.4,9.1,9.4
"Scient Institute of Technology, Ibrahimpatnam, Hyderabad",Telangana,Pharmacy,67650.0,117500.0,7.5,7.9,6.6,7.3,8.1,7.0,8.0
Guru Nanak Institutions Technical Campus,Telangana,Pharmacy,100650.00000000001,120500.0,7.8,7.9,7.8,7.8,8.1,7.6,7.8
"CMR Group of Institutions, Hyderabad",Telangana,Pharmacy,110000.00000000001,110000.0,7.4,7.8,7.5,7.4,7.1,7.1,7.7
"St. Mary’s Group of Institutions, Hyderabad",Telangana,Pharmacy,1100.0,2500.0,7.2,7.4,6.5,7.3,7.8,6.5,7.6
Nalla Narasimha Reddy Education Society's Group of,Telangana,Pharmacy,88550.0,115500.0,7.7,7.7,7.2,8.0,8.2,6.7,8.2
"SVS Group of Institutions, Warangal",Telangana,Pharmacy,50050.00000000001,117500.0,7.2,7.4,6.6,7.4,7.5,6.4,7.6
"Devi Ahilya Vishwavidyalaya, Indore",Madhya pradesh,Pharmacy,80960.0,79500.0,7.5,8.0,6.5,7.8,7.5,7.0,7.9
B.R. Nahata College of Pharmacy,Madhya pradesh,Pharmacy,84755.0,77050.0,7.7,8.0,6.5,7.0,7.5,8.0,9.0
"Amity University, Gwalior",Madhya pradesh,Pharmacy,103400.00000000001,75000.0,8.6,8.8,8.5,8.4,9.3,8.0,8.3
Barkatullah University,Madhya pradesh,Pharmacy,62205.00000000001,47550.0,6.9,7.3,6.1,7.4,6.9,6.0,7.5
Indira Gandhi National Tribal University,Madhya pradesh,Pharmacy,110000.00000000001,42500.0,7.5,7.5,7.3,8.4,7.9,5.9,7.9
LNCT University,Madhya pradesh,Pharmacy,33000.0,110000.0,9.0,9.0,8.8,9.3,8.8,8.9,8.9
Sardar Patel University,Madhya pradesh,Pharmacy,127600.00000000001,61500.0,7.9,7.9,7.4,8.4,8.0,7.7,8.0
Oriental University,Madhya pradesh,Pharmacy,60500.00000000001,241775.0,7.2,7.5,6.7,7.2,7.7,7.1,7.1
Shri Krishna University,Madhya pradesh,Pharmacy,169950.0,76000.0,8.1,8.1,7.4,8.3,8.5,8.0,8.0
AKS University,Madhya pradesh,Pharmacy,66000.0,70000.0,7.3,7.8,5.9,8.2,7.6,6.9,7.4
"People's University, Bhopal",Madhya pradesh,Pharmacy,110000.00000000001,66000.0,7.0,6.7,6.6,7.5,7.2,6.6,7.4
"Swami Vivekanand University, Sagar",Madhya pradesh,Pharmacy,35860.0,59000.0,6.3,6.9,5.0,7.0,6.4,5.6,6.6
"Acropolis Group of Institutions, Indore",Madhya pradesh,Pharmacy,74800.0,140000.0,8.7,8.5,8.5,8.7,9.0,8.6,8.6
Shri Govindram Seksaria Institute of Technology and,Madhya pradesh,Pharmacy,132330.0,75550.0,7.4,8.0,6.7,7.7,7.0,7.5,7.2
Bhabha University,Madhya pradesh,Pharmacy,55000.00000000001,125000.0,9.0,9.4,8.8,9.0,9.3,8.7,8.9
Shivajirao Kadam Institute of Technology & Management,Madhya pradesh,Pharmacy,82500.0,55000.0,7.4,7.8,6.5,7.9,7.3,7.8,7.3
Sarvepalli Radhakrishnan University,Madhya pradesh,Pharmacy,66000.0,66000.0,7.4,7.9,6.3,7.8,7.1,7.4,8.1
Madhyanchal Professional University,Madhya pradesh,Pharmacy,77000.0,60000.0,6.5,7.0,5.6,7.2,6.8,5.4,6.8
"IES University, Bhopal",Madhya pradesh,Pharmacy,71500.0,75000.0,7.3,8.0,4.0,8.1,7.0,7.9,9.0
"Chameli Devi Group of Institution, Indore",Madhya pradesh,Pharmacy,79200.0,48300.0,8.4,8.5,7.9,8.7,8.8,8.1,8.4
"IPS Group of Colleges, Gwalior",Madhya pradesh,Pharmacy,60500.00000000001,140000.0,5.2,6.6,4.7,3.0,7.8,5.0,4.3
"Al Shifa College of Pharmacy, Perinthalmanna",Kerala,Pharmacy,149715.5,155000.0,8.1,8.4,8.0,8.2,8.4,7.6,8.2
St. Joseph's College of Pharmacy,Kerala,Pharmacy,149715.5,40000.0,6.6,7.0,6.0,7.0,6.5,6.5,6.5
"Devaki Amma's Guruvayurappan College of Architecture Chelambra,",Kerala,Pharmacy,93500.00000000001,190000.0,6.9,8.3,6.3,8.3,6.7,6.0,5.7
"Amrita School of Pharmacy, Kochi",Kerala,Pharmacy,167970.0,185150.0,7.0,8.3,4.3,6.7,8.8,6.3,7.3
"Devaki Amma Memorial College of Pharmacy, Malappuram",Kerala,Pharmacy,149715.5,200000.0,8.0,9.0,7.0,8.0,9.0,8.0,7.0
"Grace College of Pharmacy, Palakkad",Kerala,Pharmacy,137500.0,90000.0,7.8,8.3,7.5,8.0,8.0,7.5,7.3
"Jamia Salafiya Pharmacy College, Malappuram",Kerala,Pharmacy,107800.00000000001,100000.0,7.3,7.6,7.4,8.0,7.8,6.2,6.8
"JDT Islam College of Pharmacy, Calicut",Kerala,Pharmacy,149715.5,231000.0,7.4,8.0,7.1,7.9,7.3,7.0,7.3
"KVM College of Pharmacy, Cherthala",Kerala,Pharmacy,149715.5,238105.0,7.7,7.7,7.0,8.0,8.0,7.7,8.0
"Mar Dioscorus College of Pharmacy Sreekariyam, Thiruvananthapuram",Kerala,Pharmacy,149715.5,155000.0,8.9,9.3,9.0,9.5,8.3,9.0,8.3
National College of Pharmacy,Kerala,Pharmacy,495000.00000000006,517000.0,7.4,8.0,5.0,8.3,7.8,7.5,7.7
Nirmala College of Pharmacy,Kerala,Pharmacy,149600.0,230000.0,7.9,8.0,7.7,8.0,7.7,7.7,8.0
"Government Medical College, Kozhikode",Kerala,Pharmacy,24277.000000000004,34750.0,8.3,8.3,7.8,8.5,8.1,8.4,8.6
"Amrita Vishwa Vidyapeetham Kochi Campus, Kochi",Kerala,Pharmacy,167970.0,185150.0,7.1,7.7,6.7,8.3,6.7,6.1,6.9
Kerala University of Health Sciences,Kerala,Pharmacy,121000.00000000001,40000.0,8.0,8.1,7.0,8.4,8.3,8.0,8.3
Birla Institute of Technology and Science,Rajasthan,Pharmacy,490022.50000000006,86825.0,8.9,8.8,8.2,8.8,9.0,9.0,9.3
"Banasthali Vidyapith, Jaipur",Rajasthan,Pharmacy,177650.0,163500.0,8.5,8.8,8.2,8.9,8.6,7.9,8.8
Madhav University,Rajasthan,Pharmacy,49500.00000000001,100000.0,7.8,7.9,7.5,8.2,7.9,7.3,7.8
Mahatma Jyoti Rao Phoole University,Rajasthan,Pharmacy,81950.0,80000.0,6.8,6.9,6.2,7.4,7.7,6.4,6.4
"Lachoo Memorial College Science and Technology, Jodhpur",Rajasthan,Pharmacy,106040.00000000001,108800.0,6.5,7.4,5.5,6.8,7.1,4.7,7.3
"NIMS University, Jaipur",Rajasthan,Pharmacy,55000.00000000001,120000.0,7.8,7.9,7.2,7.9,8.5,7.0,8.0
Career Point University,Rajasthan,Pharmacy,145200.0,77000.0,8.3,8.4,7.9,8.4,8.4,7.6,8.9
Mewar University,Rajasthan,Pharmacy,58300.00000000001,63000.0,8.0,7.9,7.1,8.1,8.8,7.3,8.6
"Singhania University, Jhunjhunu",Rajasthan,Pharmacy,24200.000000000004,66500.0,7.1,7.1,6.7,7.1,7.1,7.0,7.3
Jaipur National University,Rajasthan,Pharmacy,68750.0,127000.0,7.5,7.9,7.0,7.7,7.8,6.7,7.6
SunRise University,Rajasthan,Pharmacy,117920.00000000001,300000.0,8.1,8.1,7.3,8.7,8.1,7.9,8.4
"OPJS University, Churu",Rajasthan,Pharmacy,166320.0,82000.0,7.2,7.1,7.6,7.6,7.7,6.3,6.8
Jayoti Vidyapeeth Women's University,Rajasthan,Pharmacy,66000.0,260000.0,7.6,7.7,8.4,7.9,7.7,6.4,7.4
"Apex University, Jaipur",Rajasthan,Pharmacy,112200.00000000001,80000.0,8.7,8.9,8.9,8.6,8.7,8.5,8.7
Suresh Gyan Vihar University,Rajasthan,Pharmacy,132000.0,120000.0,7.5,7.8,6.7,7.5,8.8,6.3,8.0
"Pacific University, Udaipur",Rajasthan,Pharmacy,169400.0,85000.0,7.7,7.8,7.3,8.1,7.8,7.2,8.0
Jagdishprasad Jhabarmal Tibrewala University,Rajasthan,Pharmacy,59400.00000000001,60000.0,6.5,6.3,6.4,6.4,6.6,6.5,6.6
"Maulana Azad University, Jodhpur",Rajasthan,Pharmacy,50050.00000000001,100000.0,8.1,7.8,7.8,8.6,8.4,7.9,7.9
Maharishi Arvind University,Rajasthan,Pharmacy,77000.0,196500.0,7.3,7.4,6.9,7.8,8.1,6.0,7.3
"Shyam University, Dausa",Rajasthan,Pharmacy,132000.0,90000.0,8.5,8.9,8.6,8.5,8.6,8.1,8.4
Panjab University,Haryana,Pharmacy,32340.000000000004,15665.0,7.7,8.2,7.7,8.0,7.7,6.5,8.2
Maharshi Dayanand University,Haryana,Pharmacy,36410.0,25600.0,7.8,8.0,7.7,8.0,8.4,6.6,8.0
Guru Jambheshwar University of Science and Technology,Haryana,Pharmacy,33000.0,68350.0,7.7,7.7,7.3,7.5,8.9,6.5,8.0
Maharishi Markandeshwar,Haryana,Pharmacy,157850.0,109100.0,7.5,7.6,7.2,7.7,8.3,6.8,7.6
Kurukshetra University,Haryana,Pharmacy,95370.00000000001,81700.0,7.5,8.1,7.0,8.0,7.7,6.5,7.7
Pt Bhagwat Dayal Sharma Post Graduate Institute,Haryana,Pharmacy,33803.0,10730.0,7.5,8.4,7.5,8.1,7.5,7.6,6.1
Chandigarh University,Haryana,Pharmacy,220000.00000000003,190000.0,8.6,8.6,8.2,8.4,9.0,8.6,8.8
"Lord Shiva College of Pharmacy, Sirsa",Haryana,Pharmacy,55550.00000000001,120000.0,7.9,8.3,8.0,8.0,8.3,8.0,7.0
Apeejay Stya University,Haryana,Pharmacy,172920.0,290200.0,7.9,8.2,7.5,7.9,7.5,7.7,8.3
Shri Baba Mastnath Institute of Pharmaceutical Sciences,Haryana,Pharmacy,86900.0,80000.0,8.4,8.5,8.0,8.0,9.0,8.5,8.5
Ram Gopal College of Pharmacy,Haryana,Pharmacy,71500.0,110000.0,7.6,8.3,7.3,8.7,7.5,6.7,7.3
"Faculty of Pharmaceutical Sciences, PDM University, Bahadurgarh",Haryana,Pharmacy,120120.00000000001,101700.0,6.8,7.7,6.7,7.3,7.7,5.7,5.7
"Gurugram University, Gurgaon",Haryana,Pharmacy,44000.0,50000.0,8.2,8.6,7.4,8.4,8.6,8.0,8.1
"PDM University, Bahadurgarh, Bahadurgarh",Haryana,Pharmacy,82170.0,101700.0,7.4,7.1,7.6,7.4,7.5,7.1,7.7
"Amity University, Gurgaon",Haryana,Pharmacy,187000.00000000003,84000.0,7.7,7.8,7.1,7.6,8.6,7.1,8.1
"Starex University, Gurgaon",Haryana,Pharmacy,121000.00000000001,100000.0,8.8,9.1,9.1,8.7,8.6,8.5,8.7
Modern Vidya Niketan,Haryana,Pharmacy,104500.00000000001,125000.0,7.0,7.2,6.4,7.7,7.0,6.8,6.8
"KR Mangalam University, Gurgaon",Haryana,Pharmacy,88000.0,100000.0,7.7,8.1,7.5,7.3,8.6,7.2,7.4
"Lingaya's Vidyapeeth, Faridabad",Haryana,Pharmacy,94050.00000000001,90000.0,7.8,8.0,7.5,8.1,7.7,7.3,8.1
"Jagannath University, Bahadurgarh",Haryana,Pharmacy,93500.00000000001,85000.0,8.0,8.3,8.0,7.8,8.7,7.4,7.9
Global Institute of Technology and Management,Haryana,Pharmacy,99000.00000000001,80000.0,7.5,7.6,7.2,7.5,8.0,7.3,7.5
Panipat Institute of Engineering & Technology,Haryana,Pharmacy,133100.0,85000.0,8.5,8.6,8.1,8.6,8.7,8.2,8.5
"SGT University, Gurgaon",Haryana,Pharmacy,225500.00000000003,162500.0,8.0,8.0,7.6,8.1,8.4,7.5,8.1
Geeta Group of Institutions,Haryana,Pharmacy,132000.0,90000.0,9.2,9.4,8.8,9.3,9.4,9.2,9.3
Maharaja Sayajirao University of Baroda,Gujarat,Pharmacy,1650.0000000000002,2100.0,7.9,8.3,7.0,8.4,8.0,7.2,8.4
LM College of Pharmacy,Gujarat,Pharmacy,181500.00000000003,175000.0,7.4,8.0,6.4,8.2,7.2,7.2,7.2
"BK Mody Government Pharmacy College, Surat",Gujarat,Pharmacy,3465.0000000000005,6350.0,8.5,9.3,7.7,9.1,7.8,8.1,9.1
AR College of Pharmacy and GH Patel,Gujarat,Pharmacy,148500.0,158000.0,7.7,8.7,6.6,8.7,8.1,6.5,7.6
Bhagwan Mahavir College of Pharmacy,Gujarat,Pharmacy,90200.00000000001,142000.0,8.0,8.3,8.3,8.0,8.3,7.0,8.3
L J Institute of Pharmacy,Gujarat,Pharmacy,89100.0,118000.0,7.2,7.4,5.3,8.7,7.2,7.0,7.8
Nirma University,Gujarat,Pharmacy,435600.00000000006,62200.0,8.4,8.6,8.0,8.4,9.1,8.1,8.2
"Sumandeep Vidyapeeth, Vadodara",Gujarat,Pharmacy,121000.00000000001,210000.0,7.8,8.0,7.0,8.2,8.0,7.5,8.0
"Atmiya University, Rajkot",Gujarat,Pharmacy,133100.0,21300.0,8.1,8.8,7.5,8.6,8.4,7.4,7.9
Ganpat University,Gujarat,Pharmacy,168300.0,60000.0,8.1,8.2,7.2,8.1,8.5,7.8,8.6
"C. U. Shah University, Wadhwan",Gujarat,Pharmacy,104280.00000000001,139800.0,7.7,7.6,7.0,8.2,7.8,7.4,7.9
"Uka Tarsadia University, Bardoli",Gujarat,Pharmacy,180400.00000000003,158000.0,8.1,7.8,7.9,8.2,9.4,6.9,8.3
RK University,Gujarat,Pharmacy,137500.0,80000.0,8.5,9.0,7.9,8.6,9.0,7.8,8.5
Dharmsinh Desai University,Gujarat,Pharmacy,217800.00000000003,154000.0,7.7,8.5,7.0,8.3,7.1,8.1,6.9
Rai University,Gujarat,Pharmacy,77660.0,50600.0,7.1,7.2,7.1,7.0,6.9,6.8,7.7
Charotar University of Science and Technology,Gujarat,Pharmacy,143000.0,189000.0,8.5,8.5,8.0,8.4,9.3,8.1,8.6
"Smt NilaBen ManuBhai Padalia Pharmacy College, Ahmedabad",Gujarat,Pharmacy,64900.00000000001,98000.0,8.2,9.0,7.0,9.0,8.0,7.0,9.0
Noble Group of Institution,Gujarat,Pharmacy,59400.00000000001,95000.0,8.4,8.8,8.0,8.8,9.2,6.8,8.5
Panjab University,Punjab,Pharmacy,32340.000000000004,15665.0,7.7,8.2,7.7,8.0,7.7,6.5,8.2
National Institute of Pharmaceutical Education and Research,Punjab,Pharmacy,99550.00000000001,127500.0,9.2,9.1,9.4,9.1,9.9,8.5,9.4
"ISF College of pharmacy, Moga",Punjab,Pharmacy,87120.0,100000.0,7.5,8.3,6.7,8.6,7.9,6.7,6.8
Chitkara College of Pharmacy,Punjab,Pharmacy,189200.00000000003,162000.0,8.3,8.5,7.0,8.0,9.0,8.5,8.5
Amar Shaheed Baba Ajit Singh Jujhar Singh,Punjab,Pharmacy,88000.0,110000.0,6.3,7.0,5.5,7.0,6.3,5.8,6.3
Chandigarh University,Punjab,Pharmacy,220000.00000000003,190000.0,8.6,8.6,8.2,8.4,9.0,8.6,8.8
"SD College of Pharmacy, Barnala",Punjab,Pharmacy,110000.00000000001,85000.0,7.6,8.0,7.0,8.5,7.5,7.0,7.5
"RIMT University, Gobindgarh",Punjab,Pharmacy,43340.0,134000.0,7.6,7.9,7.3,7.8,8.0,6.7,7.8
Chitkara University,Punjab,Pharmacy,347600.0,244000.0,8.5,8.4,7.7,8.5,8.9,8.7,8.7
"Guru Kashi University, Bathinda",Punjab,Pharmacy,36161.4,222000.0,7.5,7.4,7.2,8.0,7.2,7.2,7.8
"Adesh University, Bathinda",Punjab,Pharmacy,150150.0,136500.0,8.6,8.8,8.8,8.5,9.0,8.3,8.3
Chandigarh Group of Colleges,Punjab,Pharmacy,140800.0,87000.0,8.1,8.0,7.4,8.0,8.3,8.6,8.4
"Rayat Bahra University, Mohali",Punjab,Pharmacy,88000.0,120000.0,7.7,7.8,7.4,8.0,7.7,7.4,7.6
"Maharaja Ranjit Singh Punjab Technical University, Bathinda",Punjab,Pharmacy,76560.0,65600.0,8.2,8.6,7.8,8.4,8.2,8.1,8.2
"PCTE Group of Institutes, Ludhiana",Punjab,Pharmacy,101090.00000000001,138400.0,7.7,8.0,7.2,8.0,8.0,6.8,8.3
Amritsar Group of Colleges,Punjab,Pharmacy,544970.8,126000.0,8.8,8.7,8.9,9.0,8.8,8.6,9.0
"CT Group of Institutions, Jalandhar",Punjab,Pharmacy,95788.00000000001,127050.0,7.6,7.5,7.0,8.2,7.5,7.9,7.4
"Rayat Bahra Hoshiarpur Campus, Hoshiarpur",Punjab,Pharmacy,132000.0,120000.0,8.9,9.2,8.5,9.2,8.3,8.8,9.1
"Rayat Bahra Patiala Campus, Patiala",Punjab,Pharmacy,132000.0,50000.0,6.0,6.3,7.8,6.0,6.0,4.0,6.0
"Rayat Bahra Group of Institutions: Ropar Campus,",Punjab,Pharmacy,267300.0,252000.0,6.7,6.5,8.0,7.5,7.0,5.0,6.0
Guru Nanak Institute of Pharmaceutical Science and,West bengal,Pharmacy,525800.0,305700.0,9.0,9.2,8.6,9.0,9.1,8.8,9.0
"NSHM Knowledge Campus, Kolkata",West bengal,Pharmacy,267300.0,110500.0,7.8,8.0,6.8,8.1,8.2,7.7,8.0
Jadavpur University,West bengal,Pharmacy,2640.0,200000.0,8.4,9.0,7.6,8.5,8.1,8.4,9.0
Calcutta Institute of Pharmaceutical Technology & Allied,West bengal,Pharmacy,113520.00000000001,140100.0,7.7,8.4,7.0,8.0,8.2,7.4,7.0
"Adamas University, Kolkata",West bengal,Pharmacy,104610.00000000001,176600.0,8.2,8.3,7.5,8.5,9.0,7.8,7.8
Seacom Skills University,West bengal,Pharmacy,110000.00000000001,100000.0,7.5,8.4,6.4,8.9,7.4,6.7,7.3
The Neotia University,West bengal,Pharmacy,88000.0,166000.0,8.2,8.7,7.5,8.5,8.2,7.8,8.6
Bengal School of Technology,West bengal,Pharmacy,135960.0,158600.0,7.8,8.0,7.3,8.0,8.7,7.1,7.9
"JIS University, Kolkata",West bengal,Pharmacy,146080.0,163200.0,8.0,8.3,7.7,8.0,8.2,7.8,7.8
Gupta College of Technological Sciences,West bengal,Pharmacy,139755.0,139400.0,9.0,9.4,8.6,9.2,9.1,9.2,8.4
Bharat Technology,West bengal,Pharmacy,121220.00000000001,102000.0,7.9,8.1,8.1,8.9,6.5,7.5,8.3
Bengal College of Pharmaceutical Science and Research,West bengal,Pharmacy,113960.00000000001,112500.0,8.0,8.1,7.2,8.0,8.4,8.0,8.1
Dr BC Roy College of Pharmacy and,West bengal,Pharmacy,129173.00000000001,169000.0,7.8,8.9,6.8,9.1,8.1,7.1,7.0
Institute of Pharmacy,West bengal,Pharmacy,22000.0,2500.0,8.1,8.0,8.2,7.6,7.2,8.6,8.8
Netaji Subhas Chandra Bose Institute of Pharmacy,West bengal,Pharmacy,107250.00000000001,125000.0,7.7,8.0,6.7,8.0,7.9,7.3,8.2
Eminent College of Pharmaceutical Technology,West bengal,Pharmacy,106150.00000000001,78000.0,9.0,9.7,8.0,9.5,9.0,9.0,8.5
Siksha 'O' Anusandhan University,Orissa,Pharmacy,165000.0,40000.0,8.3,8.6,7.6,8.3,8.7,8.0,8.5
Sri Jayadev College of Pharmaceutical Sciences,Orissa,Pharmacy,68750.0,146000.0,7.4,8.6,6.5,8.1,6.6,7.2,7.1
Roland Institute of Pharmaceutical Sciences,Orissa,Pharmacy,92400.00000000001,85000.0,8.3,8.6,7.3,8.8,8.4,8.1,8.5
Seemanta Institute of Pharmaceutical Sciences,Orissa,Pharmacy,71500.0,75500.0,7.7,8.8,8.3,8.8,7.0,5.8,7.5
"College of Pharmaceutical Sciences Mohuda, Ganjam",Orissa,Pharmacy,77000.0,60000.0,8.6,9.0,7.7,9.3,8.3,8.7,8.3
Gayatri College Of Pharmacy,Orissa,Pharmacy,79200.0,83000.0,8.6,9.0,9.0,9.0,8.0,8.7,8.0
Gayatri Institute of Science and Technology,Orissa,Pharmacy,68750.0,68750.0,7.0,8.0,4.0,9.0,7.0,8.0,6.0
"Kanak Manjari Institute of Pharmaceutical Sciences, Rourkela",Orissa,Pharmacy,68750.0,73000.0,8.1,8.4,7.5,8.5,8.6,8.4,7.0
"Utkal University, Bhubaneswar",Orissa,Pharmacy,10450.0,70000.0,7.5,7.9,7.1,7.8,7.4,6.6,7.9
Institute of Pharmacy and Technology,Orissa,Pharmacy,90200.00000000001,90000.0,8.6,9.0,8.0,9.0,8.8,8.8,7.7
University of Petroleum and Energy Studies,Uttarakhand,Pharmacy,743050.0000000001,236000.0,8.1,8.1,7.8,7.9,8.6,7.7,8.2
DIT University,Uttarakhand,Pharmacy,198000.00000000003,140000.0,7.8,7.9,7.6,7.6,8.4,7.4,8.0
"MotherHood University, Roorkee",Uttarakhand,Pharmacy,115500.00000000001,122350.0,8.0,8.3,7.9,7.6,8.0,8.0,8.3
Graphic Era Hill University,Uttarakhand,Pharmacy,123200.00000000001,187200.0,8.1,7.9,7.8,8.1,8.4,7.7,8.4
Shri Guru Ram Rai University,Uttarakhand,Pharmacy,95480.00000000001,68500.0,7.6,7.8,7.1,7.9,7.9,7.3,7.7
Himgiri Zee University,Uttarakhand,Pharmacy,88000.0,100000.0,7.9,8.5,5.5,9.0,8.0,7.7,8.8
BFIT Group of Institutions,Uttarakhand,Pharmacy,77000.0,45000.0,7.5,7.7,7.1,7.7,7.6,7.1,8.0
Graphic Era Hill University Bhimtal Campus,Uttarakhand,Pharmacy,143440.0,92800.0,8.1,8.2,7.6,7.9,8.8,7.8,8.0
Sardar Bhagwan Singh University,Uttarakhand,Pharmacy,129250.00000000001,126500.0,8.7,8.7,8.3,9.3,9.0,8.3,8.7
"Maya Group of Colleges, Dehradun",Uttarakhand,Pharmacy,117480.00000000001,96800.0,7.3,6.8,7.2,8.3,7.2,6.7,7.3
Amrapali Group of Institutes,Uttarakhand,Pharmacy,82500.0,65000.0,7.8,7.8,7.5,8.2,7.5,7.8,8.1
GRD Institute of Management and Technology,Uttarakhand,Pharmacy,129250.00000000001,125000.0,6.6,7.1,6.0,7.1,6.8,5.2,7.2
Shree Dev Bhoomi Institute of Education Science,Uttarakhand,Pharmacy,88000.0,170000.0,7.3,7.7,7.3,8.0,7.3,5.3,8.0
Shri Guru Ram Rai Institute of Technology,Uttarakhand,Pharmacy,96580.00000000001,120750.0,7.2,7.6,6.6,8.1,6.9,6.6,7.1
Kumaun University,Uttarakhand,Pharmacy,61614.3,125000.0,8.2,8.9,8.4,8.8,8.7,6.6,7.8
"Devsthali Vidyapeeth, Udham Singh Nagar",Uttarakhand,Pharmacy,100100.00000000001,100000.0,7.4,8.5,6.0,8.4,8.3,6.4,6.6
"Global Institute of Pharmaceutical Education & Research,",Uttarakhand,Pharmacy,99000.00000000001,85000.0,6.7,7.0,6.0,8.0,6.0,5.0,8.0
Roorkee College of Pharmacy,Uttarakhand,Pharmacy,90200.00000000001,50000.0,7.6,7.6,7.0,9.0,7.2,6.0,8.8
Sardar Bhagwan Singh Post Graduate Institute of,Uttarakhand,Pharmacy,129250.00000000001,126500.0,8.2,8.3,7.6,8.8,7.9,8.0,8.6
Tamil Nadu Dr Ambedkar Law University,Tamil nadu,Law,42020.0,69620.0,7.8,8.1,6.6,8.3,8.5,7.2,8.0
"Saveetha School of Law, Chennai",Tamil nadu,Law,192500.00000000003,240000.0,8.2,8.2,7.6,8.5,8.2,8.0,8.4
SRM Institute of Technology,Tamil nadu,Law,231000.00000000003,8000.0,8.0,8.0,7.1,7.6,8.7,8.2,8.6
"SASTRA University, Thanjavur",Tamil nadu,Law,150700.0,137000.0,8.1,8.5,7.0,8.2,8.3,8.7,8.1
"Vels Institute of Science, Technology & Advanced",Tamil nadu,Law,125180.00000000001,163800.0,8.1,8.4,7.5,8.4,8.1,7.8,8.3
Hindustan Institute of Technology and Science,Tamil nadu,Law,44000.0,222500.0,7.6,7.8,6.9,7.8,7.9,6.9,8.0
Vellore Institute of Technology,Tamil nadu,Law,95700.00000000001,164000.0,8.5,8.7,8.0,8.2,8.8,8.8,8.4
"Government Law College, Madurai",Tamil nadu,Law,1380.5,1845.0,7.2,8.0,6.5,7.0,6.5,7.3,8.0
"Government Law College, Coimbatore",Tamil nadu,Law,1380.5,1845.0,8.6,9.4,8.4,8.7,9.0,8.1,8.1
"The Tamil Nadu Dr. Ambedkar Law University,",Tamil nadu,Law,42020.0,69620.0,8.2,8.8,7.7,8.6,7.8,7.7,8.4
Symbiosis Law School,Maharashtra,Law,181500.00000000003,6500.0,8.3,8.8,7.4,8.3,8.1,8.3,8.9
ILS Law College,Maharashtra,Law,71852.0,17600.0,7.3,8.0,5.6,7.7,7.7,6.6,8.0
"Bharati Vidyapeeth New Law College -[NLC], Pune",Maharashtra,Law,11550.000000000002,78750.0,7.1,7.9,6.1,8.0,6.4,6.5,7.4
Government Law College,Maharashtra,Law,49500.00000000001,6980.0,7.4,8.3,5.9,7.7,7.0,7.6,8.1
Mumbai University,Maharashtra,Law,8800.0,54520.0,7.2,7.6,6.5,7.9,7.4,6.6,7.0
"Manikchand Pahade Law College, Aurangabad",Maharashtra,Law,4125.0,13046.0,6.9,8.5,6.2,6.8,7.5,5.1,7.0
"Sinhgad Law College, Pune",Maharashtra,Law,31900.000000000004,10767.0,7.4,8.0,7.5,7.3,6.5,6.7,8.3
Narsee Monjee Institute of Management Studies,Maharashtra,Law,139700.0,202000.0,8.1,8.4,7.6,8.5,8.1,7.9,8.2
Rashtrasant Tukadoji Maharaj Nagpur University,Maharashtra,Law,13508.000000000002,35040.0,7.5,8.0,7.2,7.7,7.9,6.9,7.4
"A.K.K. New Law Academy, Pune",Maharashtra,Law,23100.000000000004,33000.0,8.0,8.0,7.0,8.0,8.0,8.0,9.0
Gopaldas Jhamatmal Advani Law College,Maharashtra,Law,7898.000000000001,15000.0,7.7,9.0,5.0,8.0,6.8,8.4,8.8
"PES's Modern Law College, Pune",Maharashtra,Law,25300.000000000004,30000.0,6.4,6.8,5.5,6.8,5.8,6.3,7.0
Dr Ram Manohar Lohiya National Law University,Uttar pradesh,Law,47080.00000000001,79000.0,7.5,7.8,6.9,7.0,8.4,6.1,8.6
"Faculty of Law, Banaras Hindu University, Varanasi",Uttar pradesh,Law,66000.0,2206.0,7.3,8.7,7.7,8.7,7.2,5.0,6.6
Aligarh Muslim University,Uttar pradesh,Law,19134.5,207320.0,8.3,8.8,7.9,8.5,8.8,7.2,8.6
University of Lucknow,Uttar pradesh,Law,57376.00000000001,13090.0,7.4,7.9,7.0,7.8,7.7,6.1,7.6
"Amity University, Lucknow",Uttar pradesh,Law,92400.00000000001,188000.0,8.1,8.0,7.6,8.1,8.8,7.1,8.8
Banaras Hindu University,Uttar pradesh,Law,66000.0,3900.0,8.3,8.7,8.1,8.4,8.8,7.2,8.6
"Amity University, Noida",Uttar pradesh,Law,136400.0,100000.0,8.2,8.0,7.9,8.1,8.9,7.6,8.7
Chaudhary Charan Singh University,Uttar pradesh,Law,37955.5,39505.0,6.4,6.6,6.1,7.3,6.6,4.9,6.6
Teerthanker Mahaveer University,Uttar pradesh,Law,99000.00000000001,71700.0,8.1,8.3,7.6,8.2,8.7,7.3,8.3
Sharda University,Uttar pradesh,Law,82500.0,150000.0,7.9,7.7,7.6,7.9,8.6,6.9,8.6
Galgotias University,Uttar pradesh,Law,93500.00000000001,110000.0,7.6,7.9,6.9,7.9,7.5,7.7,7.8
"Bennett University, Greater Noida",Uttar pradesh,Law,66000.0,340000.0,8.6,8.5,7.9,8.8,9.2,8.3,8.6
"Rama University, Kanpur",Uttar pradesh,Law,82500.0,75000.0,6.7,6.6,6.1,7.3,6.5,6.6,7.1
"Integral University, Lucknow",Uttar pradesh,Law,93500.00000000001,70000.0,7.4,7.6,7.3,7.4,8.0,6.5,7.4
National Law University,Delhi ncr,Law,14300.000000000002,138000.0,8.8,9.0,8.3,9.3,9.0,8.8,8.1
"Faculty of Law Jamia Millia Islamia University,",Delhi ncr,Law,11440.000000000002,8700.0,8.2,8.3,8.3,8.5,8.0,7.8,8.0
Indian Law Institute,Delhi ncr,Law,32450.000000000004,7500.0,7.6,8.3,6.3,8.4,8.0,6.1,8.4
"Faculty of Law, University of Delhi, New",Delhi ncr,Law,5970.8,5729.0,7.3,8.4,5.9,8.2,7.6,6.1,7.8
Vivekananda Institute of Professional Studies,Delhi ncr,Law,101750.00000000001,89400.0,7.8,8.2,6.7,8.2,8.6,6.9,8.0
Geeta Institute of Law,Delhi ncr,Law,122320.00000000001,66600.0,9.0,9.3,8.4,9.1,9.1,9.0,8.8
"Jamia Millia Islamia University-[JMI], New Delhi",Delhi ncr,Law,29260.000000000004,10400.0,8.0,8.4,7.6,8.3,8.4,7.2,8.2
"Jamia Hamdard University, New Delhi",Delhi ncr,Law,15400.000000000002,112000.0,7.5,8.1,7.3,7.8,8.1,6.5,7.4
Maharshi Dayanand University,Delhi ncr,Law,9900.0,5835.0,7.8,8.0,7.7,8.0,8.4,6.6,8.0
"Amity University, Noida",Delhi ncr,Law,136400.0,100000.0,8.2,8.0,7.9,8.1,8.9,7.6,8.7
Chaudhary Charan Singh University,Delhi ncr,Law,37955.5,39505.0,6.4,6.6,6.1,7.3,6.6,4.9,6.6
Indira Gandhi National Open University,Delhi ncr,Law,9350.0,10800.0,7.1,7.7,5.7,8.1,7.3,6.3,7.3
"SRM University Delhi NCR, Sonepat",Delhi ncr,Law,207075.00000000003,172250.0,7.8,8.0,7.5,7.9,8.1,7.6,7.9
"Gurugram University, Gurgaon",Delhi ncr,Law,22000.0,20000.0,8.2,8.6,7.4,8.4,8.6,8.0,8.1
TERI School of Advanced Studies,Delhi ncr,Law,72600.0,156000.0,7.4,7.4,6.7,7.5,7.7,7.6,7.3
"Andhra University, Dr. B. R. Ambedkar College",Andhra pradesh,Law,211271.50000000003,322720.0,8.5,9.5,7.5,9.5,8.0,8.0,8.5
K L University,Andhra pradesh,Law,159500.0,155000.0,8.3,8.5,7.6,8.3,8.8,8.3,8.2
Acharya Nagarjuna University,Andhra pradesh,Law,12925.000000000002,37290.0,7.3,7.7,7.0,7.2,8.0,5.7,8.2
VIT University,Andhra pradesh,Law,180400.00000000003,43000.0,8.2,8.3,7.9,8.3,8.1,8.4,8.1
Sri Padmavati Mahila Visvavidyalayam,Andhra pradesh,Law,156200.0,6000.0,7.6,8.3,7.4,7.8,7.5,6.2,8.1
Andhra University,Andhra pradesh,Law,101635.6,229548.0,7.9,8.3,7.1,8.3,7.9,7.4,8.1
Damodaram Sanjivayya National Law University,Andhra pradesh,Law,170500.0,180000.0,7.9,8.6,6.4,7.9,7.9,8.1,8.3
"Andhra University, School of Distance Education, Visakhapatnam",Andhra pradesh,Law,2200.0,9000.0,7.9,8.1,7.1,8.4,8.0,7.6,8.4
National Law School of India University,Karnataka,Law,151635.0,115000.0,8.8,9.1,8.6,9.3,8.1,9.1,8.8
M.S. Ramaiah College of Law,Karnataka,Law,990000.0000000001,800000.0,7.9,8.4,7.5,8.1,7.8,7.6,8.0
"CMR University, School of Legal Studies",Karnataka,Law,132000.0,140000.0,8.2,8.6,6.6,8.7,7.8,8.7,8.8
"SDM Law College Kodialbail, Mangalore",Karnataka,Law,31900.000000000004,96000.0,7.4,7.8,5.4,8.2,6.9,7.6,8.7
"KLE Society's Law College, Bangalore",Karnataka,Law,8250.0,90000.0,6.8,6.8,6.0,7.3,7.2,6.3,7.0
"Christ University, Bangalore",Karnataka,Law,143000.0,30000.0,8.3,8.5,7.4,8.2,8.9,8.1,8.8
"Alliance University, Bangalore",Karnataka,Law,165000.0,200000.0,8.0,8.2,7.2,8.2,8.8,7.6,8.0
PES University,Karnataka,Law,220000.00000000003,201050.0,8.0,8.5,7.7,8.1,8.1,8.1,7.6
NALSAR University of Law,Telangana,Law,792000.0000000001,20500.0,8.5,8.7,8.0,9.0,8.5,8.4,8.4
"ICFAI Law School, Hyderabad",Telangana,Law,143000.0,12000.0,8.4,8.5,8.0,8.7,8.5,8.1,8.4
ICFAI Foundation for Higher Education,Telangana,Law,286000.0,130000.0,8.2,8.3,7.5,8.1,8.6,7.8,8.9
"University college of Law, Osmania University, Hyderabad",Telangana,Law,3190.0000000000005,3000.0,7.8,8.0,8.0,9.0,7.0,7.0,8.0
"Sultan-Ul-Uloom College of Law, Hyderabad",Telangana,Law,33660.0,35100.0,8.3,9.0,6.0,9.0,8.0,8.7,9.0
Osmania University,Telangana,Law,10879.0,2900.0,7.9,8.3,7.5,8.0,8.0,7.7,7.9
Kakatiya University,Telangana,Law,5280.0,15220.0,7.2,7.4,6.8,7.6,7.2,6.8,7.4
"Pendekanti Law College, Hyderabad",Telangana,Law,88000.0,52000.0,7.7,8.5,6.5,8.2,7.8,7.2,7.9
"Telangana University, Nizamabad",Telangana,Law,27874.000000000004,13270.0,7.5,8.0,7.1,7.5,7.7,7.2,7.3
Symbiosis Law School Hyderabad,Telangana,Law,341000.0,150000.0,8.3,8.3,8.4,8.0,8.4,7.9,8.5
National Law Institute University,Madhya pradesh,Law,164450.0,189500.0,8.4,8.6,7.9,7.9,9.1,8.5,8.4
Rabindranath Tagore University,Madhya pradesh,Law,99000.00000000001,30000.0,7.7,8.0,7.4,7.8,8.6,6.4,7.8
"Rajeev Gandhi College, Bhopal",Madhya pradesh,Law,22000.0,30000.0,6.7,7.0,5.9,7.3,7.1,5.6,7.2
"Amity University, Gwalior",Madhya pradesh,Law,70400.0,90000.0,8.6,8.8,8.5,8.4,9.3,8.0,8.3
"Devi Ahilya Vishwavidyalaya, Indore",Madhya pradesh,Law,57860.00000000001,23500.0,7.5,8.0,6.5,7.8,7.5,7.0,7.9
Barkatullah University,Madhya pradesh,Law,23100.000000000004,5500.0,6.9,7.3,6.1,7.4,6.9,6.0,7.5
Atal Bihari Vajpayee Hindi Vishwavidyalaya,Madhya pradesh,Law,18975.0,36600.0,7.7,8.3,6.3,8.7,7.3,7.8,7.9
Awadhesh Pratap Singh University,Madhya pradesh,Law,17600.0,12000.0,7.1,7.9,6.5,8.1,7.2,5.3,7.3
Jagran Lakecity University,Madhya pradesh,Law,412500.00000000006,100000.0,8.0,8.0,7.9,7.8,8.6,7.4,8.1
"RKDF University, Bhopal",Madhya pradesh,Law,33000.0,55000.0,7.6,8.0,7.0,7.8,8.0,6.5,8.2
"SAGE University, Indore",Madhya pradesh,Law,49500.00000000001,60000.0,8.7,8.7,7.9,8.8,9.2,8.5,9.0
Sardar Patel University,Madhya pradesh,Law,56650.00000000001,66500.0,7.9,7.9,7.4,8.4,8.0,7.7,8.0
Oriental University,Madhya pradesh,Law,11000.0,241775.0,7.2,7.5,6.7,7.2,7.7,7.1,7.1
Shri Krishna University,Madhya pradesh,Law,73150.0,36000.0,8.1,8.1,7.4,8.3,8.5,8.0,8.0
"People's University, Bhopal",Madhya pradesh,Law,66000.0,100000.0,7.0,6.7,6.6,7.5,7.2,6.6,7.4
"Swami Vivekanand University, Sagar",Madhya pradesh,Law,31900.000000000004,22000.0,6.3,6.9,5.0,7.0,6.4,5.6,6.6
"Renaissance University, Indore",Madhya pradesh,Law,33000.0,50000.0,8.9,9.0,8.9,9.0,9.1,9.0,8.4
National University of Advanced Legal Studies,Kerala,Law,23100.000000000004,125000.0,7.4,7.3,6.0,8.2,6.3,8.3,8.1
"Government Law College, Thiruvananthapuram",Kerala,Law,7150.000000000001,9010.0,7.4,8.8,8.0,8.2,7.8,4.6,7.0
Cochin University of Science and Technology,Kerala,Law,8310.5,26815.0,7.9,8.4,7.5,7.8,7.8,7.7,8.1
Central University of Kerala,Kerala,Law,32252.000000000004,15040.0,7.9,9.0,8.1,8.8,8.0,5.8,7.5
Kannur University,Kerala,Law,17330.5,16155.0,6.1,6.3,5.5,6.9,6.7,5.0,5.9
Kerala University,Kerala,Law,33330.0,4720.0,6.3,7.5,4.8,7.2,6.6,5.1,6.3
"Mahatma Gandhi University, School of Indian Legal",Kerala,Law,22000.0,20000.0,6.4,8.0,2.0,8.0,7.0,6.0,7.5
"Government Law College, Kozhikode",Kerala,Law,22000.0,3000.0,7.9,7.8,7.9,8.5,7.3,7.0,8.6
Government Law College,Kerala,Law,297000.0,6110.0,6.6,7.9,5.2,7.3,6.7,5.9,6.8
National Law University,Rajasthan,Law,218900.00000000003,259000.0,8.4,8.8,8.1,7.5,8.6,8.8,8.5
"Amity University, Jaipur",Rajasthan,Law,68200.0,168000.0,8.0,7.8,7.6,7.8,8.9,7.4,8.7
"Banasthali Vidyapith, Jaipur",Rajasthan,Law,177650.0,161500.0,8.5,8.8,8.2,8.9,8.6,7.9,8.8
Madhav University,Rajasthan,Law,110000.00000000001,10000.0,7.8,7.9,7.5,8.2,7.9,7.3,7.8
Jai Narain Vyas University,Rajasthan,Law,792.0000000000001,1320.0,6.2,6.9,5.2,7.1,6.4,4.9,6.4
Mahatma Jyoti Rao Phoole University,Rajasthan,Law,110000.00000000001,32000.0,6.8,6.9,6.2,7.4,7.7,6.4,6.4
Career Point University,Rajasthan,Law,34100.0,132000.0,8.3,8.4,7.9,8.4,8.4,7.6,8.9
Mewar University,Rajasthan,Law,30800.000000000004,53000.0,8.0,7.9,7.1,8.1,8.8,7.3,8.6
University of Rajasthan,Rajasthan,Law,45815.00000000001,5440.0,7.6,8.1,7.1,8.1,7.9,6.5,7.8
"Vidyasthali Law College, Jaipur",Rajasthan,Law,78100.0,35000.0,8.4,9.0,8.0,8.2,9.0,8.0,8.4
"Singhania University, Jhunjhunu",Rajasthan,Law,73150.0,42000.0,7.1,7.1,6.7,7.1,7.1,7.0,7.3
"Kanoria PG Mahila Mahavidyalaya, Jaipur",Rajasthan,Law,11220.0,80000.0,7.7,8.0,7.9,7.8,8.3,5.8,8.2
Jaipur National University,Rajasthan,Law,45100.00000000001,117500.0,7.5,7.9,7.0,7.7,7.8,6.7,7.6
Manipal University,Rajasthan,Law,39600.0,67500.0,8.4,8.2,8.3,8.2,9.2,7.7,9.0
"Tantia University, Sriganganagar",Rajasthan,Law,82500.0,50000.0,8.6,8.8,8.4,9.3,8.8,7.1,9.1
JECRC University,Rajasthan,Law,33000.0,100000.0,8.1,8.1,7.4,8.2,8.2,8.1,8.7
SunRise University,Rajasthan,Law,46420.00000000001,67200.0,8.1,8.1,7.3,8.7,8.1,7.9,8.4
"OPJS University, Churu",Rajasthan,Law,90200.00000000001,31200.0,7.2,7.1,7.6,7.6,7.7,6.3,6.8
Jayoti Vidyapeeth Women's University,Rajasthan,Law,253000.00000000003,55000.0,7.6,7.7,8.4,7.9,7.7,6.4,7.4
"Apex University, Jaipur",Rajasthan,Law,99000.00000000001,50000.0,8.7,8.9,8.9,8.6,8.7,8.5,8.7
"Jagannath University, Jaipur",Rajasthan,Law,89100.0,85000.0,7.3,7.1,6.7,7.9,7.7,6.9,7.4
"Pacific University, Udaipur",Rajasthan,Law,160600.0,40000.0,7.7,7.8,7.3,8.1,7.8,7.2,8.0
Geeta Institute of Law,Haryana,Law,122320.00000000001,66600.0,9.0,9.3,8.4,9.1,9.1,9.0,8.8
"Maharishi Markandeshwar, Department of Law, Ambala",Haryana,Law,72050.0,65500.0,7.4,7.8,7.7,7.0,8.0,6.3,7.3
Panjab University,Haryana,Law,10428.0,86200.0,7.7,8.2,7.7,8.0,7.7,6.5,8.2
Maharshi Dayanand University,Haryana,Law,9900.0,5835.0,7.8,8.0,7.7,8.0,8.4,6.6,8.0
Chandigarh University,Haryana,Law,77000.0,120000.0,8.6,8.6,8.2,8.4,9.0,8.6,8.8
"University Institute of Legal Studies, Panjab University,",Haryana,Law,97564.50000000001,102685.0,7.7,8.6,7.0,8.4,7.4,6.5,8.3
Kurukshetra University,Haryana,Law,79420.0,8070.0,7.5,8.1,7.0,8.0,7.7,6.5,7.7
"SRM University Delhi NCR, Sonepat",Haryana,Law,207075.00000000003,172250.0,7.8,8.0,7.5,7.9,8.1,7.6,7.9
"Gurugram University, Gurgaon",Haryana,Law,22000.0,20000.0,8.2,8.6,7.4,8.4,8.6,8.0,8.1
"Amity University, Gurgaon",Haryana,Law,215600.00000000003,68000.0,7.7,7.8,7.1,7.6,8.6,7.1,8.1
O. P. Jindal Global University,Haryana,Law,132000.0,400000.0,8.3,8.4,8.2,8.3,8.8,7.5,8.7
"IILM University, Gurgaon",Haryana,Law,363000.00000000006,230000.0,8.4,8.2,7.4,8.5,8.6,8.6,8.8
"Starex University, Gurgaon",Haryana,Law,82500.0,75000.0,8.8,9.1,9.1,8.7,8.6,8.5,8.7
Modern Vidya Niketan,Haryana,Law,99000.00000000001,90000.0,7.0,7.2,6.4,7.7,7.0,6.8,6.8
"NIILM University, Kaithal",Haryana,Law,82500.0,75000.0,8.1,8.6,7.9,8.5,7.9,7.8,8.1
"Lingaya's Vidyapeeth, Faridabad",Haryana,Law,4400.0,90000.0,7.8,8.0,7.5,8.1,7.7,7.3,8.1
Manav Rachna University,Haryana,Law,143000.0,183000.0,7.8,7.6,7.5,7.7,8.8,7.3,7.9
"Sushant University / Ansal University, Gurgaon",Haryana,Law,201432.00000000003,213120.0,7.8,8.0,8.0,7.9,8.4,7.0,7.5
G D Goenka University,Haryana,Law,187000.00000000003,239000.0,8.2,7.7,8.3,8.3,8.9,7.6,8.4
Gujarat National Law University,Gujarat,Law,204600.00000000003,147000.0,8.5,8.6,8.0,8.7,9.3,8.1,8.1
"Institute of Law, Nirma University",Gujarat,Law,143000.0,297700.0,7.5,7.6,7.4,7.2,8.7,6.7,7.3
Nirma University,Gujarat,Law,106920.00000000001,130000.0,8.4,8.6,8.0,8.4,9.1,8.1,8.2
Maharaja Sayajirao University of Baroda,Gujarat,Law,9416.0,12260.0,7.9,8.3,7.0,8.4,8.0,7.2,8.4
Dr Babasaheb Ambedkar Open University,Gujarat,Law,1540.0000000000002,7500.0,7.7,8.5,5.5,8.5,8.0,7.5,8.1
"VT Choksi Sarvajanik Law College, Surat",Gujarat,Law,49500.00000000001,54789.0,5.8,8.0,8.0,6.0,7.0,1.0,5.0
Anand Law College,Gujarat,Law,101200.00000000001,62000.0,7.0,6.5,7.5,6.5,6.5,6.5,8.5
"Auro University, Surat",Gujarat,Law,143000.0,165000.0,8.3,8.2,8.5,8.6,8.7,7.2,8.6
"C. U. Shah University, Wadhwan",Gujarat,Law,39160.0,84500.0,7.7,7.6,7.0,8.2,7.8,7.4,7.9
Marwadi University,Gujarat,Law,55000.00000000001,125000.0,8.3,8.2,8.3,8.2,9.1,7.7,8.2
Gokul Global University,Gujarat,Law,52800.00000000001,25000.0,8.5,9.0,7.0,9.3,8.7,8.0,8.7
Rajiv Gandhi National University of Law,Punjab,Law,29700.000000000004,176000.0,7.7,7.6,7.3,7.2,9.4,6.3,8.2
Army Institute of Law,Punjab,Law,156384.80000000002,154739.0,7.8,7.5,8.5,7.0,7.7,7.6,8.7
Panjab University,Punjab,Law,10428.0,86200.0,7.7,8.2,7.7,8.0,7.7,6.5,8.2
Chandigarh University,Punjab,Law,77000.0,120000.0,8.6,8.6,8.2,8.4,9.0,8.6,8.8
"University Institute of Legal Studies, Panjab University,",Punjab,Law,97564.50000000001,102685.0,7.7,8.6,7.0,8.4,7.4,6.5,8.3
"RIMT University, Gobindgarh",Punjab,Law,93500.00000000001,104000.0,7.6,7.9,7.3,7.8,8.0,6.7,7.8
Sant Baba Bhag Singh University,Punjab,Law,90750.00000000001,53400.0,8.5,9.0,8.2,8.6,8.0,8.5,8.6
"Rayat Bahra University, Mohali",Punjab,Law,121000.00000000001,85000.0,7.7,7.8,7.4,8.0,7.7,7.4,7.6
Sri Guru Granth Sahib World University,Punjab,Law,70400.0,126000.0,8.8,8.6,9.0,9.0,9.1,8.4,8.7
"Rayat Bahra Hoshiarpur Campus, Hoshiarpur",Punjab,Law,88000.0,110000.0,8.9,9.2,8.5,9.2,8.3,8.8,9.1
"Rayat Bahra Patiala Campus, Patiala",Punjab,Law,88000.0,110000.0,6.0,6.3,7.8,6.0,6.0,4.0,6.0
"Guru Nanak Dev University Regional Campus, Gurdaspur",Punjab,Law,58635.50000000001,48785.0,6.3,6.9,6.6,6.0,6.3,6.0,5.8
Indian Institute of Technology,West bengal,Law,180290.00000000003,123900.0,8.5,8.8,7.2,8.2,8.9,8.8,9.0
The West Bengal National University of Juridical,West bengal,Law,39600.0,243600.0,8.5,8.6,8.2,8.7,6.8,9.2,9.4
"South Calcutta Law College, Kolkata",West bengal,Law,28512.000000000004,20000.0,7.2,8.4,6.0,8.0,7.9,5.4,7.7
"University of Calcutta, Kolkata",West bengal,Law,2028.4,3944.0,7.7,8.6,6.9,8.5,7.7,6.5,7.7
"Amity University, Kolkata",West bengal,Law,232100.00000000003,100000.0,8.2,8.1,7.7,8.4,8.8,7.4,8.5
"Adamas University, Kolkata",West bengal,Law,175010.0,171100.0,8.2,8.3,7.5,8.5,9.0,7.8,7.8
Jyotirmoy School of Law,West bengal,Law,71500.0,30000.0,8.9,9.0,9.0,9.0,8.5,8.6,9.2
Sister Nivedita University,West bengal,Law,112640.00000000001,109800.0,8.2,8.2,7.6,8.9,7.9,7.8,8.7
Seacom Skills University,West bengal,Law,66000.0,70000.0,7.5,8.4,6.4,8.9,7.4,6.7,7.3
"JIS University, Kolkata",West bengal,Law,130988.00000000001,142600.0,8.0,8.3,7.7,8.0,8.2,7.8,7.8
National Law University Odisha,Orissa,Law,152900.0,186000.0,8.8,9.0,8.8,8.8,8.5,8.8,8.8
KIIT School of Law,Orissa,Law,220000.00000000003,150000.0,7.6,7.7,7.2,7.7,8.4,6.5,8.1
Siksha 'O' Anusandhan University,Orissa,Law,121000.00000000001,110000.0,8.3,8.6,7.6,8.3,8.7,8.0,8.5
"University Law College, Bhubaneswar",Orissa,Law,49500.00000000001,24000.0,7.8,8.8,6.1,8.4,7.4,7.9,8.3
"Berhampur University, Berhampur",Orissa,Law,8416.1,11750.0,7.7,8.4,7.4,8.2,7.2,6.4,8.3
"Sambalpur University, Sambalpur",Orissa,Law,46750.00000000001,7583.0,7.2,7.9,7.4,7.8,7.5,5.5,7.0
"Utkal University, Bhubaneswar",Orissa,Law,10450.0,2135.0,7.5,7.9,7.1,7.8,7.4,6.6,7.9
IMS Unison University,Uttarakhand,Law,99770.00000000001,97838.0,8.2,8.2,8.0,8.5,8.5,7.5,8.2
"ICFAI University, Dehradun",Uttarakhand,Law,264000.0,600000.0,7.8,8.2,7.5,8.2,7.4,7.3,7.9
Law College Dehradun,Uttarakhand,Law,157861.0,112430.0,7.7,8.5,6.7,8.6,7.7,6.4,8.3
University of Petroleum and Energy Studies,Uttarakhand,Law,1813350.0000000002,208000.0,8.1,8.1,7.8,7.9,8.6,7.7,8.2
"Uttaranchal University, Dehradun",Uttarakhand,Law,170500.0,189200.0,7.5,7.8,6.8,7.7,8.6,6.5,7.5
Graphic Era Hill University,Uttarakhand,Law,150040.0,149600.0,8.1,7.9,7.8,8.1,8.4,7.7,8.4
Himgiri Zee University,Uttarakhand,Law,77000.0,60000.0,7.9,8.5,5.5,9.0,8.0,7.7,8.8
BFIT Group of Institutions,Uttarakhand,Law,66000.0,80000.0,7.5,7.7,7.1,7.7,7.6,7.1,8.0
"Jagran School of Law, Dehradun",Uttarakhand,Law,102850.00000000001,95000.0,8.1,7.5,8.5,8.0,8.5,7.5,8.5
Siddhartha Law College,Uttarakhand,Law,103510.00000000001,150500.0,8.2,8.8,8.0,8.0,8.5,8.0,8.0
"Hemwati Nandan Bahuguna Garhwal University, Garhwal",Uttarakhand,Law,10769.0,10640.0,7.4,7.7,6.9,7.7,8.1,6.0,7.9
Kumaun University,Uttarakhand,Law,19569.0,26998.0,6.5,7.2,5.8,7.7,6.7,4.3,7.3
"Kumaun University SSJ Campus, Almora",Uttarakhand,Law,19569.0,26998.0,6.1,6.9,5.9,6.8,7.3,3.4,6.0
Uttarakhand Open University,Uttarakhand,Law,6710.000000000001,1400.0,6.8,6.9,5.3,8.0,6.3,6.8,7.2
Indian Institute of Technology,Assam,Engineering,241285.00000000003,201800.0,8.6,8.6,8.2,8.1,9.1,8.4,8.9
National Institute of Technology,Assam,Engineering,162404.0,35240.0,8.1,8.1,7.6,7.7,8.3,8.2,8.7
Indian Institute of Information Technology,Assam,Engineering,247500.00000000003,200000.0,7.6,8.6,7.0,7.9,7.9,7.5,6.5
Central Institute of Technology,Assam,Engineering,122320.00000000001,67200.0,7.0,7.4,5.5,7.7,8.2,5.3,8.0
Assam Don Bosco University,Assam,Engineering,172700.0,149000.0,7.8,8.3,7.8,8.1,8.8,6.4,7.3
"Girijananda Chowdhury Institute of Management & Technology,",Assam,Engineering,158400.0,90000.0,7.3,8.0,6.2,8.3,6.7,6.4,8.0
Don Bosco College of Engineering and Technology,Assam,Engineering,172700.0,114000.0,8.5,9.3,7.7,9.0,9.3,7.3,8.3
"Tezpur University, School of Engineering Tezpur, Sonitpur",Assam,Engineering,51904.600000000006,38186.0,8.1,8.7,7.7,8.3,8.7,6.7,8.3
Royal Global University,Assam,Engineering,156200.0,75000.0,7.6,7.8,6.6,8.0,9.0,6.5,7.7
Royal School of Engineering and Technology,Assam,Engineering,156200.0,75000.0,6.2,5.8,7.3,5.8,7.5,4.0,6.8
"Dibrugarh University, Dibrugarh",Assam,Engineering,121143.00000000001,62380.0,7.8,7.9,7.7,8.0,8.4,6.5,8.2
Tezpur University,Assam,Engineering,64004.600000000006,42186.0,8.0,8.2,8.0,7.9,8.8,6.7,8.5
Gauhati University,Assam,Engineering,45045.0,27900.0,8.2,8.4,7.5,8.7,8.4,7.2,8.7
"Assam University, Silchar",Assam,Engineering,65312.50000000001,44375.0,7.5,7.8,6.5,8.0,7.6,6.6,8.4
Kaziranga University,Assam,Engineering,143550.0,90500.0,7.5,7.3,6.7,8.1,7.4,7.2,8.1
Indian Institute of Technology,Bihar,Engineering,245410.00000000003,43600.0,8.0,8.4,7.1,8.1,8.2,7.9,8.2
National Institute of Technology,Bihar,Engineering,182270.00000000003,109200.0,7.7,7.9,6.9,7.9,7.3,8.0,8.0
"Sandip University, Madhuban",Bihar,Engineering,176000.0,117600.0,8.4,8.2,9.0,8.6,7.6,8.2,8.5
Aryabhatta Knowledge University,Bihar,Engineering,46200.00000000001,42000.0,8.0,8.7,7.1,8.1,8.3,7.6,8.1
Birla Institute of Technology,Bihar,Engineering,324500.0,231000.0,7.2,7.3,8.0,6.5,7.4,6.7,7.2
Netaji Subhas Institute of Technology,Bihar,Engineering,119130.00000000001,67700.0,7.0,7.4,6.6,7.8,7.2,5.8,7.2
Nalanda College of Engineering,Bihar,Engineering,14212.000000000002,22230.0,8.1,8.3,8.1,8.2,8.2,7.5,8.0
Central Institute of Plastics Engineering and Technology,Bihar,Engineering,39325.0,42350.0,7.5,7.7,5.7,8.4,6.7,8.4,7.9
"Sityog Institute of Technology, Aurangabad",Bihar,Engineering,122100.00000000001,95600.0,7.3,8.0,7.6,7.5,7.4,6.2,7.0
"RP Sharma Institute of Technology, Patna",Bihar,Engineering,93500.00000000001,65000.0,6.8,7.9,6.6,7.7,7.3,5.1,6.1
National Institute of Technology,Chhattisgarh,Engineering,151800.0,83000.0,7.4,7.8,6.4,7.5,7.0,7.7,8.1
Indian Institute of Technology,Chhattisgarh,Engineering,258830.00000000003,233000.0,7.7,8.1,6.6,7.8,7.0,7.6,8.8
"Amity University, Raipur",Chhattisgarh,Engineering,118800.00000000001,94000.0,7.8,7.8,8.3,8.0,8.0,6.3,8.2
International Institute of Information Technology,Chhattisgarh,Engineering,198165.00000000003,150150.0,8.2,8.1,8.6,7.6,8.7,7.6,8.6
"ITM University, Raipur",Chhattisgarh,Engineering,132000.0,83000.0,7.4,8.0,6.4,7.0,8.3,7.2,7.6
Bhilai Institute of Technology,Chhattisgarh,Engineering,85525.0,72400.0,7.3,7.7,6.7,7.6,7.7,6.4,7.5
Bhilai Institute of Technology,Chhattisgarh,Engineering,36091.0,79214.0,7.5,8.4,6.4,8.3,7.5,6.9,7.3
OP Jindal University,Chhattisgarh,Engineering,144100.0,139000.0,8.9,9.1,8.3,9.0,9.5,8.4,9.0
Raipur Institute of Technology,Chhattisgarh,Engineering,300300.0,121000.0,8.0,8.6,7.4,7.5,8.5,8.0,7.7
Shri Shankaracharya Institute of Professional Management and,Chhattisgarh,Engineering,81268.0,56050.0,8.0,8.3,7.7,8.6,7.8,7.7,7.9
Chhatrapati Shivaji Institute of Technology,Chhattisgarh,Engineering,82500.0,67440.0,7.2,7.7,6.0,7.1,8.2,6.9,7.2
Shri Rawatpura Sarkar University,Chhattisgarh,Engineering,44660.0,50200.0,8.5,9.0,8.0,8.5,8.5,8.5,8.5
Columbia Institute of Engineering and Technology,Chhattisgarh,Engineering,65934.0,35312.0,8.1,8.7,7.3,8.3,8.0,8.7,7.7
Chouksey Engineering College,Chhattisgarh,Engineering,79453.0,69750.0,8.0,8.2,8.3,8.1,8.0,7.0,8.5
Christian College of Engineering and Technology,Chhattisgarh,Engineering,84590.0,66400.0,6.8,7.6,6.7,7.2,7.4,5.8,5.8
Chhattisgarh Engineering College,Chhattisgarh,Engineering,66000.0,30000.0,5.8,6.3,5.0,6.3,6.0,5.0,6.0
Rungta College of Engineering and Technology,Chhattisgarh,Engineering,83710.0,69750.0,7.7,8.2,7.3,7.7,8.2,8.2,6.7
RSR Rungta College of Engineering and Technology,Chhattisgarh,Engineering,82610.0,60000.0,7.5,7.7,7.5,7.2,7.5,7.3,7.6
Shri Shankaracharya Group of Institutions,Chhattisgarh,Engineering,311300.0,36525.0,7.6,7.7,7.2,7.5,7.9,7.0,8.1
Indian Institute of Technology,Jharkhand,Engineering,250250.00000000003,59400.0,8.3,8.6,7.8,7.8,8.5,8.3,8.6
Birla Institute of Technology,Jharkhand,Engineering,313500.0,244000.0,8.1,8.3,7.6,7.9,8.3,8.1,8.4
National Institute of Technology,Jharkhand,Engineering,206800.00000000003,103000.0,7.8,7.4,8.2,7.2,6.9,8.6,8.5
Birsa Institute of Technology,Jharkhand,Engineering,22398.2,21562.0,7.7,8.0,7.7,7.7,7.6,7.2,7.7
YBN University,Jharkhand,Engineering,76560.0,84500.0,8.2,8.5,7.5,8.5,8.0,8.3,8.4
Indian Institute of Information Technology,Jharkhand,Engineering,143000.0,90000.0,7.9,8.1,8.2,7.8,7.6,7.5,8.3
National Institute of Foundry & Forge Technology,Jharkhand,Engineering,52195.00000000001,49450.0,8.4,8.1,7.9,8.5,8.4,8.8,8.4
"Arka Jain University, Jamshedpur",Jharkhand,Engineering,102300.00000000001,53000.0,8.1,8.1,7.7,8.1,8.0,7.5,9.0
Jharkhand Rai University,Jharkhand,Engineering,93500.00000000001,95000.0,7.7,8.0,7.5,8.8,7.3,6.9,7.8
Netaji Subhas University,Jharkhand,Engineering,55000.00000000001,50000.0,9.0,9.5,9.4,8.7,9.2,8.5,8.7
Radha Govind University,Jharkhand,Engineering,66000.0,40000.0,8.6,8.9,8.0,8.7,8.9,8.4,8.5
Cambridge Institute of Technology,Jharkhand,Engineering,78375.0,107000.0,5.5,5.8,5.6,6.3,5.1,4.8,5.4
Sarala Birla University,Jharkhand,Engineering,144320.0,62200.0,8.5,8.6,8.3,8.4,8.8,8.4,8.2
RTC Institute of Technology,Jharkhand,Engineering,86680.0,62400.0,7.7,8.3,7.4,8.7,8.3,7.4,6.0
RVS College of Engineering and Technology,Jharkhand,Engineering,98340.00000000001,81000.0,7.7,8.1,6.5,8.1,8.3,7.5,7.8
"KK College of Engineering and Management, Dhanbad",Jharkhand,Engineering,98527.00000000001,61990.0,6.5,7.0,6.3,7.2,7.9,4.7,5.9
Indian Institute of Technology,Himachal pradesh,Engineering,235400.00000000003,216700.0,7.8,7.8,8.0,7.7,7.5,7.5,8.1
National Institute of Technology,Himachal pradesh,Engineering,160710.0,34050.0,8.2,7.9,8.1,7.7,9.0,7.8,8.5
Jaypee University of Information Technology,Himachal pradesh,Engineering,241450.00000000003,100000.0,7.9,8.0,8.4,7.0,8.7,7.9,7.6
Baddi University of Emerging Sciences and Technologies,Himachal pradesh,Engineering,149199.6,135125.0,7.1,6.7,6.9,7.2,7.3,7.0,7.7
Maharishi Markandeshwar,Himachal pradesh,Engineering,163350.0,113500.0,8.6,9.0,8.2,8.9,8.2,8.4,8.9
"Arni University, Kangra",Himachal pradesh,Engineering,115500.00000000001,85000.0,8.0,8.2,7.4,8.1,8.4,7.7,8.4
Bahra University,Himachal pradesh,Engineering,132165.0,80000.0,7.6,7.8,7.5,8.0,7.7,7.0,7.6
Eternal University,Himachal pradesh,Engineering,129800.00000000001,73000.0,7.5,7.4,7.1,7.8,8.2,7.1,7.4
IEC University Baddi,Himachal pradesh,Engineering,130460.00000000001,88600.0,7.6,7.5,7.5,7.4,7.7,8.0,7.5
Career Point University,Himachal pradesh,Engineering,115500.00000000001,83000.0,7.5,7.5,7.4,7.0,7.6,6.6,8.6
Sri Sai University,Himachal pradesh,Engineering,99000.00000000001,60000.0,7.4,7.3,6.3,8.2,7.7,6.8,8.0
"Green Hills Engineering College, Solan",Himachal pradesh,Engineering,88770.0,94700.0,6.0,6.7,4.8,6.3,7.2,4.4,6.6
Indus International University,Himachal pradesh,Engineering,132000.0,120000.0,6.8,8.0,7.0,7.0,6.0,7.0,6.0
Maharaja Agrasen University,Himachal pradesh,Engineering,130900.00000000001,115000.0,7.5,7.7,7.5,7.6,8.7,7.0,6.2
Himachal Institute of Engineering and Technology,Himachal pradesh,Engineering,80300.0,46000.0,7.5,8.7,6.2,7.8,7.4,6.6,8.0
"Himalayan Group of Professional Institutions, Sirmaur",Himachal pradesh,Engineering,92620.00000000001,90200.0,8.2,8.4,7.6,8.4,8.4,8.2,8.0
"Chitkara University, Solan",Himachal pradesh,Engineering,176000.0,120000.0,8.2,8.2,7.5,8.2,8.4,8.8,8.3
"Bells Institute of Management & Technology, Shimla",Himachal pradesh,Engineering,82170.0,96200.0,6.8,8.0,8.0,6.0,8.0,4.0,7.0
"Shiva Group of Institutions, Bilaspur",Himachal pradesh,Engineering,79420.0,41600.0,5.0,5.5,4.0,6.0,4.0,3.5,7.0
Shri Mata Vaishno Devi University,Jammu,Engineering,186725.00000000003,103750.0,7.6,7.5,7.9,7.0,8.3,6.7,8.3
National Institute of Technology,Jammu,Engineering,583000.0,160000.0,6.8,7.1,6.3,7.1,6.8,6.6,6.9
Indian Institute of Technology,Jammu,Engineering,110292.6,70500.0,8.3,8.9,8.8,8.0,7.8,7.6,8.6
Government College of Engineering and Technology,Jammu,Engineering,39413.0,61200.0,5.7,6.5,5.3,6.3,6.2,4.6,5.1
Islamic University of Science and Technology,Jammu,Engineering,72820.0,2840.0,7.4,8.4,6.9,8.2,8.0,5.5,7.2
Sher-e-Kashmir University of Agricultural Sciences and Technology,Jammu,Engineering,66000.0,30600.0,7.4,8.4,7.4,7.7,8.0,5.9,7.2
Baba Ghulam Shah Badshah University,Jammu,Engineering,274230.0,67500.0,7.2,7.9,7.6,7.4,7.1,5.9,7.1
Kashmir Government Polytechnic,Jammu,Engineering,2343.0,2130.0,7.5,9.5,6.5,8.5,8.5,7.0,5.0
Panjab University,Chandigarh,Engineering,105930.00000000001,27500.0,7.7,8.2,7.7,8.0,7.7,6.5,8.2
Punjab Engineering College University of Technology,Chandigarh,Engineering,106425.00000000001,93500.0,8.0,7.9,7.3,7.6,7.7,8.4,9.0
"University Institute of Engineering, Chandigarh University",Chandigarh,Engineering,176000.0,80000.0,8.4,8.6,7.9,8.1,8.7,8.7,8.3
National Institute of Technical Teachers Training and,Chandigarh,Engineering,49165.600000000006,24500.0,7.7,7.7,6.7,8.6,7.7,7.7,8.0
"University Institute of Engineering and Technology -[UIET],",Chandigarh,Engineering,90416.70000000001,16160.0,7.4,7.5,7.5,7.4,7.0,7.0,8.2
Dr. S. S. Bhatnagar University Institute of,Chandigarh,Engineering,433400.00000000006,30355.0,7.1,7.0,7.9,6.9,5.7,7.1,8.0
Swami Vivekanand Institute of Engineering & Technology,Chandigarh,Engineering,97856.00000000001,70000.0,7.6,8.3,6.9,7.4,8.1,7.4,7.2
Indo Swiss Training Centre,Chandigarh,Engineering,56100.00000000001,51000.0,8.6,8.3,8.5,9.2,8.8,8.5,8.0
Tezpur University,Assam,Management,33424.600000000006,39186.0,8.0,8.2,8.0,7.9,8.8,6.7,8.5
Royal Global University,Assam,Management,169400.0,210000.0,7.6,7.8,6.6,8.0,9.0,6.5,7.7
Assam Don Bosco University,Assam,Management,141900.0,219000.0,7.8,8.3,7.8,8.1,8.8,6.4,7.3
Assam Down Town University,Assam,Management,176000.0,90000.0,8.2,8.4,7.6,8.4,8.2,7.8,8.6
Assam Rajiv Gandhi University of Cooperative Management,Assam,Management,56100.00000000001,80500.0,8.4,9.0,7.5,9.0,8.5,8.0,8.5
Centre for Management Studies,Assam,Management,29213.800000000003,58708.0,8.1,7.8,8.8,7.5,7.0,7.8,9.5
National Institute of Technology,Assam,Management,144584.0,35240.0,8.1,8.1,7.6,7.7,8.3,8.2,8.7
"Dibrugarh University, Dibrugarh",Assam,Management,8118.000000000001,6000.0,7.8,7.9,7.7,8.0,8.4,6.5,8.2
NERIM Group of Institutions,Assam,Management,192720.00000000003,65200.0,7.1,7.7,6.1,7.5,7.8,6.9,6.6
"Girijananda Chowdhury Institute of Management & Technology,",Assam,Management,58300.00000000001,135000.0,7.3,8.0,6.2,8.3,6.7,6.4,8.0
Vaishali Institute of Business and Rural Management,Bihar,Management,28600.000000000004,75000.0,7.0,8.0,5.0,9.0,8.0,6.0,6.0
Lalit Narayan Mishra Institute of Economic Development,Bihar,Management,176000.0,160000.0,7.4,8.2,5.7,8.1,7.6,6.8,7.8
"Sandip University, Madhuban",Bihar,Management,143000.0,170000.0,8.4,8.2,9.0,8.6,7.6,8.2,8.5
"Amity University, Patna",Bihar,Management,162800.0,293000.0,7.8,8.5,7.2,7.8,7.7,7.8,7.9
Indian Institute of Management,Bihar,Management,559625.0,1200000.0,8.7,8.6,8.5,8.9,8.6,8.9,8.7
Gopal Narayan Singh University,Bihar,Management,132000.0,60000.0,8.5,8.6,8.6,8.2,8.9,8.1,8.4
Indian Institute of Business Management,Bihar,Management,66550.0,161667.0,5.8,7.0,4.7,6.0,5.7,6.3,5.3
"L. N. Mishra College of Business Management,",Bihar,Management,140800.0,207000.0,7.2,8.2,6.1,7.9,7.6,6.7,6.9
"Gaya College, Gaya",Bihar,Management,17600.0,100000.0,7.1,7.8,6.0,7.8,7.7,5.6,7.8
Anugrah Narayan College,Bihar,Management,33000.0,80000.0,6.8,7.5,5.4,7.5,7.7,5.5,7.4
Magadh University,Bihar,Management,176000.0,61200.0,6.0,7.1,5.0,6.9,6.4,4.7,5.8
Patna University,Bihar,Management,19800.0,9000.0,7.0,7.6,6.2,8.2,7.3,5.1,7.4
Birla Institute of Technology,Bihar,Management,82500.0,148000.0,7.2,7.3,8.0,6.5,7.4,6.7,7.2
Nalanda Open University,Bihar,Management,6050.000000000001,6600.0,7.3,9.0,5.8,8.3,7.2,5.4,7.8
Indian Institute of Management,Chhattisgarh,Management,800360.0000000001,403000.0,8.9,8.8,8.8,9.1,8.7,8.9,8.8
"ITM University, Raipur",Chhattisgarh,Management,300300.0,30000.0,7.4,8.0,6.4,7.0,8.3,7.2,7.6
"MATS University, Raipur",Chhattisgarh,Management,170500.0,115000.0,7.4,7.4,7.0,7.8,7.4,7.2,7.4
"Amity University, Raipur",Chhattisgarh,Management,255200.00000000003,64000.0,7.8,7.8,8.3,8.0,8.0,6.3,8.2
Dr. C.V. Raman University,Chhattisgarh,Management,27500.000000000004,30000.0,7.0,6.9,6.2,7.4,7.5,6.7,7.3
OP Jindal University,Chhattisgarh,Management,214500.00000000003,100000.0,8.9,9.1,8.3,9.0,9.5,8.4,9.0
MATS School of Management Studies and Research,Chhattisgarh,Management,66000.0,175000.0,8.0,8.4,7.3,7.7,8.1,8.3,8.0
Pt. Ravishankar Shukla University,Chhattisgarh,Management,18183.0,19050.0,6.1,7.0,4.8,6.8,6.8,4.1,6.8
"Kushabhau Thakre Patrakarita Avam Jansanchar Vishwavidyalaya, Raipur",Chhattisgarh,Management,22440.0,18700.0,7.0,7.3,7.0,7.0,7.0,6.3,7.3
"ICFAI University, Raipur",Chhattisgarh,Management,69300.0,130000.0,8.6,8.6,8.4,8.8,8.8,8.6,8.4
Shri Shankaracharya Institute of Professional Management and,Chhattisgarh,Management,35200.0,65310.0,8.0,8.3,7.7,8.6,7.8,7.7,7.9
Shri Rawatpura Sarkar University,Chhattisgarh,Management,36520.0,56200.0,8.5,9.0,8.0,8.5,8.5,8.5,8.5
Maharishi University of Management and Technology Bilaspur,Chhattisgarh,Management,15400.000000000002,45500.0,6.4,7.5,7.0,6.0,7.5,5.3,5.0
XLRI,Jharkhand,Management,2304500.0,950000.0,9.1,9.1,8.9,9.2,9.2,9.2,8.8
Indian Institute of Management,Jharkhand,Management,1683000.0000000002,650000.0,9.0,8.8,8.9,9.4,8.3,9.3,9.5
Birla Institute of Technology,Jharkhand,Management,322300.0,75000.0,8.1,8.3,7.6,7.9,8.3,8.1,8.4
Indian Institute of Technology,Jharkhand,Management,65340.00000000001,177500.0,8.3,8.6,7.8,7.8,8.5,8.3,8.6
YBN University,Jharkhand,Management,48950.00000000001,103000.0,8.2,8.5,7.5,8.5,8.0,8.3,8.4
"Sai Nath University, Ranchi",Jharkhand,Management,68200.0,48000.0,6.8,7.4,6.7,6.8,6.9,6.9,6.3
"Arka Jain University, Jamshedpur",Jharkhand,Management,217800.00000000003,68000.0,8.1,8.1,7.7,8.1,8.0,7.5,9.0
"Amity University, Ranchi",Jharkhand,Management,187000.00000000003,303000.0,7.8,8.2,7.5,8.5,7.2,7.0,8.2
Jharkhand Rai University,Jharkhand,Management,126500.00000000001,85000.0,7.7,8.0,7.5,8.8,7.3,6.9,7.8
Netaji Subhas University,Jharkhand,Management,297000.0,60000.0,9.0,9.5,9.4,8.7,9.2,8.5,8.7
Radha Govind University,Jharkhand,Management,44000.0,78000.0,8.6,8.9,8.0,8.7,8.9,8.4,8.5
Sarala Birla University,Jharkhand,Management,133320.0,189700.0,8.5,8.6,8.3,8.4,8.8,8.4,8.2
"Institute of Management Studies, Ranchi University",Jharkhand,Management,44000.0,60000.0,8.1,8.6,6.8,8.6,7.8,8.0,8.8
"ICFAI University, Ranchi",Jharkhand,Management,88000.0,135000.0,7.2,7.8,6.1,8.6,6.4,6.7,7.4
"Ranchi University, Ranchi",Jharkhand,Management,3135.0000000000005,30000.0,7.5,7.9,6.8,8.0,8.3,6.2,7.8
St. Xavier's College,Jharkhand,Management,72820.0,125000.0,8.0,8.5,7.5,8.3,8.4,6.9,8.2
Central University of Jharkhand,Jharkhand,Management,31504.000000000004,23720.0,7.5,8.3,7.5,8.5,7.2,5.3,8.1
"Faculty of Management Sciences and Liberal Arts,",Himachal pradesh,Management,104011.6,256540.0,8.9,8.4,8.3,9.3,8.9,9.0,9.5
Indian Institute of Management,Himachal pradesh,Management,1292500.0,2000.0,8.7,8.5,8.6,8.8,8.8,8.8,8.8
Baddi University of Emerging Sciences and Technologies,Himachal pradesh,Management,190300.00000000003,74123.0,7.1,6.7,6.9,7.2,7.3,7.0,7.7
Maharishi Markandeshwar,Himachal pradesh,Management,83600.0,200000.0,8.6,9.0,8.2,8.9,8.2,8.4,8.9
"Arni University, Kangra",Himachal pradesh,Management,115500.00000000001,45000.0,8.0,8.2,7.4,8.1,8.4,7.7,8.4
Bahra University,Himachal pradesh,Management,126610.00000000001,80000.0,7.6,7.8,7.5,8.0,7.7,7.0,7.6
Eternal University,Himachal pradesh,Management,80300.0,45000.0,7.5,7.4,7.1,7.8,8.2,7.1,7.4
Abhilashi University,Himachal pradesh,Management,33000.0,80000.0,8.4,8.9,8.3,8.4,8.6,8.1,8.1
IEC University Baddi,Himachal pradesh,Management,97460.00000000001,43600.0,7.6,7.5,7.5,7.4,7.7,8.0,7.5
Career Point University,Himachal pradesh,Management,44000.0,50000.0,7.5,7.5,7.4,7.0,7.6,6.6,8.6
Sri Sai University,Himachal pradesh,Management,55000.00000000001,90000.0,7.4,7.3,6.3,8.2,7.7,6.8,8.0
Himachal Pradesh University Business School,Himachal pradesh,Management,7810.000000000001,39600.0,8.1,8.4,7.7,8.3,8.0,8.1,8.1
National Institute of Technology,Himachal pradesh,Management,37455.0,94100.0,8.2,7.9,8.1,7.7,9.0,7.8,8.5
Indus International University,Himachal pradesh,Management,91300.00000000001,120000.0,6.8,8.0,7.0,7.0,6.0,7.0,6.0
Maharaja Agrasen University,Himachal pradesh,Management,62700.00000000001,103000.0,7.5,7.7,7.5,7.6,8.7,7.0,6.2
"ICFAI University, Baddi",Himachal pradesh,Management,39380.0,85000.0,8.0,9.0,7.0,8.0,8.0,8.0,8.0
"Himalayan Group of Professional Institutions, Sirmaur",Himachal pradesh,Management,59950.00000000001,87200.0,8.2,8.4,7.6,8.4,8.4,8.2,8.0
Manav Bharti University,Himachal pradesh,Management,55000.00000000001,70000.0,6.2,5.3,4.7,6.7,7.0,6.3,7.0
"Chitkara University, Solan",Himachal pradesh,Management,110000.00000000001,110000.0,8.2,8.2,7.5,8.2,8.4,8.8,8.3
Model Institute of Engineering and Technology,Jammu,Management,64350.00000000001,78080.0,7.7,8.1,6.8,8.1,8.0,7.2,8.0
Indian Institute of Management,Jammu,Management,731500.0000000001,450000.0,9.0,8.7,8.7,9.2,8.8,8.7,9.6
Shri Mata Vaishno Devi University,Jammu,Management,102025.00000000001,97750.0,7.6,7.5,7.9,7.0,8.3,6.7,8.3
Islamic University of Science and Technology,Jammu,Management,105820.00000000001,255000.0,7.4,8.4,6.9,8.2,8.0,5.5,7.2
"Government College for Women, Srinagar",Jammu,Management,7515.200000000001,10000.0,6.8,7.0,7.0,7.0,8.0,3.5,8.5
Baba Ghulam Shah Badshah University,Jammu,Management,267080.0,67500.0,7.2,7.9,7.6,7.4,7.1,5.9,7.1
"Central University of Jammu, Jammu",Jammu,Management,12886.500000000002,26050.0,8.2,8.4,7.8,8.5,8.6,7.3,8.5
University of Kashmir,Jammu,Management,6655.000000000001,30000.0,6.7,7.0,6.9,7.1,7.2,5.1,6.8
"Islamia College of Science and Commerce, Srinagar",Jammu,Management,18150.0,8470.0,7.3,8.1,7.2,7.8,7.7,5.7,7.5
"University School of Business, Chandigarh University",Chandigarh,Management,115500.00000000001,195000.0,9.1,9.1,8.8,9.1,9.2,9.3,8.9
LM Thapar School of Management,Chandigarh,Management,457446.00000000006,480000.0,7.9,7.7,8.1,8.0,7.9,7.7,7.8
Amity Global Business School,Chandigarh,Management,145200.0,310000.0,8.2,8.7,7.6,8.2,8.1,7.9,8.5
DAV College,Chandigarh,Management,40228.100000000006,24500.0,8.0,8.4,7.4,8.3,8.0,6.8,8.8
Institute of Technology and Future Management Trends,Chandigarh,Management,100155.00000000001,127450.0,7.0,6.8,7.3,6.6,7.0,6.6,7.4
"UEI Global, Chandigarh",Chandigarh,Management,121000.00000000001,301550.0,8.3,8.2,8.3,8.3,8.5,8.5,8.2
"University School of Open Learning, Panjab University",Chandigarh,Management,36443.0,11000.0,7.8,8.6,6.5,8.6,7.9,7.2,8.2
Indian Institute of Technology,Assam,Science,33385.0,18150.0,8.6,8.6,8.2,8.1,9.1,8.4,8.9
National Institute of Technology,Assam,Science,40634.0,35240.0,8.1,8.1,7.6,7.7,8.3,8.2,8.7
"Dibrugarh University, Dibrugarh",Assam,Science,10516.0,52380.0,7.8,7.9,7.7,8.0,8.4,6.5,8.2
Tezpur University,Assam,Science,41344.600000000006,33986.0,8.0,8.2,8.0,7.9,8.8,6.7,8.5
Royal Global University,Assam,Science,77000.0,67000.0,7.6,7.8,6.6,8.0,9.0,6.5,7.7
Arya Vidyapeeth College,Assam,Science,7007.000000000001,40000.0,7.1,7.7,6.5,8.7,7.0,5.0,7.4
"B. Borooah College, Guwahati",Assam,Science,7876.000000000001,15000.0,7.6,8.2,7.3,8.6,7.5,5.8,8.2
Assam Don Bosco University,Assam,Science,125400.00000000001,149000.0,7.8,8.3,7.8,8.1,8.8,6.4,7.3
Assam Down Town University,Assam,Science,110000.00000000001,100000.0,8.2,8.4,7.6,8.4,8.2,7.8,8.6
Assam Agricultural University,Assam,Science,22231.0,13150.0,8.1,8.3,7.6,8.3,8.5,7.6,8.2
"Pragjyotish College, Guwahati",Assam,Science,15653.000000000002,40000.0,6.5,7.3,5.8,7.6,7.3,4.3,6.9
Indian Institute of Technology,Bihar,Science,36960.0,23168.0,8.0,8.4,7.1,8.1,8.2,7.9,8.2
"Dr. Rajendra Prasad Central Agricultural University, Samastipur",Bihar,Science,32010.000000000004,29100.0,7.1,7.5,7.1,7.6,7.6,6.3,6.4
Indira Gandhi Institute of Medical Sciences,Bihar,Science,52800.00000000001,20000.0,8.7,8.8,8.6,8.3,8.7,9.3,8.3
"Gaya College, Gaya",Bihar,Science,1754.5000000000002,100000.0,7.1,7.8,6.0,7.8,7.7,5.6,7.8
"Magadh Mahila College, Patna",Bihar,Science,7729.700000000001,7850.0,7.8,8.5,7.3,9.0,8.0,6.1,7.8
National Institute of Technology,Bihar,Science,182270.00000000003,56300.0,7.7,7.9,6.9,7.9,7.3,8.0,8.0
Tilka Manjhi Bhagalpur University,Bihar,Science,4235.0,20300.0,7.5,7.7,6.8,8.1,7.6,6.4,8.1
Bihar Agricultural University,Bihar,Science,14520.000000000002,12970.0,8.3,8.5,7.8,8.6,8.4,8.2,8.4
Patna University,Bihar,Science,3792.8,6620.0,7.0,7.6,6.2,8.2,7.3,5.1,7.4
Gopal Narayan Singh University,Bihar,Science,70400.0,64000.0,8.5,8.6,8.6,8.2,8.9,8.1,8.4
Nalanda Open University,Bihar,Science,4840.0,2400.0,7.3,9.0,5.8,8.3,7.2,5.4,7.8
Dr. C.V. Raman University,Chhattisgarh,Science,17600.0,10000.0,7.0,6.9,6.2,7.4,7.5,6.7,7.3
Indira Gandhi Krishi Vishwavidyalaya,Chhattisgarh,Science,16135.900000000001,22165.0,7.5,7.6,7.3,8.3,7.1,6.8,7.6
Pt. Ravishankar Shukla University,Chhattisgarh,Science,5373.5,26330.0,6.1,7.0,4.8,6.8,6.8,4.1,6.8
"Kushabhau Thakre Patrakarita Avam Jansanchar Vishwavidyalaya, Raipur",Chhattisgarh,Science,23193.500000000004,20400.0,7.0,7.3,7.0,7.0,7.0,6.3,7.3
"MATS University, Raipur",Chhattisgarh,Science,27500.000000000004,25000.0,7.4,7.4,7.0,7.8,7.4,7.2,7.4
Indian Institute of Technology,Chhattisgarh,Science,49830.00000000001,40300.0,7.7,8.1,6.6,7.8,7.0,7.6,8.8
"Amity University, Raipur",Chhattisgarh,Science,39600.0,76000.0,7.8,7.8,8.3,8.0,8.0,6.3,8.2
"ITM University, Raipur",Chhattisgarh,Science,46200.00000000001,53000.0,7.4,8.0,6.4,7.0,8.3,7.2,7.6
OP Jindal University,Chhattisgarh,Science,44000.0,57000.0,8.9,9.1,8.3,9.0,9.5,8.4,9.0
Shri Shankaracharya Institute of Professional Management and,Chhattisgarh,Science,32450.000000000004,50312.0,8.0,8.3,7.7,8.6,7.8,7.7,7.9
Shri Rawatpura Sarkar University,Chhattisgarh,Science,36520.0,37200.0,8.5,9.0,8.0,8.5,8.5,8.5,8.5
Maharishi University of Management and Technology Bilaspur,Chhattisgarh,Science,9900.0,15500.0,6.4,7.5,7.0,6.0,7.5,5.3,5.0
"Rungta Group of Institutions Bhilai Campus, Bhilai",Chhattisgarh,Science,13200.000000000002,28000.0,8.6,9.1,8.7,7.9,9.2,9.1,7.6
Rungta College of Science and Technology,Chhattisgarh,Science,16500.0,25000.0,7.8,7.6,7.6,7.8,8.2,7.6,7.7
Indian Institute of Technology,Jharkhand,Science,47850.00000000001,47400.0,8.3,8.6,7.8,7.8,8.5,8.3,8.6
Birla Institute of Technology,Jharkhand,Science,147400.0,140000.0,8.1,8.3,7.6,7.9,8.3,8.1,8.4
National Institute of Technology,Jharkhand,Science,52800.00000000001,48000.0,7.8,7.4,8.2,7.2,6.9,8.6,8.5
"Ranchi University, Ranchi",Jharkhand,Science,3135.0000000000005,30000.0,7.5,7.9,6.8,8.0,8.3,6.2,7.8
St. Xavier's College,Jharkhand,Science,29920.000000000004,37000.0,8.0,8.5,7.5,8.3,8.4,6.9,8.2
Central University of Jharkhand,Jharkhand,Science,33132.0,27720.0,7.5,8.3,7.5,8.5,7.2,5.3,8.1
YBN University,Jharkhand,Science,26950.000000000004,20600.0,8.2,8.5,7.5,8.5,8.0,8.3,8.4
"Ranchi Women's College, Ranchi",Jharkhand,Science,2585.0,2850.0,7.4,8.0,7.0,8.1,7.1,6.9,7.5
Netaji Subhas University,Jharkhand,Science,55000.00000000001,40000.0,9.0,9.5,9.4,8.7,9.2,8.5,8.7
Radha Govind University,Jharkhand,Science,7700.000000000001,11000.0,8.6,8.9,8.0,8.7,8.9,8.4,8.5
Sarala Birla University,Jharkhand,Science,52580.00000000001,97000.0,8.5,8.6,8.3,8.4,8.8,8.4,8.2
"Marwari College, Ranchi",Jharkhand,Science,4438.5,40750.0,6.9,8.1,5.2,7.9,6.8,6.9,6.7
National Institute of Technology,Himachal pradesh,Science,43010.0,34050.0,8.2,7.9,8.1,7.7,9.0,7.8,8.5
"Faculty of Management Sciences and Liberal Arts,",Himachal pradesh,Science,122210.00000000001,151500.0,8.9,8.4,8.3,9.3,8.9,9.0,9.5
"St Bede's College, Shimla",Himachal pradesh,Science,70235.0,70350.0,7.9,8.3,8.3,7.7,8.5,7.1,7.6
Indus International University,Himachal pradesh,Science,59400.00000000001,62000.0,6.8,8.0,7.0,7.0,6.0,7.0,6.0
Jaypee University of Information Technology,Himachal pradesh,Science,77000.0,50000.0,7.9,8.0,8.4,7.0,8.7,7.9,7.6
Dr YS Parmar University of Horticulture and,Himachal pradesh,Science,67540.0,75800.0,7.9,8.6,8.5,8.4,8.1,5.3,8.2
Chaudhary Sarwan Kumar Himachal Pradesh Krishi Vishvavidyalaya,Himachal pradesh,Science,33594.0,42918.0,8.7,9.2,8.4,8.7,8.8,8.4,8.7
"Shoolini University, Solan",Himachal pradesh,Science,166650.0,89486.0,8.3,8.4,7.6,8.4,8.6,8.3,8.7
Maharishi Markandeshwar,Himachal pradesh,Science,58850.00000000001,58500.0,8.6,9.0,8.2,8.9,8.2,8.4,8.9
Eternal University,Himachal pradesh,Science,71500.0,60000.0,7.5,7.4,7.1,7.8,8.2,7.1,7.4
Abhilashi University,Himachal pradesh,Science,132000.0,60000.0,8.4,8.9,8.3,8.4,8.6,8.1,8.1
Baddi University of Emerging Sciences and Technologies,Himachal pradesh,Science,92645.3,74123.0,7.1,6.7,6.9,7.2,7.3,7.0,7.7
IEC University Baddi,Himachal pradesh,Science,58960.00000000001,53600.0,7.6,7.5,7.5,7.4,7.7,8.0,7.5
Career Point University,Himachal pradesh,Science,66000.0,37000.0,7.5,7.5,7.4,7.0,7.6,6.6,8.6
Sri Sai University,Himachal pradesh,Science,55000.00000000001,45000.0,7.4,7.3,6.3,8.2,7.7,6.8,8.0
"Arni University, Kangra",Himachal pradesh,Science,27500.000000000004,60000.0,8.0,8.2,7.4,8.1,8.4,7.7,8.4
Bahra University,Himachal pradesh,Science,59950.00000000001,80000.0,7.6,7.8,7.5,8.0,7.7,7.0,7.6
Maharaja Agrasen University,Himachal pradesh,Science,44000.0,52000.0,7.5,7.7,7.5,7.6,8.7,7.0,6.2
"ICFAI University, Baddi",Himachal pradesh,Science,35750.0,35000.0,8.0,9.0,7.0,8.0,8.0,8.0,8.0
Shri Mata Vaishno Devi University,Jammu,Science,102025.00000000001,92750.0,7.6,7.5,7.9,7.0,8.3,6.7,8.3
Sher-e-Kashmir University of Agricultural Sciences and Technology,Jammu,Science,34540.0,30600.0,7.4,8.4,7.4,7.7,8.0,5.9,7.2
Islamic University of Science and Technology,Jammu,Science,72820.0,36200.0,7.4,8.4,6.9,8.2,8.0,5.5,7.2
Baba Ghulam Shah Badshah University,Jammu,Science,230725.00000000003,67500.0,7.2,7.9,7.6,7.4,7.1,5.9,7.1
"Central University of Jammu, Jammu",Jammu,Science,12886.500000000002,11715.0,8.2,8.4,7.8,8.5,8.6,7.3,8.5
Central University of Kashmir,Jammu,Science,18590.0,30000.0,7.8,8.2,7.8,8.4,7.2,7.4,7.6
University of Kashmir,Jammu,Science,30580.000000000004,30000.0,6.7,7.0,6.9,7.1,7.2,5.1,6.8
Mehr Chand Mahajan Dayanand Anglo Vedic College,Chandigarh,Science,40920.0,22900.0,8.2,8.4,8.0,8.5,8.2,7.6,8.4
"Post Graduate Government College, Chandigarh",Chandigarh,Science,29249.000000000004,53760.0,7.7,8.4,7.3,8.4,7.4,6.5,7.9
"Government Home Science College, Chandigarh",Chandigarh,Science,95766.00000000001,55530.0,9.1,8.7,9.3,9.3,8.7,8.7,9.7
Post Graduate Institute of Medical Education &,Chandigarh,Science,8052.000000000001,3470.0,8.0,8.3,6.8,8.8,8.2,8.0,8.0
Panjab University,Chandigarh,Science,13970.000000000002,12000.0,7.7,8.2,7.7,8.0,7.7,6.5,8.2
Government Medical College and Hospital,Chandigarh,Science,10450.0,26054.0,7.9,8.7,7.0,8.5,8.2,6.9,8.3
DAV College,Chandigarh,Science,31971.500000000004,58910.0,8.0,8.4,7.4,8.3,8.0,6.8,8.8
"Morph Academy, Chandigarh",Chandigarh,Science,77000.0,80000.0,8.3,9.0,6.0,9.0,8.5,8.5,9.0
"Post Graduate Government College for Girls, Chandigarh",Chandigarh,Science,23705.000000000004,27400.0,8.1,8.6,8.4,8.9,8.2,6.1,8.5
Shivalik Institute of Paramedical Technology,Chandigarh,Science,88000.0,60000.0,7.7,8.5,7.3,7.8,7.3,7.3,7.8
"Dibrugarh University, Dibrugarh",Assam,Commerce,6600.000000000001,4880.0,7.8,7.9,7.7,8.0,8.4,6.5,8.2
Tezpur University,Assam,Commerce,33204.600000000006,30186.0,8.0,8.2,8.0,7.9,8.8,6.7,8.5
Royal Global University,Assam,Commerce,132000.0,67000.0,7.6,7.8,6.6,8.0,9.0,6.5,7.7
Arya Vidyapeeth College,Assam,Commerce,6930.000000000001,2500.0,7.1,7.7,6.5,8.7,7.0,5.0,7.4
Assam Don Bosco University,Assam,Commerce,102300.00000000001,94000.0,7.8,8.3,7.8,8.1,8.8,6.4,7.3
NERIM Group of Institutions,Assam,Commerce,71720.0,55200.0,7.1,7.7,6.1,7.5,7.8,6.9,6.6
"Bikali College, Goalpara",Assam,Commerce,5219.5,1500.0,7.6,8.5,7.5,8.5,8.0,7.0,6.0
"Gaya College, Gaya",Bihar,Commerce,1529.0000000000002,2660.0,7.1,7.8,6.0,7.8,7.7,5.6,7.8
Patna University,Bihar,Commerce,9900.0,8000.0,7.0,7.6,6.2,8.2,7.3,5.1,7.4
Gopal Narayan Singh University,Bihar,Commerce,17600.0,20000.0,8.5,8.6,8.6,8.2,8.9,8.1,8.4
Nalanda Open University,Bihar,Commerce,2640.0,4400.0,7.3,9.0,5.8,8.3,7.2,5.4,7.8
"H.D. Jain College, Arrah",Bihar,Commerce,1980.0000000000002,2700.0,7.0,8.1,5.7,7.7,6.7,6.4,7.1
"M.V. College, Buxar",Bihar,Commerce,1650.0000000000002,3000.0,6.5,6.3,4.8,7.9,6.8,5.5,7.7
"MATS University, Raipur",Chhattisgarh,Commerce,82500.0,75000.0,7.4,7.4,7.0,7.8,7.4,7.2,7.4
"Amity University, Raipur",Chhattisgarh,Commerce,59400.00000000001,50000.0,7.8,7.8,8.3,8.0,8.0,6.3,8.2
Shri Rawatpura Sarkar University,Chhattisgarh,Commerce,26620.000000000004,31200.0,8.5,9.0,8.0,8.5,8.5,8.5,8.5
Maharishi University of Management and Technology Bilaspur,Chhattisgarh,Commerce,12100.000000000002,14000.0,6.4,7.5,7.0,6.0,7.5,5.3,5.0
"Bhilai Mahila Mahavidyalaya, Durg",Chhattisgarh,Commerce,16500.0,17000.0,6.6,6.7,5.3,7.3,7.0,5.5,7.5
"Ranchi University, Ranchi",Jharkhand,Commerce,3135.0000000000005,2350.0,7.5,7.9,6.8,8.0,8.3,6.2,7.8
St. Xavier's College,Jharkhand,Commerce,54010.00000000001,32300.0,8.0,8.5,7.5,8.3,8.4,6.9,8.2
YBN University,Jharkhand,Commerce,113300.00000000001,17600.0,8.2,8.5,7.5,8.5,8.0,8.3,8.4
"Ranchi Women's College, Ranchi",Jharkhand,Commerce,2585.0,2850.0,7.4,8.0,7.0,8.1,7.1,6.9,7.5
Netaji Subhas University,Jharkhand,Commerce,44000.0,50000.0,9.0,9.5,9.4,8.7,9.2,8.5,8.7
"Sai Nath University, Ranchi",Jharkhand,Commerce,5500.0,10000.0,6.8,7.4,6.7,6.8,6.9,6.9,6.3
Radha Govind University,Jharkhand,Commerce,6600.000000000001,9000.0,8.6,8.9,8.0,8.7,8.9,8.4,8.5
"Arka Jain University, Jamshedpur",Jharkhand,Commerce,330000.0,58000.0,8.1,8.1,7.7,8.1,8.0,7.5,9.0
Usha Martin University,Jharkhand,Commerce,116600.00000000001,36000.0,7.6,8.5,6.5,8.8,6.8,7.9,7.1
Doranda College,Jharkhand,Commerce,819.5000000000001,2134.0,6.3,6.8,5.3,7.3,6.7,5.0,6.5
Sarala Birla University,Jharkhand,Commerce,51480.00000000001,42200.0,8.5,8.6,8.3,8.4,8.8,8.4,8.2
"Marwari College, Ranchi",Jharkhand,Commerce,2894.1000000000004,4060.0,6.9,8.1,5.2,7.9,6.8,6.9,6.7
"Jamshedpur Women's College, Jamshedpur",Jharkhand,Commerce,4565.0,2240.0,7.4,7.8,7.4,7.6,7.3,7.2,6.9
Karim City College,Jharkhand,Commerce,30250.000000000004,3060.0,7.4,7.9,6.4,8.4,7.6,6.1,8.1
"PK Roy Memorial College, Dhanbad",Jharkhand,Commerce,3104.2000000000003,960.0,6.4,7.1,5.4,7.1,6.8,5.2,6.6
"St Bede's College, Shimla",Himachal pradesh,Commerce,38995.0,34450.0,7.9,8.3,8.3,7.7,8.5,7.1,7.6
Career Point University,Himachal pradesh,Commerce,33000.0,40000.0,7.5,7.5,7.4,7.0,7.6,6.6,8.6
Sri Sai University,Himachal pradesh,Commerce,44000.0,45000.0,7.4,7.3,6.3,8.2,7.7,6.8,8.0
"Arni University, Kangra",Himachal pradesh,Commerce,220000.00000000003,30000.0,8.0,8.2,7.4,8.1,8.4,7.7,8.4
Maharaja Agrasen University,Himachal pradesh,Commerce,61600.00000000001,65000.0,7.5,7.7,7.5,7.6,8.7,7.0,6.2
"ICFAI University, Baddi",Himachal pradesh,Commerce,34540.0,45000.0,8.0,9.0,7.0,8.0,8.0,8.0,8.0
Manav Bharti University,Himachal pradesh,Commerce,33000.0,50000.0,6.2,5.3,4.7,6.7,7.0,6.3,7.0
University of Kashmir,Jammu,Commerce,19800.0,9350.0,6.7,7.0,6.9,7.1,7.2,5.1,6.8
"Islamia College of Science and Commerce, Srinagar",Jammu,Commerce,7128.000000000001,14780.0,7.3,8.1,7.2,7.8,7.7,5.7,7.5
"Directorate of Distance Education, University of Jammu,",Jammu,Commerce,7045.500000000001,7290.0,7.4,8.0,6.6,8.4,7.6,6.4,7.6
Mehr Chand Mahajan Dayanand Anglo Vedic College,Chandigarh,Commerce,26323.000000000004,24940.0,8.2,8.4,8.0,8.5,8.2,7.6,8.4
Panjab University,Chandigarh,Commerce,9251.0,9975.0,7.7,8.2,7.7,8.0,7.7,6.5,8.2
"University School of Business, Chandigarh University",Chandigarh,Commerce,115500.00000000001,60000.0,9.1,9.1,8.8,9.1,9.2,9.3,8.9
DAV College,Chandigarh,Commerce,24183.500000000004,21970.0,8.0,8.4,7.4,8.3,8.0,6.8,8.8
"Post Graduate Government College, Chandigarh",Chandigarh,Commerce,22121.0,21200.0,7.7,8.4,7.3,8.4,7.4,6.5,7.9
"Post Graduate Government College for Girls, Chandigarh",Chandigarh,Commerce,22121.0,21200.0,8.1,8.6,8.4,8.9,8.2,6.1,8.5
"Guru Gobind Singh College for Women, Chandigarh",Chandigarh,Commerce,41974.9,51444.0,6.5,7.5,5.5,8.3,6.0,3.7,8.0
"Dev Samaj College for Women, Chandigarh",Chandigarh,Commerce,26664.000000000004,24760.0,8.3,8.3,8.7,9.4,8.3,6.5,8.4
Sri Guru Gobind Singh College,Chandigarh,Commerce,27219.500000000004,21970.0,7.9,8.3,7.5,8.6,7.5,6.8,8.4
"PG Government College for Girls, Chandigarh",Chandigarh,Commerce,24183.500000000004,21970.0,8.1,7.7,7.4,8.9,8.3,8.2,8.0
"University School of Open Learning, Panjab University",Chandigarh,Commerce,17259.0,16775.0,7.8,8.6,6.5,8.6,7.9,7.2,8.2
Arya Vidyapeeth College,Assam,Arts,5775.000000000001,7000.0,7.1,7.7,6.5,8.7,7.0,5.0,7.4
"Pragjyotish College, Guwahati",Assam,Arts,26400.000000000004,12270.0,6.5,7.3,5.8,7.6,7.3,4.3,6.9
Indian Institute of Technology,Assam,Arts,19965.0,30350.0,8.6,8.6,8.2,8.1,9.1,8.4,8.9
"Dibrugarh University, Dibrugarh",Assam,Arts,22858.000000000004,6000.0,7.8,7.9,7.7,8.0,8.4,6.5,8.2
Tezpur University,Assam,Arts,55204.600000000006,39186.0,8.0,8.2,8.0,7.9,8.8,6.7,8.5
Royal Global University,Assam,Arts,72600.0,66000.0,7.6,7.8,6.6,8.0,9.0,6.5,7.7
Assam Don Bosco University,Assam,Arts,102300.00000000001,94000.0,7.8,8.3,7.8,8.1,8.8,6.4,7.3
Gauhati University,Assam,Arts,15499.000000000002,11090.0,8.2,8.4,7.5,8.7,8.4,7.2,8.7
Assam Down Town University,Assam,Arts,99000.00000000001,60000.0,8.2,8.4,7.6,8.4,8.2,7.8,8.6
NERIM Group of Institutions,Assam,Arts,71720.0,65200.0,7.1,7.7,6.1,7.5,7.8,6.9,6.6
"Assam Women's University, Jorhat",Assam,Arts,18609.800000000003,10386.0,7.7,8.3,7.3,8.2,6.7,7.5,8.3
Tata Institute of Social Sciences,Assam,Arts,40590.0,58000.0,7.7,9.0,7.7,8.3,7.0,8.0,6.3
"Bhattadev University, Pathsala",Assam,Arts,5731.000000000001,19700.0,7.2,7.3,5.9,7.5,7.7,7.2,7.8
"Magadh Mahila College, Patna",Bihar,Arts,6882.700000000001,12500.0,7.8,8.5,7.3,9.0,8.0,6.1,7.8
Patna University,Bihar,Arts,9020.0,6620.0,7.0,7.6,6.2,8.2,7.3,5.1,7.4
Nalanda Open University,Bihar,Arts,2640.0,4400.0,7.3,9.0,5.8,8.3,7.2,5.4,7.8
"Gaya College, Gaya",Bihar,Arts,22000.0,25000.0,7.1,7.8,6.0,7.8,7.7,5.6,7.8
"St Xavier's College of Education, Patna",Bihar,Arts,5500.0,5000.0,7.8,8.0,8.0,8.0,7.0,8.0,8.0
Gopal Narayan Singh University,Bihar,Arts,11000.0,12000.0,8.5,8.6,8.6,8.2,8.9,8.1,8.4
Government Jamuna Prasad Verma Post Graduate Arts,Chhattisgarh,Arts,1389.3000000000002,1178.0,5.3,6.0,3.0,8.0,5.0,3.0,7.0
Pt. Ravishankar Shukla University,Chhattisgarh,Arts,6567.000000000001,17050.0,6.1,7.0,4.8,6.8,6.8,4.1,6.8
"Kushabhau Thakre Patrakarita Avam Jansanchar Vishwavidyalaya, Raipur",Chhattisgarh,Arts,22440.0,18200.0,7.0,7.3,7.0,7.0,7.0,6.3,7.3
"MATS University, Raipur",Chhattisgarh,Arts,38500.0,15000.0,7.4,7.4,7.0,7.8,7.4,7.2,7.4
"Amity University, Raipur",Chhattisgarh,Arts,55000.00000000001,50000.0,7.8,7.8,8.3,8.0,8.0,6.3,8.2
"ICFAI University, Raipur",Chhattisgarh,Arts,49500.00000000001,27000.0,8.6,8.6,8.4,8.8,8.8,8.6,8.4
Shri Rawatpura Sarkar University,Chhattisgarh,Arts,19470.0,20200.0,8.5,9.0,8.0,8.5,8.5,8.5,8.5
Maharishi University of Management and Technology Bilaspur,Chhattisgarh,Arts,9900.0,11000.0,6.4,7.5,7.0,6.0,7.5,5.3,5.0
"Ranchi University, Ranchi",Jharkhand,Arts,3135.0000000000005,2350.0,7.5,7.9,6.8,8.0,8.3,6.2,7.8
St. Xavier's College,Jharkhand,Arts,26730.000000000004,32300.0,8.0,8.5,7.5,8.3,8.4,6.9,8.2
Central University of Jharkhand,Jharkhand,Arts,24552.000000000004,23720.0,7.5,8.3,7.5,8.5,7.2,5.3,8.1
"Ranchi Women's College, Ranchi",Jharkhand,Arts,2585.0,2850.0,7.4,8.0,7.0,8.1,7.1,6.9,7.5
YBN University,Jharkhand,Arts,28160.000000000004,101650.0,8.2,8.5,7.5,8.5,8.0,8.3,8.4
Netaji Subhas University,Jharkhand,Arts,44000.0,30000.0,9.0,9.5,9.4,8.7,9.2,8.5,8.7
Radha Govind University,Jharkhand,Arts,22000.0,10000.0,8.6,8.9,8.0,8.7,8.9,8.4,8.5
"Arka Jain University, Jamshedpur",Jharkhand,Arts,330000.0,53000.0,8.1,8.1,7.7,8.1,8.0,7.5,9.0
Usha Martin University,Jharkhand,Arts,116600.00000000001,33000.0,7.6,8.5,6.5,8.8,6.8,7.9,7.1
Sarala Birla University,Jharkhand,Arts,52030.00000000001,40800.0,8.5,8.6,8.3,8.4,8.8,8.4,8.2
"Gossner College, Ranchi",Jharkhand,Arts,9295.0,30420.0,7.2,7.8,6.3,8.2,7.6,5.8,7.4
"Jamshedpur Women's College, Jamshedpur",Jharkhand,Arts,2948.0000000000005,4450.0,7.4,7.8,7.4,7.6,7.3,7.2,6.9
Indian Institute of Technology,Himachal pradesh,Arts,25850.000000000004,23500.0,7.8,7.8,8.0,7.7,7.5,7.5,8.1
"Faculty of Management Sciences and Liberal Arts,",Himachal pradesh,Arts,122210.00000000001,151500.0,8.9,8.4,8.3,9.3,8.9,9.0,9.5
"St Bede's College, Shimla",Himachal pradesh,Arts,27885.000000000004,34450.0,7.9,8.3,8.3,7.7,8.5,7.1,7.6
Indus International University,Himachal pradesh,Arts,46200.00000000001,38000.0,6.8,8.0,7.0,7.0,6.0,7.0,6.0
"Shoolini University, Solan",Himachal pradesh,Arts,122210.00000000001,94556.0,8.3,8.4,7.6,8.4,8.6,8.3,8.7
Eternal University,Himachal pradesh,Arts,80300.0,40000.0,7.5,7.4,7.1,7.8,8.2,7.1,7.4
Abhilashi University,Himachal pradesh,Arts,66000.0,40000.0,8.4,8.9,8.3,8.4,8.6,8.1,8.1
IEC University Baddi,Himachal pradesh,Arts,31460.000000000004,33600.0,7.6,7.5,7.5,7.4,7.7,8.0,7.5
Career Point University,Himachal pradesh,Arts,71500.0,20000.0,7.5,7.5,7.4,7.0,7.6,6.6,8.6
Sri Sai University,Himachal pradesh,Arts,38500.0,10000.0,7.4,7.3,6.3,8.2,7.7,6.8,8.0
"Arni University, Kangra",Himachal pradesh,Arts,27500.000000000004,20000.0,8.0,8.2,7.4,8.1,8.4,7.7,8.4
Manav Bharti University,Himachal pradesh,Arts,27500.000000000004,36000.0,6.2,5.3,4.7,6.7,7.0,6.3,7.0
Himachal Pradesh University,Himachal pradesh,Arts,6380.000000000001,6480.0,7.2,7.7,6.7,7.7,7.3,6.1,7.7
"Government Post Graduate College, Chamba",Himachal pradesh,Arts,1733.6000000000001,1586.0,5.8,7.6,4.8,7.3,7.0,4.0,4.3
Shri Mata Vaishno Devi University,Jammu,Arts,89925.0,92750.0,7.6,7.5,7.9,7.0,8.3,6.7,8.3
Islamic University of Science and Technology,Jammu,Arts,57420.00000000001,36200.0,7.4,8.4,6.9,8.2,8.0,5.5,7.2
Baba Ghulam Shah Badshah University,Jammu,Arts,74250.0,108750.0,7.2,7.9,7.6,7.4,7.1,5.9,7.1
"Central University of Jammu, Jammu",Jammu,Arts,28655.000000000004,11715.0,8.2,8.4,7.8,8.5,8.6,7.3,8.5
Central University of Kashmir,Jammu,Arts,3300.0000000000005,12900.0,7.8,8.2,7.8,8.4,7.2,7.4,7.6
University of Kashmir,Jammu,Arts,10285.0,4750.0,6.7,7.0,6.9,7.1,7.2,5.1,6.8
Mehr Chand Mahajan Dayanand Anglo Vedic College,Chandigarh,Arts,22044.0,20060.0,8.2,8.4,8.0,8.5,8.2,7.6,8.4
DAV College,Chandigarh,Arts,41173.0,20250.0,8.0,8.4,7.4,8.3,8.0,6.8,8.8
"Post Graduate Government College for Girls, Chandigarh",Chandigarh,Arts,18337.0,22000.0,8.1,8.6,8.4,8.9,8.2,6.1,8.5
"Post Graduate Government College, Chandigarh",Chandigarh,Arts,18337.0,18400.0,7.7,8.4,7.3,8.4,7.4,6.5,7.9
Panjab University,Chandigarh,Arts,8910.0,8100.0,7.7,8.2,7.7,8.0,7.7,6.5,8.2
"Guru Gobind Singh College for Women, Chandigarh",Chandigarh,Arts,41135.600000000006,12787.0,6.5,7.5,5.5,8.3,6.0,3.7,8.0
"Dev Samaj College for Women, Chandigarh",Chandigarh,Arts,19085.0,19880.0,8.3,8.3,8.7,9.4,8.3,6.5,8.4
"Institute of Fine Arts, Chandigarh",Chandigarh,Arts,68200.0,72000.0,8.0,8.3,7.7,8.7,8.0,6.0,9.0
Sri Guru Gobind Singh College,Chandigarh,Arts,22467.5,20250.0,7.9,8.3,7.5,8.6,7.5,6.8,8.4
"PG Government College for Girls, Chandigarh",Chandigarh,Arts,24183.500000000004,20250.0,8.1,7.7,7.4,8.9,8.3,8.2,8.0
"University School of Open Learning, Panjab University",Chandigarh,Arts,17809.0,17450.0,7.8,8.6,6.5,8.6,7.9,7.2,8.2
Royal Global University,Assam,Hotel-management,99000.00000000001,67000.0,7.6,7.8,6.6,8.0,9.0,6.5,7.7
Assam Down Town University,Assam,Hotel-management,110000.00000000001,90000.0,8.2,8.4,7.6,8.4,8.2,7.8,8.6
Institute of Hotel Management,Bihar,Hotel-management,50644.00000000001,17960.0,8.8,9.4,7.8,8.7,8.8,9.1,8.7
Shri Rawatpura Sarkar University,Chhattisgarh,Hotel-management,33770.0,50000.0,8.5,9.0,8.0,8.5,8.5,8.5,8.5
YBN University,Jharkhand,Hotel-management,54560.00000000001,36600.0,8.2,8.5,7.5,8.5,8.0,8.3,8.4
Institute of Hotel Management Catering and Nutrition,Himachal pradesh,Hotel-management,40315.0,106900.0,8.2,8.4,7.6,8.7,8.3,8.5,7.9
Heritage Institute of Hotel and Tourism,Himachal pradesh,Hotel-management,363000.00000000006,90000.0,8.8,8.7,9.3,9.0,8.0,9.0,9.0
Maharishi Markandeshwar,Himachal pradesh,Hotel-management,94050.00000000001,43500.0,8.6,9.0,8.2,8.9,8.2,8.4,8.9
IEC University Baddi,Himachal pradesh,Hotel-management,47960.00000000001,43600.0,7.6,7.5,7.5,7.4,7.7,8.0,7.5
Career Point University,Himachal pradesh,Hotel-management,45100.00000000001,63000.0,7.5,7.5,7.4,7.0,7.6,6.6,8.6
Maharaja Agrasen University,Himachal pradesh,Hotel-management,77000.0,35000.0,7.5,7.7,7.5,7.6,8.7,7.0,6.2
Dr.Ambedkar Institute of Hotel Management Catering and,Chandigarh,Hotel-management,134706.0,29770.0,8.4,8.8,7.7,8.8,8.4,8.7,7.7
Chandigarh Institute of Hotel Management and Catering,Chandigarh,Hotel-management,330000.0,29900.0,8.3,8.8,8.3,7.9,8.9,8.7,7.0
"UEI Global, Chandigarh",Chandigarh,Hotel-management,358600.0,148000.0,8.3,8.2,8.3,8.3,8.5,8.5,8.2
Assam Agricultural University,Assam,Agriculture,14465.000000000002,19590.0,8.1,8.3,7.6,8.3,8.5,7.6,8.2
"Cotton University, Guwahati",Assam,Agriculture,8195.0,35220.0,7.7,8.4,7.1,8.3,7.6,6.1,8.5
"Dr. Rajendra Prasad Central Agricultural University, Samastipur",Bihar,Agriculture,32010.000000000004,23440.0,7.1,7.5,7.1,7.6,7.6,6.3,6.4
Bihar Agricultural University,Bihar,Agriculture,14300.000000000002,11620.0,8.3,8.5,7.8,8.6,8.4,8.2,8.4
Gopal Narayan Singh University,Bihar,Agriculture,110000.00000000001,80000.0,8.5,8.6,8.6,8.2,8.9,8.1,8.4
Indira Gandhi Krishi Vishwavidyalaya,Chhattisgarh,Agriculture,21076.0,27406.0,7.5,7.6,7.3,8.3,7.1,6.8,7.6
Pt. Ravishankar Shukla University,Chhattisgarh,Agriculture,32065.000000000004,24200.0,6.1,7.0,4.8,6.8,6.8,4.1,6.8
Birsa Agricultural University,Jharkhand,Agriculture,14850.000000000002,15500.0,7.3,7.6,8.3,7.2,7.6,5.0,8.3
"Sai Nath University, Ranchi",Jharkhand,Agriculture,22000.0,58000.0,6.8,7.4,6.7,6.8,6.9,6.9,6.3
YBN University,Jharkhand,Agriculture,26950.000000000004,59600.0,8.2,8.5,7.5,8.5,8.0,8.3,8.4
Jharkhand Rai University,Jharkhand,Agriculture,140800.0,115000.0,7.7,8.0,7.5,8.8,7.3,6.9,7.8
Radha Govind University,Jharkhand,Agriculture,66000.0,50000.0,8.6,8.9,8.0,8.7,8.9,8.4,8.5
Dr YS Parmar University of Horticulture and,Himachal pradesh,Agriculture,54560.00000000001,61400.0,7.9,8.6,8.5,8.4,8.1,5.3,8.2
Chaudhary Sarwan Kumar Himachal Pradesh Krishi Vishvavidyalaya,Himachal pradesh,Agriculture,29013.600000000002,48218.0,8.7,9.2,8.4,8.7,8.8,8.4,8.7
"Shoolini University, Solan",Himachal pradesh,Agriculture,124988.6,132310.0,8.3,8.4,7.6,8.4,8.6,8.3,8.7
Maharishi Markandeshwar,Himachal pradesh,Agriculture,113850.00000000001,83500.0,8.6,9.0,8.2,8.9,8.2,8.4,8.9
Eternal University,Himachal pradesh,Agriculture,82500.0,72500.0,7.5,7.4,7.1,7.8,8.2,7.1,7.4
Abhilashi University,Himachal pradesh,Agriculture,77000.0,80000.0,8.4,8.9,8.3,8.4,8.6,8.1,8.1
"College of Agriculture, Palampur",Himachal pradesh,Agriculture,47209.8,48218.0,7.1,8.5,8.0,8.0,7.5,4.0,6.5
Sher-e-Kashmir University of Agricultural Sciences and Technology,Jammu,Agriculture,34540.0,30600.0,7.4,8.4,7.4,7.7,8.0,5.9,7.2
Sher-e-Kashmir University of Agricultural Sciences and Technology,Jammu,Agriculture,44622.600000000006,34283.0,7.7,8.4,7.0,8.4,7.4,7.0,7.9
Royal Global University,Assam,Medical,99000.00000000001,57000.0,7.6,7.8,6.6,8.0,9.0,6.5,7.7
Assam Down Town University,Assam,Medical,99000.00000000001,110000.0,8.2,8.4,7.6,8.4,8.2,7.8,8.6
"Assam Women's University, Jorhat",Assam,Medical,15472.6,56124.0,7.7,8.3,7.3,8.2,6.7,7.5,8.3
"Assam Medical College, Dibrugarh",Assam,Medical,27500.000000000004,25000.0,8.8,9.3,8.0,8.8,8.1,9.5,8.8
Silchar Medical College,Assam,Medical,24200.000000000004,17670.0,8.5,8.3,7.8,8.9,8.5,8.7,8.7
Kaziranga University,Assam,Medical,88550.0,110500.0,7.5,7.3,6.7,8.1,7.4,7.2,8.1
"Pub Kamrup College, Kamrup",Assam,Medical,4400.0,20500.0,7.4,8.0,6.3,8.2,8.5,5.4,8.0
Indira Gandhi Institute of Medical Sciences,Bihar,Medical,26400.000000000004,24000.0,8.7,8.8,8.6,8.3,8.7,9.3,8.3
"H.D. Jain College, Arrah",Bihar,Medical,3300.0000000000005,1000.0,7.0,8.1,5.7,7.7,6.7,6.4,7.1
"M.V. College, Buxar",Bihar,Medical,3300.0000000000005,3000.0,6.5,6.3,4.8,7.9,6.8,5.5,7.7
Anugrah Narayan Magadh Medical College and Hospital,Bihar,Medical,10670.0,1600.0,7.6,7.8,7.1,8.0,6.2,9.2,7.5
Jawaharlal Nehru Medical College,Bihar,Medical,67650.0,8230000.0,8.3,8.3,8.2,8.2,8.1,8.6,8.4
"Katihar Medical College, Katihar",Bihar,Medical,2915000.0000000005,1150000.0,8.6,8.7,8.7,8.7,8.4,8.5,8.4
Patna Medical College,Bihar,Medical,306.90000000000003,279.0,7.4,7.8,7.2,7.8,6.2,8.6,7.0
BR Ambedkar Bihar University,Bihar,Medical,6600.000000000001,6000.0,7.7,7.9,7.5,8.1,7.6,7.2,8.1
All India Institute of Medical Sciences,Bihar,Medical,1790.8000000000002,2027.0,8.0,8.1,7.7,7.7,8.1,8.4,7.9
Maulana Mazharul Haque Arabic and Persian University,Bihar,Medical,31020.000000000004,23200.0,8.2,8.8,8.3,8.6,8.7,7.1,7.9
Shri Rawatpura Sarkar University,Chhattisgarh,Medical,49720.00000000001,24200.0,8.5,9.0,8.0,8.5,8.5,8.5,8.5
All India Institute of Medical Sciences,Chhattisgarh,Medical,3481.5000000000005,10310.0,8.3,8.9,7.7,8.8,8.6,8.6,7.4
Chhattisgarh Institute of Medical Sciences,Chhattisgarh,Medical,46200.00000000001,26000.0,8.0,8.3,6.9,8.2,6.9,9.0,8.7
Pt. Jawahar Lal Nehru Memorial Medical College,Chhattisgarh,Medical,55000.00000000001,50000.0,8.1,8.2,7.5,8.0,8.2,8.7,7.7
"Ranchi University, Ranchi",Jharkhand,Medical,2585.0,2850.0,7.5,7.9,6.8,8.0,8.3,6.2,7.8
YBN University,Jharkhand,Medical,48950.00000000001,49600.0,8.2,8.5,7.5,8.5,8.0,8.3,8.4
Usha Martin University,Jharkhand,Medical,66000.0,79000.0,7.6,8.5,6.5,8.8,6.8,7.9,7.1
"Mahatma Gandhi Memorial Medical College, Jamshedpur",Jharkhand,Medical,1650.0000000000002,1500.0,7.6,7.6,7.9,7.3,6.8,8.3,7.6
"Vananchal Educational and Welfare Trust, Garhwa",Jharkhand,Medical,143000.0,24000.0,7.2,8.0,7.0,7.0,7.0,7.0,7.0
"Dr. Shyama Prasad Mukherjee University, Ranchi",Jharkhand,Medical,33000.0,42000.0,6.5,7.2,5.2,6.8,6.9,6.0,7.1
Maharishi Markandeshwar,Himachal pradesh,Medical,80850.0,91500.0,8.6,9.0,8.2,8.9,8.2,8.4,8.9
Indira Gandhi Medical College,Himachal pradesh,Medical,14300.000000000002,39000.0,7.1,7.8,6.5,7.8,5.9,7.8,6.7
Himachal Pradesh University,Himachal pradesh,Medical,84150.0,28900.0,7.2,7.7,6.7,7.7,7.3,6.1,7.7
Jammu Institute of Ayurveda and Research College,Jammu,Medical,124850.00000000001,172500.0,5.9,6.5,4.0,7.7,8.0,4.0,5.3
"Acharya Shri Chander College of Medical Sciences,",Jammu,Medical,42900.0,1305000.0,7.5,8.2,6.8,7.8,7.2,8.0,6.8
"Government Medical College, Srinagar",Jammu,Medical,39187.5,25000.0,7.6,8.3,6.0,8.0,8.6,8.4,6.4
Sher-i-Kashmir Institute of Medical Sciences,Jammu,Medical,20350.0,67000.0,6.6,8.0,4.7,6.3,6.8,8.0,5.7
Post Graduate Institute of Medical Education &,Chandigarh,Medical,3817.0000000000005,3470.0,8.0,8.3,6.8,8.8,8.2,8.0,8.0
Government Medical College and Hospital,Chandigarh,Medical,27500.000000000004,22000.0,7.9,8.7,7.0,8.5,8.2,6.9,8.3
Panjab University,Chandigarh,Medical,59180.00000000001,95800.0,7.7,8.2,7.7,8.0,7.7,6.5,8.2
Shivalik Institute of Paramedical Technology,Chandigarh,Medical,77000.0,80000.0,7.7,8.5,7.3,7.8,7.3,7.3,7.8
"Dibrugarh University, Dibrugarh",Assam,Pharmacy,6600.000000000001,4820.0,7.8,7.9,7.7,8.0,8.4,6.5,8.2
Girijananda Chowdhury Institute of Pharmaceutical Science,Assam,Pharmacy,170500.0,120000.0,8.0,8.3,6.7,8.3,7.7,8.3,8.7
Royal Global University,Assam,Pharmacy,132000.0,95000.0,7.6,7.8,6.6,8.0,9.0,6.5,7.7
Assam Down Town University,Assam,Pharmacy,165000.0,160000.0,8.2,8.4,7.6,8.4,8.2,7.8,8.6
Assam Science and Technology University,Assam,Pharmacy,23100.000000000004,3000.0,7.8,7.9,7.6,8.0,7.7,7.6,7.9
National Institute of Pharmaceutical Education And Research,Assam,Pharmacy,135685.0,110150.0,8.2,9.0,8.0,8.2,7.5,8.2,8.4
Kaziranga University,Assam,Pharmacy,132550.0,100500.0,7.5,7.3,6.7,8.1,7.4,7.2,8.1
NETES Institute of Pharmaceutical Science,Assam,Pharmacy,209000.00000000003,190000.0,7.5,9.0,7.0,9.0,7.0,6.0,7.0
Gopal Narayan Singh University,Bihar,Pharmacy,88000.0,100000.0,8.5,8.6,8.6,8.2,8.9,8.1,8.4
"Bihar College of Pharmacy, Patna",Bihar,Pharmacy,121000.00000000001,100000.0,8.0,8.3,8.0,8.4,7.3,8.1,7.7
"Mata Gujri University, Kishanganj",Bihar,Pharmacy,116600.00000000001,96000.0,6.7,6.5,7.0,7.5,6.0,7.5,5.5
Guru Ghasidas Vishwavidyalaya,Chhattisgarh,Pharmacy,28820.000000000004,51850.0,6.7,7.6,6.3,7.5,6.9,4.7,7.1
Pt. Ravishankar Shukla University,Chhattisgarh,Pharmacy,27500.000000000004,110000.0,6.1,7.0,4.8,6.8,6.8,4.1,6.8
Dr. C.V. Raman University,Chhattisgarh,Pharmacy,60500.00000000001,71900.0,7.0,6.9,6.2,7.4,7.5,6.7,7.3
Shri Rawatpura Sarkar University,Chhattisgarh,Pharmacy,82720.0,250600.0,8.5,9.0,8.0,8.5,8.5,8.5,8.5
Chouksey Engineering College,Chhattisgarh,Pharmacy,82280.0,113800.0,8.0,8.2,8.3,8.1,8.0,7.0,8.5
Shri Shankaracharya Group of Institutions,Chhattisgarh,Pharmacy,43505.0,61500.0,7.6,7.7,7.2,7.5,7.9,7.0,8.1
"Rungta Group of Institutions Bhilai Campus, Bhilai",Chhattisgarh,Pharmacy,83380.0,80000.0,8.6,9.1,8.7,7.9,9.2,9.1,7.6
"Rungta Group of Institutions Raipur Campus, Raipur",Chhattisgarh,Pharmacy,79090.0,55500.0,8.7,9.0,8.0,8.0,9.0,9.0,9.0
Columbia Institute of Pharmacy,Chhattisgarh,Pharmacy,71665.0,104640.0,8.1,9.0,7.3,9.0,8.0,7.5,7.5
"Kalinga University, Raipur",Chhattisgarh,Pharmacy,121275.00000000001,110250.0,8.3,8.6,8.1,8.6,8.4,7.6,8.2
Shri Rawatpura Sarkar Institute of Pharmacy,Chhattisgarh,Pharmacy,64680.00000000001,72400.0,4.9,6.0,4.0,5.0,5.5,4.5,4.5
Rungta College of Pharmaceutical Sciences and Research,Chhattisgarh,Pharmacy,83380.0,80000.0,9.1,9.6,8.0,9.0,9.6,9.1,9.0
Birla Institute of Technology,Jharkhand,Pharmacy,291500.0,75000.0,8.1,8.3,7.6,7.9,8.3,8.1,8.4
YBN University,Jharkhand,Pharmacy,138050.0,103000.0,8.2,8.5,7.5,8.5,8.0,8.3,8.4
Jharkhand Rai University,Jharkhand,Pharmacy,126500.00000000001,115000.0,7.7,8.0,7.5,8.8,7.3,6.9,7.8
Netaji Subhas University,Jharkhand,Pharmacy,99000.00000000001,80000.0,9.0,9.5,9.4,8.7,9.2,8.5,8.7
Radha Govind University,Jharkhand,Pharmacy,104500.00000000001,95000.0,8.6,8.9,8.0,8.7,8.9,8.4,8.5
"Faculty of Pharmaceutical Sciences, Shoolini University, Solan",Himachal pradesh,Pharmacy,162984.80000000002,141320.0,7.5,8.0,6.8,7.3,8.2,7.0,7.7
Maharishi Markandeshwar,Himachal pradesh,Pharmacy,120010.00000000001,175500.0,8.6,9.0,8.2,8.9,8.2,8.4,8.9
Abhilashi University,Himachal pradesh,Pharmacy,132000.0,80000.0,8.4,8.9,8.3,8.4,8.6,8.1,8.1
Baddi University of Emerging Sciences and Technologies,Himachal pradesh,Pharmacy,190300.00000000003,123510.0,7.1,6.7,6.9,7.2,7.3,7.0,7.7
IEC University Baddi,Himachal pradesh,Pharmacy,141460.0,113600.0,7.6,7.5,7.5,7.4,7.7,8.0,7.5
Career Point University,Himachal pradesh,Pharmacy,88000.0,88000.0,7.5,7.5,7.4,7.0,7.6,6.6,8.6
Bahra University,Himachal pradesh,Pharmacy,93280.00000000001,94900.0,7.6,7.8,7.5,8.0,7.7,7.0,7.6
Maharaja Agrasen University,Himachal pradesh,Pharmacy,121000.00000000001,90000.0,7.5,7.7,7.5,7.6,8.7,7.0,6.2
"Himalayan Group of Professional Institutions, Sirmaur",Himachal pradesh,Pharmacy,97020.00000000001,94500.0,8.2,8.4,7.6,8.4,8.4,8.2,8.0
Manav Bharti University,Himachal pradesh,Pharmacy,88000.0,45000.0,6.2,5.3,4.7,6.7,7.0,6.3,7.0
"LR Institute of Pharmacy, Solan",Himachal pradesh,Pharmacy,316800.0,254000.0,5.3,6.5,8.0,4.5,8.5,3.0,1.5
Himachal Pradesh Technical University,Himachal pradesh,Pharmacy,56870.00000000001,144200.0,8.2,8.3,7.5,8.5,8.4,8.1,8.4
Panjab University,Chandigarh,Pharmacy,32340.000000000004,15665.0,7.7,8.2,7.7,8.0,7.7,6.5,8.2
Swami Vivekanand College of Pharmacy,Chandigarh,Pharmacy,103356.00000000001,85000.0,7.8,8.5,6.5,8.0,8.5,8.0,7.0
University Institute of Pharmaceutical Sciences,Chandigarh,Pharmacy,17231.5,28825.0,8.1,8.6,7.2,8.4,7.9,8.2,8.2
"NEF Law College, Guwahati",Assam,Law,71500.0,75000.0,5.1,6.9,2.8,7.1,5.8,3.3,4.9
"Dibrugarh University, Dibrugarh",Assam,Law,35618.0,46380.0,7.8,7.9,7.7,8.0,8.4,6.5,8.2
Royal Global University,Assam,Law,132000.0,100000.0,7.6,7.8,6.6,8.0,9.0,6.5,7.7
"Tezpur Law College, Sonitpur",Assam,Law,51425.00000000001,61500.0,8.1,8.3,7.7,8.3,7.7,8.0,8.3
Gauhati University,Assam,Law,89100.0,66000.0,8.2,8.4,7.5,8.7,8.4,7.2,8.7
NERIM Group of Institutions,Assam,Law,71720.0,75200.0,7.1,7.7,6.1,7.5,7.8,6.9,6.6
"JB Law College, Guwahati",Assam,Law,14300.000000000002,22000.0,8.0,8.3,7.0,8.5,8.3,7.7,8.1
"Assam University, Silchar",Assam,Law,29199.500000000004,15445.0,7.5,7.8,6.5,8.0,7.6,6.6,8.4
National Law University and Judicial Academy,Assam,Law,649000.0,190000.0,7.3,7.8,7.0,7.2,8.8,5.4,7.4
Patna University,Bihar,Law,9900.0,6900.0,7.0,7.6,6.2,8.2,7.3,5.1,7.4
"M.V. College, Buxar",Bihar,Law,3300.0000000000005,1000.0,6.5,6.3,4.8,7.9,6.8,5.5,7.7
Chanakya National Law University,Bihar,Law,165550.0,154000.0,6.3,6.6,6.4,6.2,6.3,5.1,7.3
Central University of South Bihar,Bihar,Law,36869.8,18218.0,8.0,8.6,7.7,8.9,8.6,5.8,8.3
Hidayatullah National Law University,Chhattisgarh,Law,144100.0,181000.0,7.3,7.7,6.3,6.1,8.0,7.1,8.6
Dr. C.V. Raman University,Chhattisgarh,Law,33000.0,30000.0,7.0,6.9,6.2,7.4,7.5,6.7,7.3
Pt. Ravishankar Shukla University,Chhattisgarh,Law,36938.0,17050.0,6.1,7.0,4.8,6.8,6.8,4.1,6.8
"Amity University, Raipur",Chhattisgarh,Law,149600.0,54000.0,7.8,7.8,8.3,8.0,8.0,6.3,8.2
Shri Rawatpura Sarkar University,Chhattisgarh,Law,39270.0,40700.0,8.5,9.0,8.0,8.5,8.5,8.5,8.5
"MATS School of Law, Raipur",Chhattisgarh,Law,93500.00000000001,62000.0,7.9,8.3,7.3,8.0,8.4,8.1,7.5
"Kalinga University, Raipur",Chhattisgarh,Law,143275.0,66000.0,8.3,8.6,8.1,8.6,8.4,7.6,8.2
"Ranchi University, Ranchi",Jharkhand,Law,2585.0,2850.0,7.5,7.9,6.8,8.0,8.3,6.2,7.8
Chotanagpur Law College,Jharkhand,Law,48400.00000000001,34850.0,8.3,8.5,8.0,8.5,8.0,8.5,8.5
"Sai Nath University, Ranchi",Jharkhand,Law,69300.0,20000.0,6.8,7.4,6.7,6.8,6.9,6.9,6.3
Radha Govind University,Jharkhand,Law,33000.0,40000.0,8.6,8.9,8.0,8.7,8.9,8.4,8.5
National University of Study and Research in,Jharkhand,Law,192500.00000000003,175000.0,7.4,7.8,7.7,7.1,6.4,7.3,8.0
Maharishi Markandeshwar,Himachal pradesh,Law,72050.0,65500.0,8.6,9.0,8.2,8.9,8.2,8.4,8.9
IEC University Baddi,Himachal pradesh,Law,97460.00000000001,33600.0,7.6,7.5,7.5,7.4,7.7,8.0,7.5
Career Point University,Himachal pradesh,Law,71500.0,44000.0,7.5,7.5,7.4,7.0,7.6,6.6,8.6
Bahra University,Himachal pradesh,Law,71060.0,54500.0,7.6,7.8,7.5,8.0,7.7,7.0,7.6
"AP Goyal Shimla University, Shimla",Himachal pradesh,Law,110000.00000000001,100000.0,7.4,7.0,6.8,7.7,8.0,7.5,7.3
Maharaja Agrasen University,Himachal pradesh,Law,70400.0,65000.0,7.5,7.7,7.5,7.6,8.7,7.0,6.2
Manav Bharti University,Himachal pradesh,Law,49500.00000000001,45000.0,6.2,5.3,4.7,6.7,7.0,6.3,7.0
Himachal Pradesh National Law University,Himachal pradesh,Law,161150.0,200500.0,6.7,7.3,5.4,8.1,4.6,7.2,7.4
Central University of Kashmir,Jammu,Law,14190.000000000002,19650.0,7.8,8.2,7.8,8.4,7.2,7.4,7.6
Panjab University,Chandigarh,Law,10428.0,86200.0,7.7,8.2,7.7,8.0,7.7,6.5,8.2
"University Institute of Legal Studies, Panjab University,",Chandigarh,Law,97564.50000000001,102685.0,7.7,8.6,7.0,8.4,7.4,6.5,8.3
"University Institute of Legal Studies, Chandigarh University",Chandigarh,Law,132000.0,90000.0,9.1,9.4,8.9,9.3,9.1,8.3,9.6
National Institute of Technology,Goa,Engineering,158840.0,89400.0,7.3,8.3,6.0,8.4,5.6,7.9,7.6
Indian Institute of Technology,Goa,Engineering,252890.00000000003,32019.0,8.0,8.4,7.9,8.5,7.9,7.0,8.4
Birla Institute of Technology and Science,Goa,Engineering,439422.50000000006,399475.0,8.5,8.4,8.3,7.8,8.7,8.7,8.9
Goa College of Engineering,Goa,Engineering,65450.00000000001,57375.0,7.5,7.6,6.7,7.3,8.0,6.7,8.6
"Padre Conceicao College of Engineering, Salcete",Goa,Engineering,143000.0,83500.0,6.6,7.4,4.2,7.6,6.7,6.8,6.9
National Institute of Oceanography,Goa,Engineering,15400.000000000002,14000.0,8.8,9.5,8.8,8.9,9.3,8.3,8.2
Goa Institute of Management,Goa,Management,968000.0000000001,52000.0,8.8,8.7,8.7,8.5,9.2,8.6,8.9
"Goa University, North Goa",Goa,Management,141762.5,85162.0,7.9,8.6,7.4,7.8,7.7,8.0,7.6
"S. S. Dempo College of Commerce and Economics, Panji",Goa,Management,76841.6,42846.0,6.6,7.3,4.8,6.8,7.5,6.3,7.0
"St. Xavier's College, Bardez",Goa,Science,8404.0,13010.0,7.6,8.1,7.2,7.9,8.3,5.3,8.6
Birla Institute of Technology and Science,Goa,Science,439422.50000000006,78625.0,8.5,8.4,8.3,7.8,8.7,8.7,8.9
"Parvatibai Chowgule College of Arts and Science, Salcete",Goa,Science,21235.5,106140.0,7.6,7.3,6.3,8.5,8.3,6.6,8.5
National Institute of Oceanography,Goa,Science,15400.000000000002,50000.0,8.8,9.5,8.8,8.9,9.3,8.3,8.2
"Goa University, North Goa",Goa,Science,19019.0,18880.0,7.9,8.6,7.4,7.8,7.7,8.0,7.6
"St. Xavier's College, Bardez",Goa,Commerce,6798.000000000001,6515.0,7.6,8.1,7.2,7.9,8.3,5.3,8.6
"Carmel College for Women, Salcete",Goa,Commerce,9796.6,33906.0,7.5,9.0,5.3,9.3,6.3,6.3,9.0
"Rosary College of Commerce and Arts, Salcete",Goa,Commerce,9152.0,46787.0,7.3,8.0,5.5,8.5,7.1,6.4,8.0
"Shree Damodar College of Commerce and Economics, Salcete",Goa,Commerce,8585.5,44640.0,7.9,7.8,7.1,8.4,8.9,7.0,8.3
"Goa University, North Goa",Goa,Commerce,11000.0,11105.0,7.9,8.6,7.4,7.8,7.7,8.0,7.6
"S. S. Dempo College of Commerce and Economics, Panji",Goa,Commerce,9091.5,39910.0,6.6,7.3,4.8,6.8,7.5,6.3,7.0
"St. Xavier's College, Bardez",Goa,Arts,6578.000000000001,6515.0,7.6,8.1,7.2,7.9,8.3,5.3,8.6
"Parvatibai Chowgule College of Arts and Science, Salcete",Goa,Arts,69366.0,18035.0,7.6,7.3,6.3,8.5,8.3,6.6,8.5
"Goa College of Art, Panji",Goa,Arts,25652.000000000004,30000.0,6.2,7.0,6.5,7.0,6.5,3.0,7.0
"Goa University, North Goa",Goa,Arts,34859.0,27874.0,7.9,8.6,7.4,7.8,7.7,8.0,7.6
"Don Bosco College, Panji",Goa,Arts,25672.9,50339.0,6.3,6.9,4.9,7.0,6.3,4.4,8.1
Institute of Hotel Management Catering Technology and Applied Nutrition,Goa,Hotel-management,113275.8,69500.0,8.2,7.9,7.5,8.3,8.5,8.5,8.7
"Parvatibai Chowgule College of Arts and Science, Salcete",Goa,Medical,79607.0,42000.0,7.6,7.3,6.3,8.5,8.3,6.6,8.5
"VM Salgaocar College of Law, Panji",Goa,Law,23100.000000000004,26400.0,8.0,8.0,8.2,8.1,7.9,7.6,8.4
"Govind Ramnath Kare College of Law, South Goa",Goa,Law,30670.2,39512.0,5.8,8.0,6.0,5.0,8.0,4.0,3.5
"Goa University, North Goa",Goa,Law,13420.000000000002,39452.0,7.9,8.6,7.4,7.8,7.7,8.0,7.6
North Eastern Regional Institute of Science and Technology,Arunachal pradesh,Engineering,22517.0,29640.0,6.9,7.8,6.7,7.2,6.5,5.1,8.3
National Institute of Technology,Arunachal pradesh,Engineering,160160.0,92172.0,7.3,7.4,7.1,7.7,6.5,7.4,7.8
Apex Professional University,Arunachal pradesh,Engineering,77000.0,87000.0,7.4,7.5,7.5,7.5,7.5,7.5,7.0
Rajiv Gandhi University,Arunachal pradesh,Engineering,21835.0,16800.0,7.0,7.4,6.6,7.7,7.6,5.4,7.2
Arunachal University of Studies,Arunachal pradesh,Engineering,27500.000000000004,32000.0,8.3,8.7,7.9,8.4,8.1,8.2,8.4
Himalayan University,Arunachal pradesh,Management,89100.0,7000.0,8.6,8.6,8.0,8.9,9.1,8.1,9.0
North Eastern Regional Institute of Science and Technology,Arunachal pradesh,Management,36388.0,52210.0,6.9,7.8,6.7,7.2,6.5,5.1,8.3
Apex Professional University,Arunachal pradesh,Management,55000.00000000001,19000.0,7.4,7.5,7.5,7.5,7.5,7.5,7.0
Rajiv Gandhi University,Arunachal pradesh,Management,8800.0,1500.0,7.0,7.4,6.6,7.7,7.6,5.4,7.2
Arunachal University of Studies,Arunachal pradesh,Management,69300.0,60000.0,8.3,8.7,7.9,8.4,8.1,8.2,8.4
Venkateshwara Open University,Arunachal pradesh,Management,27500.000000000004,38000.0,7.9,8.3,7.3,8.5,7.5,7.8,8.2
North Eastern Regional Institute of Science and Technology,Arunachal pradesh,Science,29040.000000000004,20470.0,6.9,7.8,6.7,7.2,6.5,5.1,8.3
Himalayan University,Arunachal pradesh,Science,89100.0,10000.0,8.6,8.6,8.0,8.9,9.1,8.1,9.0
Apex Professional University,Arunachal pradesh,Science,20900.0,56000.0,7.4,7.5,7.5,7.5,7.5,7.5,7.0
Rajiv Gandhi University,Arunachal pradesh,Science,12375.000000000002,8800.0,7.0,7.4,6.6,7.7,7.6,5.4,7.2
Arunachal University of Studies,Arunachal pradesh,Science,58300.00000000001,43000.0,8.3,8.7,7.9,8.4,8.1,8.2,8.4
Venkateshwara Open University,Arunachal pradesh,Science,13750.000000000002,15000.0,7.9,8.3,7.3,8.5,7.5,7.8,8.2
Apex Professional University,Arunachal pradesh,Commerce,55000.00000000001,38000.0,7.4,7.5,7.5,7.5,7.5,7.5,7.0
Rajiv Gandhi University,Arunachal pradesh,Commerce,6600.000000000001,20025.0,7.0,7.4,6.6,7.7,7.6,5.4,7.2
Arunachal University of Studies,Arunachal pradesh,Commerce,66000.0,28000.0,8.3,8.7,7.9,8.4,8.1,8.2,8.4
Venkateshwara Open University,Arunachal pradesh,Commerce,11000.0,12500.0,7.9,8.3,7.3,8.5,7.5,7.8,8.2
Apex Professional University,Arunachal pradesh,Arts,20900.0,15000.0,7.4,7.5,7.5,7.5,7.5,7.5,7.0
Rajiv Gandhi University,Arunachal pradesh,Arts,5500.0,2620.0,7.0,7.4,6.6,7.7,7.6,5.4,7.2
Arunachal University of Studies,Arunachal pradesh,Arts,30800.000000000004,38000.0,8.3,8.7,7.9,8.4,8.1,8.2,8.4
Venkateshwara Open University,Arunachal pradesh,Arts,22000.0,12500.0,7.9,8.3,7.3,8.5,7.5,7.8,8.2
Arunachal University of Studies,Arunachal pradesh,Hotel-management,69300.0,43000.0,8.3,8.7,7.9,8.4,8.1,8.2,8.4
North Eastern Regional Institute of Science and Technology,Arunachal pradesh,Agriculture,29040.000000000004,33080.0,6.9,7.8,6.7,7.2,6.5,5.1,8.3
Apex Professional University,Arunachal pradesh,Agriculture,104500.00000000001,70000.0,7.4,7.5,7.5,7.5,7.5,7.5,7.0
Arunachal University of Studies,Arunachal pradesh,Agriculture,69300.0,85100.0,8.3,8.7,7.9,8.4,8.1,8.2,8.4
Apex Professional University,Arunachal pradesh,Medical,110000.00000000001,60000.0,7.4,7.5,7.5,7.5,7.5,7.5,7.0
Arunachal University of Studies,Arunachal pradesh,Medical,170500.0,125000.0,8.3,8.7,7.9,8.4,8.1,8.2,8.4
Apex Professional University,Arunachal pradesh,Pharmacy,132000.0,70000.0,7.4,7.5,7.5,7.5,7.5,7.5,7.0
Arunachal University of Studies,Arunachal pradesh,Pharmacy,115500.00000000001,115000.0,8.3,8.7,7.9,8.4,8.1,8.2,8.4
Apex Professional University,Arunachal pradesh,Law,77000.0,75000.0,7.4,7.5,7.5,7.5,7.5,7.5,7.0
Arunachal University of Studies,Arunachal pradesh,Law,93610.00000000001,48000.0,8.3,8.7,7.9,8.4,8.1,8.2,8.4
National Institute of Technology,Meghalaya,Engineering,279070.0,43000.0,7.3,8.1,7.0,7.9,6.1,7.1,7.5
"CMJ University, Ri-Bhoi",Meghalaya,Engineering,412500.00000000006,235000.0,8.3,8.8,7.8,8.5,7.8,8.2,8.6
North-Eastern Hill University,Meghalaya,Engineering,5566.0,5010.0,7.9,7.9,7.8,8.2,8.4,6.6,8.2
William Carey University,Meghalaya,Engineering,116600.00000000001,106000.0,8.5,9.2,8.4,8.4,8.2,8.1,8.6
Indian Institute of Management,Meghalaya,Management,160600.0,750000.0,8.9,8.8,8.8,9.0,8.9,8.9,8.7
Martin Luther Christian University,Meghalaya,Management,173140.0,23250.0,7.9,8.3,8.0,8.4,7.0,7.4,8.1
"CMJ University, Ri-Bhoi",Meghalaya,Management,159500.0,110000.0,8.3,8.8,7.8,8.5,7.8,8.2,8.6
University of Science and Technology,Meghalaya,Management,159500.0,180000.0,8.4,8.7,8.1,8.7,8.5,7.9,8.5
North-Eastern Hill University,Meghalaya,Management,15345.000000000002,5060.0,7.9,7.9,7.8,8.2,8.4,6.6,8.2
William Carey University,Meghalaya,Management,129800.00000000001,74000.0,8.5,9.2,8.4,8.4,8.2,8.1,8.6
Mahatma Gandhi University,Meghalaya,Management,55000.00000000001,80000.0,8.1,9.0,7.0,9.0,9.0,6.3,8.4
"ICFAI University, Shillong",Meghalaya,Management,45100.00000000001,119000.0,7.1,7.2,6.7,7.3,7.2,7.4,6.8
"MIT University, Shillong",Meghalaya,Management,60500.00000000001,115000.0,3.8,4.8,2.5,3.8,3.3,4.5,3.8
National Institute of Technology,Meghalaya,Science,42900.0,43000.0,7.3,8.1,7.0,7.9,6.1,7.1,7.5
"CMJ University, Ri-Bhoi",Meghalaya,Science,30800.000000000004,95000.0,8.3,8.8,7.8,8.5,7.8,8.2,8.6
North-Eastern Hill University,Meghalaya,Science,5511.0,45000.0,7.9,7.9,7.8,8.2,8.4,6.6,8.2
Martin Luther Christian University,Meghalaya,Science,120890.00000000001,157400.0,7.9,8.3,8.0,8.4,7.0,7.4,8.1
University of Science and Technology,Meghalaya,Science,162800.0,101000.0,8.4,8.7,8.1,8.7,8.5,7.9,8.5
Mahatma Gandhi University,Meghalaya,Science,55000.00000000001,40000.0,8.1,9.0,7.0,9.0,9.0,6.3,8.4
William Carey University,Meghalaya,Science,125400.00000000001,66000.0,8.5,9.2,8.4,8.4,8.2,8.1,8.6
"CMJ University, Ri-Bhoi",Meghalaya,Commerce,71500.0,85000.0,8.3,8.8,7.8,8.5,7.8,8.2,8.6
North-Eastern Hill University,Meghalaya,Commerce,5291.0,13350.0,7.9,7.9,7.8,8.2,8.4,6.6,8.2
Martin Luther Christian University,Meghalaya,Commerce,97350.00000000001,117360.0,7.9,8.3,8.0,8.4,7.0,7.4,8.1
University of Science and Technology,Meghalaya,Commerce,198000.00000000003,78000.0,8.4,8.7,8.1,8.7,8.5,7.9,8.5
Mahatma Gandhi University,Meghalaya,Commerce,33000.0,40000.0,8.1,9.0,7.0,9.0,9.0,6.3,8.4
William Carey University,Meghalaya,Commerce,96030.00000000001,36500.0,8.5,9.2,8.4,8.4,8.2,8.1,8.6
"ICFAI University, Shillong",Meghalaya,Commerce,24200.000000000004,60000.0,7.1,7.2,6.7,7.3,7.2,7.4,6.8
"CMJ University, Ri-Bhoi",Meghalaya,Arts,82500.0,91000.0,8.3,8.8,7.8,8.5,7.8,8.2,8.6
North-Eastern Hill University,Meghalaya,Arts,5401.0,8210.0,7.9,7.9,7.8,8.2,8.4,6.6,8.2
Martin Luther Christian University,Meghalaya,Arts,33550.0,88500.0,7.9,8.3,8.0,8.4,7.0,7.4,8.1
University of Science and Technology,Meghalaya,Arts,115500.00000000001,88000.0,8.4,8.7,8.1,8.7,8.5,7.9,8.5
Mahatma Gandhi University,Meghalaya,Arts,44000.0,24000.0,8.1,9.0,7.0,9.0,9.0,6.3,8.4
William Carey University,Meghalaya,Arts,50600.00000000001,83000.0,8.5,9.2,8.4,8.4,8.2,8.1,8.6
"ICFAI University, Shillong",Meghalaya,Arts,22000.0,50000.0,7.1,7.2,6.7,7.3,7.2,7.4,6.8
"Shillong College, Shillong",Meghalaya,Arts,22803.000000000004,34110.0,7.0,6.5,6.0,8.6,6.7,6.4,7.8
Techno Global University,Meghalaya,Arts,275000.0,300000.0,8.1,8.0,8.5,9.0,8.0,7.0,8.0
"CMJ University, Ri-Bhoi",Meghalaya,Hotel-management,132000.0,255000.0,8.3,8.8,7.8,8.5,7.8,8.2,8.6
Mahatma Gandhi University,Meghalaya,Hotel-management,77000.0,70000.0,8.1,9.0,7.0,9.0,9.0,6.3,8.4
William Carey University,Meghalaya,Hotel-management,83600.0,81500.0,8.5,9.2,8.4,8.4,8.2,8.1,8.6
"Institute of Hotel Management Catering Technology and Applied Nutrition, Shillong",Meghalaya,Hotel-management,128480.00000000001,55000.0,8.1,8.0,7.5,8.3,8.5,8.4,8.1
"CMJ University, Ri-Bhoi",Meghalaya,Agriculture,258500.00000000003,220000.0,8.3,8.8,7.8,8.5,7.8,8.2,8.6
William Carey University,Meghalaya,Agriculture,133100.0,74000.0,8.5,9.2,8.4,8.4,8.2,8.1,8.6
Techno Global University,Meghalaya,Agriculture,264000.0,250000.0,8.1,8.0,8.5,9.0,8.0,7.0,8.0
"CMJ University, Ri-Bhoi",Meghalaya,Medical,104500.00000000001,23000.0,8.3,8.8,7.8,8.5,7.8,8.2,8.6
Martin Luther Christian University,Meghalaya,Medical,120890.00000000001,73900.0,7.9,8.3,8.0,8.4,7.0,7.4,8.1
University of Science and Technology,Meghalaya,Medical,151800.0,103000.0,8.4,8.7,8.1,8.7,8.5,7.9,8.5
Mahatma Gandhi University,Meghalaya,Medical,77000.0,88000.0,8.1,9.0,7.0,9.0,9.0,6.3,8.4
North Eastern Indira Gandhi Regional Institute of Health and Medical Sciences,Meghalaya,Medical,6622.000000000001,5225.0,8.6,8.7,8.1,9.0,8.5,8.4,8.6
"CMJ University, Ri-Bhoi",Meghalaya,Pharmacy,198000.00000000003,350000.0,8.3,8.8,7.8,8.5,7.8,8.2,8.6
University of Science and Technology,Meghalaya,Pharmacy,202400.00000000003,169000.0,8.4,8.7,8.1,8.7,8.5,7.9,8.5
Mahatma Gandhi University,Meghalaya,Pharmacy,132000.0,100000.0,8.1,9.0,7.0,9.0,9.0,6.3,8.4
"CMJ University, Ri-Bhoi",Meghalaya,Law,159500.0,175000.0,8.3,8.8,7.8,8.5,7.8,8.2,8.6
North-Eastern Hill University,Meghalaya,Law,15345.000000000002,4610.0,7.9,7.9,7.8,8.2,8.4,6.6,8.2
Mahatma Gandhi University,Meghalaya,Law,55000.00000000001,70000.0,8.1,9.0,7.0,9.0,9.0,6.3,8.4
National Institute of Technology,Nagaland,Engineering,147180.0,85700.0,7.0,7.3,6.0,7.5,6.3,7.2,7.8
"St.Joseph University, Dimapur",Nagaland,Management,69300.0,42500.0,8.1,8.4,7.9,8.3,8.0,8.1,8.1
"ICFAI University, Dimapur",Nagaland,Management,52217.00000000001,147600.0,7.4,7.1,7.1,7.8,8.2,7.0,7.3
The Global Open University,Nagaland,Management,34787.5,24125.0,7.8,8.9,7.3,8.4,7.6,7.3,7.4
"Nagaland University, Zunhebotto",Nagaland,Science,11330.000000000002,30290.0,8.1,8.1,7.7,8.7,7.8,7.8,8.3
National Institute of Technology,Nagaland,Science,27170.000000000004,10850.0,7.0,7.3,6.0,7.5,6.3,7.2,7.8
"St.Joseph University, Dimapur",Nagaland,Science,82500.0,56000.0,8.1,8.4,7.9,8.3,8.0,8.1,8.1
"Patkai Christian College, Dimapur",Nagaland,Science,18700.0,18600.0,8.1,9.0,7.0,9.4,8.3,5.8,9.0
Kohima Science College,Nagaland,Science,13805.000000000002,19070.0,7.6,8.6,7.6,8.3,7.2,6.0,8.0
The Global Open University,Nagaland,Science,26537.500000000004,24125.0,7.8,8.9,7.3,8.4,7.6,7.3,7.4
"Nagaland University, Zunhebotto",Nagaland,Commerce,8217.0,26090.0,8.1,8.1,7.7,8.7,7.8,7.8,8.3
"St.Joseph University, Dimapur",Nagaland,Commerce,44660.0,47500.0,8.1,8.4,7.9,8.3,8.0,8.1,8.1
"ICFAI University, Dimapur",Nagaland,Commerce,38390.0,61300.0,7.4,7.1,7.1,7.8,8.2,7.0,7.3
The Global Open University,Nagaland,Commerce,26537.500000000004,24125.0,7.8,8.9,7.3,8.4,7.6,7.3,7.4
"Nagaland University, Zunhebotto",Nagaland,Arts,11330.000000000002,26090.0,8.1,8.1,7.7,8.7,7.8,7.8,8.3
"St.Joseph University, Dimapur",Nagaland,Arts,41800.0,47500.0,8.1,8.4,7.9,8.3,8.0,8.1,8.1
"ICFAI University, Dimapur",Nagaland,Arts,57200.00000000001,52000.0,7.4,7.1,7.1,7.8,8.2,7.0,7.3
"Patkai Christian College, Dimapur",Nagaland,Arts,13200.000000000002,12600.0,8.1,9.0,7.0,9.4,8.3,5.8,9.0
"St Joseph's College, Kohima",Nagaland,Arts,26400.000000000004,40000.0,8.4,9.0,7.9,8.5,8.9,7.1,9.2
The Global Open University,Nagaland,Arts,26537.500000000004,18125.0,7.8,8.9,7.3,8.4,7.6,7.3,7.4
Pondicherry Engineering College,Puducherry,Engineering,188320.00000000003,38050.0,7.8,8.5,6.9,8.1,7.5,8.0,7.7
National Institute of Technology,Puducherry,Engineering,59802.600000000006,28400.0,7.0,7.8,6.8,7.2,6.3,6.6,7.2
"Sri Manakula Vinayagar Engineering College, Pondicherry",Puducherry,Engineering,44000.0,20450.0,7.5,8.1,6.6,7.9,7.8,8.1,6.5
"Rajiv Gandhi College of Engineering and Technology, Pondicherry",Puducherry,Engineering,44000.0,20450.0,6.8,7.1,6.0,7.0,6.9,6.9,6.6
"Christ College of Engineering and Technology, Pondicherry",Puducherry,Engineering,127600.00000000001,90000.0,7.0,8.2,5.8,7.9,6.4,6.5,7.1
Pondicherry University,Puducherry,Engineering,28839.800000000003,36301.0,7.8,8.0,7.3,8.0,8.1,6.9,8.4
Pondicherry University,Puducherry,Management,82189.8,23301.0,7.8,8.0,7.3,8.0,8.1,6.9,8.4
"Pondicherry University, Directorate of Distance Education",Puducherry,Management,27417.500000000004,9975.0,8.2,8.8,7.9,8.2,8.3,7.7,8.0
Jawaharlal Institute of Post Graduate Medical Education and Research,Puducherry,Science,4136.0,2760.0,8.8,9.5,7.8,9.0,8.9,9.1,8.7
Pondicherry University,Puducherry,Science,28839.800000000003,25901.0,7.8,8.0,7.3,8.0,8.1,6.9,8.4
Pondicherry Engineering College,Puducherry,Science,48730.00000000001,11350.0,7.8,8.5,6.9,8.1,7.5,8.0,7.7
Bharathidasan Government College for Women,Puducherry,Science,1496.0000000000002,1558.0,7.4,7.7,6.4,7.4,7.6,7.6,7.6
Sri Balaji Vidyapeeth University,Puducherry,Science,33000.0,25000.0,8.9,9.0,8.5,9.3,9.5,9.0,8.0
Tagore Art College,Puducherry,Science,2596.0,20270.0,6.1,6.7,5.4,7.0,6.0,5.7,6.0
"Mahatma Gandhi Medical College and Research Institute, Sri Balaji Vidyapeeth",Puducherry,Science,55000.00000000001,25000.0,8.5,8.6,8.1,9.0,8.6,8.0,8.7
"Sree Lakshmi Narayana Institute of Medical Sciences, Pondicherry",Puducherry,Science,82500.0,125000.0,8.0,8.3,8.1,8.3,8.1,7.7,7.6
Pondicherry University,Puducherry,Commerce,26089.800000000003,23301.0,7.8,8.0,7.3,8.0,8.1,6.9,8.4
Bharathidasan Government College for Women,Puducherry,Commerce,1826.0000000000002,1628.0,7.4,7.7,6.4,7.4,7.6,7.6,7.6
Tagore Art College,Puducherry,Commerce,4620.0,20250.0,6.1,6.7,5.4,7.0,6.0,5.7,6.0
"Pondicherry University, Directorate of Distance Education",Puducherry,Commerce,10972.5,11425.0,8.2,8.8,7.9,8.2,8.3,7.7,8.0
Pondicherry University,Puducherry,Arts,26291.100000000002,20718.0,7.8,8.0,7.3,8.0,8.1,6.9,8.4
Pandit Jawaharlal Nehru College of Agriculture & Research Institute,Puducherry,Agriculture,76307.0,70750.0,8.1,8.1,7.8,8.3,7.9,7.7,8.8
Jawaharlal Institute of Post Graduate Medical Education and Research,Puducherry,Medical,3036.0000000000005,7760.0,8.8,9.5,7.8,9.0,8.9,9.1,8.7
"Mahatma Gandhi Medical College and Research Institute, Sri Balaji Vidyapeeth",Puducherry,Medical,82500.0,75000.0,8.5,8.6,8.1,9.0,8.6,8.0,8.7
Pondicherry Institute of Medical Sciences,Puducherry,Medical,1760000.0000000002,3450000.0,8.0,8.0,7.0,8.5,7.8,8.0,8.5
Sri Manakula Vinayagar Medical College and Hospital,Puducherry,Medical,994400.0000000001,1620000.0,8.9,9.1,8.5,9.5,8.6,8.9,8.6
Sri Balaji Vidyapeeth University,Puducherry,Medical,82500.0,75000.0,8.9,9.0,8.5,9.3,9.5,9.0,8.0
"Sree Lakshmi Narayana Institute of Medical Sciences, Pondicherry",Puducherry,Medical,82500.0,2150000.0,8.0,8.3,8.1,8.3,8.1,7.7,7.6
"Sri Venkateshwaraa Medical College Hospital & Research Centre, Pondicherry",Puducherry,Medical,2200000.0,600000.0,7.1,7.6,6.4,7.7,6.5,6.8,7.3
Mother Teresa Post Graduate and Research Institute of Health Sciences,Puducherry,Medical,44000.0,65000.0,6.6,7.0,6.2,6.9,6.6,5.7,7.0
Vinayaka Missions Medical College and Hospital,Puducherry,Medical,2055405.0000000002,3350000.0,8.1,8.5,7.5,8.5,7.7,8.1,8.2
Mother Teresa Post Graduate and Research Institute of Health Sciences,Puducherry,Pharmacy,60500.00000000001,65000.0,6.6,7.0,6.2,6.9,6.6,5.7,7.0
Pondicherry University,Puducherry,Law,25631.100000000002,23659.0,7.8,8.0,7.3,8.0,8.1,6.9,8.4
National Institute of Technology,Tripura,Engineering,165110.0,89800.0,8.0,8.1,7.7,7.3,8.7,7.8,8.2
"ICFAI University, West Tripura",Tripura,Engineering,143000.0,111000.0,8.0,8.1,7.6,8.1,8.3,7.6,8.5
"Tripura Institute of Technology, Agartala",Tripura,Engineering,13398.000000000002,6751.0,7.6,7.8,6.5,8.2,8.3,6.8,8.1
"Tripura University, West Tripura",Tripura,Engineering,60830.00000000001,5200.0,7.5,8.0,7.1,8.4,7.6,6.0,8.0
"ICFAI University, West Tripura",Tripura,Management,165000.0,84000.0,8.0,8.1,7.6,8.1,8.3,7.6,8.5
National Institute of Technology,Tripura,Management,76780.0,28800.0,8.0,8.1,7.7,7.3,8.7,7.8,8.2
"Tripura University, West Tripura",Tripura,Management,65230.00000000001,59300.0,7.5,8.0,7.1,8.4,7.6,6.0,8.0
"ICFAI University, Directorate of Distance Education, Agartala",Tripura,Management,15400.000000000002,18500.0,7.9,8.3,7.5,8.0,7.5,8.5,7.8
National Institute of Technology,Tripura,Science,34980.0,23100.0,8.0,8.1,7.7,7.3,8.7,7.8,8.2
"ICFAI University, West Tripura",Tripura,Science,110000.00000000001,84000.0,8.0,8.1,7.6,8.1,8.3,7.6,8.5
Bhavan's Tripura College of Science and Technology,Tripura,Science,18700.0,55000.0,4.3,4.0,4.0,5.0,5.0,4.0,4.0
"Tripura University, West Tripura",Tripura,Science,54450.00000000001,9800.0,7.5,8.0,7.1,8.4,7.6,6.0,8.0
"ICFAI University, West Tripura",Tripura,Commerce,88000.0,82000.0,8.0,8.1,7.6,8.1,8.3,7.6,8.5
"Tripura University, West Tripura",Tripura,Commerce,9680.0,10500.0,7.5,8.0,7.1,8.4,7.6,6.0,8.0
"ICFAI University, West Tripura",Tripura,Arts,79200.0,111000.0,8.0,8.1,7.6,8.1,8.3,7.6,8.5
"Tripura University, West Tripura",Tripura,Arts,19030.0,17300.0,7.5,8.0,7.1,8.4,7.6,6.0,8.0
"ICFAI University, West Tripura",Tripura,Medical,110000.00000000001,111000.0,8.0,8.1,7.6,8.1,8.3,7.6,8.5
"Agartala Government Medical College, Agartala",Tripura,Medical,104500.00000000001,185000.0,7.7,8.1,6.6,7.9,7.5,8.4,7.6
"Tripura Medical College, West Tripura",Tripura,Medical,1255012.0,1013110.0,7.4,7.8,5.8,7.7,7.2,9.3,6.8
"ICFAI University, West Tripura",Tripura,Law,92400.00000000001,90000.0,8.0,8.1,7.6,8.1,8.3,7.6,8.5
Sikkim Manipal University,Sikkim,Engineering,286000.0,174000.0,7.4,7.9,6.5,8.2,7.6,6.8,7.4
National Institute of Technology,Sikkim,Engineering,153340.0,82900.0,7.5,8.1,7.2,8.0,6.5,7.8,7.6
Sikkim Manipal University,Sikkim,Management,302500.0,40000.0,7.4,7.9,6.5,8.2,7.6,6.8,7.4
"SRM University Sikkim, Gangtok",Sikkim,Management,143000.0,60000.0,8.1,7.7,7.1,8.5,8.3,8.3,8.4
Vinayaka Missions Sikkim University,Sikkim,Management,129800.00000000001,162000.0,7.8,7.8,7.8,8.0,7.8,7.5,7.8
"ICFAI University, Gangtok",Sikkim,Management,72600.0,162000.0,6.8,6.7,6.8,7.0,6.7,7.0,6.6
Sikkim Manipal Institute of Technology,Sikkim,Management,302500.0,128000.0,8.7,8.7,8.5,8.6,8.9,8.5,8.7
"Sikkim University, Gangtok",Sikkim,Management,21804.2,16102.0,8.4,9.0,8.3,8.9,7.4,8.1,8.5
Directorate of Distance Education Sikkim Manipal University,Sikkim,Management,35750.0,42500.0,8.2,8.8,7.7,7.9,8.7,8.1,8.2
Sikkim Manipal Institute of Medical Sciences,Sikkim,Science,134200.0,116000.0,7.1,7.6,6.2,7.8,6.9,7.5,6.8
"SRM University Sikkim, Gangtok",Sikkim,Science,47300.00000000001,100000.0,8.1,7.7,7.1,8.5,8.3,8.3,8.4
Sikkim Manipal University,Sikkim,Science,134200.0,100000.0,7.4,7.9,6.5,8.2,7.6,6.8,7.4
National Institute of Technology,Sikkim,Science,25520.000000000004,26900.0,7.5,8.1,7.2,8.0,6.5,7.8,7.6
Sikkim Manipal Institute of Technology,Sikkim,Science,110000.00000000001,98000.0,8.7,8.7,8.5,8.6,8.9,8.5,8.7
"Sikkim University, Gangtok",Sikkim,Science,8637.2,7282.0,8.4,9.0,8.3,8.9,7.4,8.1,8.5
Directorate of Distance Education Sikkim Manipal University,Sikkim,Science,35750.0,40000.0,8.2,8.8,7.7,7.9,8.7,8.1,8.2
"ICFAI University, Gangtok",Sikkim,Commerce,57200.00000000001,76000.0,6.8,6.7,6.8,7.0,6.7,7.0,6.6
"SRM University Sikkim, Gangtok",Sikkim,Commerce,49500.00000000001,55000.0,8.1,7.7,7.1,8.5,8.3,8.3,8.4
Sikkim Manipal University,Sikkim,Commerce,63470.00000000001,68400.0,7.4,7.9,6.5,8.2,7.6,6.8,7.4
Vinayaka Missions Sikkim University,Sikkim,Commerce,129800.00000000001,142000.0,7.8,7.8,7.8,8.0,7.8,7.5,7.8
"Sikkim University, Gangtok",Sikkim,Commerce,21804.2,7852.0,8.4,9.0,8.3,8.9,7.4,8.1,8.5
"ICFAI University, Gangtok",Sikkim,Arts,57200.00000000001,70000.0,6.8,6.7,6.8,7.0,6.7,7.0,6.6
"SRM University Sikkim, Gangtok",Sikkim,Arts,60500.00000000001,38000.0,8.1,7.7,7.1,8.5,8.3,8.3,8.4
Sikkim Manipal University,Sikkim,Arts,59400.00000000001,57700.0,7.4,7.9,6.5,8.2,7.6,6.8,7.4
Vinayaka Missions Sikkim University,Sikkim,Arts,129800.00000000001,142000.0,7.8,7.8,7.8,8.0,7.8,7.5,7.8
"Sikkim University, Gangtok",Sikkim,Arts,5753.000000000001,7282.0,8.4,9.0,8.3,8.9,7.4,8.1,8.5
"Institute of Hotel Management, Gangtok",Sikkim,Hotel-management,121000.00000000001,55000.0,7.7,8.0,7.0,8.0,8.0,8.0,7.0
"Sikkim University, Gangtok",Sikkim,Agriculture,7733.000000000001,16102.0,8.4,9.0,8.3,8.9,7.4,8.1,8.5
Sikkim Manipal Institute of Medical Sciences,Sikkim,Medical,1870000.0000000002,98000.0,7.1,7.6,6.2,7.8,6.9,7.5,6.8
Sikkim Manipal University,Sikkim,Medical,44000.0,50000.0,7.4,7.9,6.5,8.2,7.6,6.8,7.4
Sikkim Manipal College of Physiotherapy,Sikkim,Medical,165000.0,220000.0,8.5,9.0,8.0,9.0,8.0,9.0,8.0
"Sikkim University, Gangtok",Sikkim,Law,16788.2,16102.0,8.4,9.0,8.3,8.9,7.4,8.1,8.5
National Institute of Technology,Manipur,Engineering,162470.0,89400.0,7.9,7.9,7.1,8.2,7.4,8.4,8.2
Indian Institute of Information Technology,Manipur,Engineering,206739.50000000003,21795.0,6.8,7.1,6.7,7.6,6.3,6.6,6.2
Manipur Institute of Technology,Manipur,Engineering,76120.0,75900.0,7.0,7.0,6.5,7.3,7.0,7.0,7.0
Central Agricultural University,Manipur,Engineering,3278.0000000000005,5500.0,7.5,8.0,6.7,7.5,9.0,6.8,7.0
Manipur University,Manipur,Engineering,67375.0,61250.0,8.1,8.4,8.2,8.5,7.7,7.2,8.4
National Institute of Technology,Manipur,Science,19800.0,31000.0,7.9,7.9,7.1,8.2,7.4,8.4,8.2
Central Agricultural University,Manipur,Science,3278.0000000000005,2980.0,7.5,8.0,6.7,7.5,9.0,6.8,7.0
National Sports University,Manipur,Science,96910.00000000001,92800.0,5.7,6.0,1.0,7.2,6.0,6.7,7.5
Manipur University,Manipur,Commerce,37785.0,5375.0,8.1,8.4,8.2,8.5,7.7,7.2,8.4
Central Agricultural University,Manipur,Agriculture,3168.0000000000005,4650.0,7.5,8.0,6.7,7.5,9.0,6.8,7.0
"Regional Institute of Medical Sciences, Imphal",Manipur,Medical,19195.0,22150.0,7.0,8.3,5.5,7.6,6.8,7.4,6.4
National Institute of Technology,Mizoram,Engineering,150150.0,82500.0,5.4,6.3,4.5,6.4,3.9,6.5,5.0
Mizoram University,Mizoram,Engineering,43065.0,43000.0,8.0,8.7,7.0,8.8,8.0,7.6,7.9
"ICFAI University, Aizawl",Mizoram,Management,30800.000000000004,114450.0,7.0,7.1,6.9,7.2,6.9,6.8,6.8
Mizoram University,Mizoram,Management,37125.0,9850.0,8.0,8.7,7.0,8.8,8.0,7.6,7.9
"Pachhunga University College, Aizawl",Mizoram,Science,12870.000000000002,13470.0,8.3,9.3,8.0,8.8,9.0,6.1,8.5
Mizoram University,Mizoram,Science,11165.0,16020.0,8.0,8.7,7.0,8.8,8.0,7.6,7.9
"ICFAI University, Aizawl",Mizoram,Commerce,25740.000000000004,41000.0,7.0,7.1,6.9,7.2,6.9,6.8,6.8
Mizoram University,Mizoram,Commerce,17622.0,7120.0,8.0,8.7,7.0,8.8,8.0,7.6,7.9
"ICFAI University, Aizawl",Mizoram,Arts,25740.000000000004,41000.0,7.0,7.1,6.9,7.2,6.9,6.8,6.8
"Aizawl Theological College-[ATC], Aizawl",Mizoram,Arts,45760.00000000001,38700.0,8.5,9.0,8.5,9.0,8.5,8.0,8.0
"Pachhunga University College, Aizawl",Mizoram,Arts,10670.0,8010.0,8.3,9.3,8.0,8.8,9.0,6.1,8.5
Mizoram University,Mizoram,Arts,7942.000000000001,16020.0,8.0,8.7,7.0,8.8,8.0,7.6,7.9
Mizoram University,Mizoram,Agriculture,8723.0,12500.0,8.0,8.7,7.0,8.8,8.0,7.6,7.9
Jawaharlal Nehru Rajkeeya Mahavidyalaya,Andaman,Science,1032.9,1128.0,6.6,8.5,5.0,7.0,7.5,2.5,9.0
Jawaharlal Nehru Rajkeeya Mahavidyalaya,Andaman,Commerce,927.3000000000001,1008.0,6.6,8.5,5.0,7.0,7.5,2.5,9.0
Jawaharlal Nehru Rajkeeya Mahavidyalaya,Andaman,Arts,927.3000000000001,1008.0,6.6,8.5,5.0,7.0,7.5,2.5,9.0
Indian Institute of Technology Madras,Tamil nadu,Engineering,82627.6,23070.0,8.7,9.0,7.9,8.7,8.8,8.8,9.0
